timestamp,vx,vy,vz,vmag
0,-1.89886e-05,-1.95008e-05,-1.95469e-05,3.35101e-05
0.058,0.000560168,1.83468e-06,1.83576e-06,0.000560174
0.107,0.00153761,1.24652e-06,1.13746e-06,0.00153761
0.156,0.00285279,6.21311e-07,7.21636e-07,0.00285279
0.207,0.00525291,7.00903e-07,3.21604e-07,0.00525291
0.255,0.00690369,4.74559e-07,1.84616e-07,0.00690369
0.305,0.00931013,9.17951e-09,1.0409e-07,0.00931013
0.353,0.0111743,1.44294e-06,-1.67397e-07,0.0111743
0.405,0.0141378,-1.82296e-06,1.95345e-07,0.0141378
0.455,0.0165111,-2.20752e-06,1.96893e-07,0.0165111
0.508,0.0198928,-1.27161e-05,1.55306e-06,0.0198928
0.555,0.0214765,-4.75567e-06,4.67561e-07,0.0214765
0.603,0.0235123,5.3899e-07,-2.38268e-07,0.0235123
0.655,0.0264711,-2.386e-05,2.75672e-06,0.0264712
0.707,0.0296255,-8.79936e-05,1.07065e-05,0.0296256
0.757,0.0319479,-9.22788e-05,1.1104e-05,0.031948
0.805,0.0340719,-6.9748e-05,8.15159e-06,0.0340719
0.853,0.0360158,-4.07355e-05,4.4166e-06,0.0360159
0.908,0.0398987,-0.000101673,1.1384e-05,0.0398988
0.953,0.0410141,-3.91438e-05,3.82512e-06,0.0410142
1.008,0.0449045,-0.000120998,1.28793e-05,0.0449047
1.054,0.0462472,-5.63498e-05,5.25477e-06,0.0462473
1.106,0.0493529,-0.000104927,1.02344e-05,0.0493531
1.157,0.0519511,-0.000117942,1.10937e-05,0.0519513
1.203,0.0535157,-4.9909e-05,3.62671e-06,0.0535157
1.254,0.0562505,-7.1948e-05,5.52374e-06,0.0562506
1.308,0.0599264,-0.00019935,1.75386e-05,0.0599267
1.357,0.061961,-0.000158129,1.26909e-05,0.0619612
1.406,0.0643668,-0.000162354,1.24379e-05,0.064367
1.456,0.0667281,-0.000150376,1.05362e-05,0.0667282
1.505,0.069086,-0.000144629,9.33478e-06,0.0690862
1.557,0.0719695,-0.000204274,1.33096e-05,0.0719698
1.607,0.0746605,-0.000253413,1.62684e-05,0.074661
1.657,0.0769728,-0.00022951,1.31453e-05,0.0769732
1.705,0.0790897,-0.000180129,8.61143e-06,0.0790899
1.756,0.0817349,-0.000210885,9.64354e-06,0.0817352
1.805,0.0840884,-0.000199181,7.83807e-06,0.0840886
1.856,0.0862851,-0.000220077,8.08548e-06,0.0862854
1.905,0.0877652,-0.000195728,5.62381e-06,0.0877654
1.955,0.0887822,-0.000155368,2.74103e-06,0.0887823
2.007,0.0893981,-0.000306629,9.42748e-06,0.0893986
2.055,0.089571,-0.000135542,5.34099e-07,0.0895711
2.106,0.0897865,-0.000225014,3.74795e-06,0.0897868
2.158,0.0899182,-0.000288418,5.60689e-06,0.0899186
2.205,0.089922,-0.000148063,-4.09368e-07,0.0899221
2.254,0.0897356,-5.62298e-05,-3.60177e-06,0.0897356
2.305,0.0891772,-0.000129811,-1.52899e-06,0.0891773
2.355,0.0880566,-8.09518e-05,-2.78002e-06,0.0880566
2.405,0.0861169,-8.6518e-05,-2.72255e-06,0.086117
2.455,0.0840802,-4.63388e-05,-3.35211e-06,0.0840803
2.505,0.0817232,-5.49417e-05,-3.07301e-06,0.0817232
2.555,0.079446,-2.31922e-05,-3.28655e-06,0.079446
2.607,0.0764238,-0.00013847,-1.13737e-06,0.0764239
2.654,0.074794,2.94429e-05,-3.48015e-06,0.074794
2.708,0.0712239,-0.000158758,-6.39437e-07,0.0712241
2.757,0.0691762,-6.80501e-05,-1.56413e-06,0.0691762
2.805,0.0670437,-1.09987e-05,-2.06648e-06,0.0670437
2.856,0.0644136,-2.34075e-05,-1.63736e-06,0.0644136
2.905,0.0620538,-3.59081e-06,-1.65243e-06,0.0620538
2.956,0.0594192,-1.45902e-05,-1.31905e-06,0.0594192
3.004,0.0573277,3.15882e-05,-1.47975e-06,0.0573277
3.057,0.0541955,-2.83328e-05,-9.23943e-07,0.0541955
3.104,0.0523306,3.1657e-05,-1.12012e-06,0.0523306
3.158,0.0489697,-3.60842e-05,-6.66214e-07,0.0489697
3.207,0.0465195,-2.92584e-05,-6.30344e-07,0.0465195
3.256,0.0444237,4.24304e-06,-6.35385e-07,0.0444237
3.304,0.0423338,3.01967e-05,-6.32424e-07,0.0423339
3.359,0.0389698,-1.1467e-05,-4.41058e-07,0.0389698
3.408,0.0362482,-2.20652e-05,-3.77326e-07,0.0362482
3.455,0.0346522,3.25512e-05,-3.99492e-07,0.0346522
3.502,0.0328789,7.75184e-05,-4.01691e-07,0.0328789
3.558,0.0289694,4.17445e-05,-2.96094e-07,0.0289694
3.603,0.0276081,5.28207e-05,-2.86273e-07,0.0276081
3.656,0.0244265,5.96976e-06,-2.05912e-07,0.0244265
3.703,0.0226096,1.4643e-05,-1.91731e-07,0.0226096
3.753,0.0201098,9.15168e-06,-1.66131e-07,0.0201098
3.805,0.0170656,8.15774e-07,-1.35529e-07,0.0170656
3.855,0.0146545,5.6015e-07,-1.14074e-07,0.0146545
3.903,0.0126101,3.45166e-06,-9.76068e-08,0.0126101
3.956,0.00942685,-1.03408e-07,-7.1697e-08,0.00942685
4.005,0.00704791,1.22249e-06,-5.35439e-08,0.00704791
4.055,0.00467736,1.08968e-06,-3.55055e-08,0.00467736
timestamp,vx,vy,vz,vmag
0,4.31286e-06,-3.36409e-08,0,4.31299e-06
0.045,-0.000277929,1.86818e-07,-3.56404e-10,0.000277929
0.097,-0.00132032,7.9969e-08,-1.50768e-11,0.00132032
0.15,-0.00315433,-1.77946e-07,7.52731e-12,0.00315433
0.198,-0.00501983,3.54536e-07,-3.10418e-11,0.00501983
0.247,-0.00690377,2.60439e-07,-6.10623e-13,0.00690377
0.297,-0.00931008,-8.67505e-08,-3.63931e-11,0.00931008
0.346,-0.0113937,4.98124e-07,-3.69371e-11,0.0113937
0.396,-0.0138702,-3.87631e-07,-1.13787e-10,0.0138702
0.447,-0.0165102,-2.17624e-06,2.90923e-10,0.0165102
0.499,-0.0196174,-1.01647e-05,1.24439e-09,0.0196174
0.547,-0.0214746,-4.73145e-06,8.82527e-10,0.0214746
0.599,-0.0245986,-1.75829e-05,4.00108e-09,0.0245986
0.649,-0.0269159,-3.82817e-05,2.80591e-08,0.0269159
0.701,-0.0298614,-9.88997e-05,7.47064e-08,0.0298616
0.748,-0.0316828,-8.70343e-05,7.94764e-08,0.0316829
0.799,-0.0345871,-8.50954e-05,1.0167e-07,0.0345872
0.847,-0.0364538,-5.86298e-05,1.03244e-07,0.0364539
0.899,-0.0395851,-9.08904e-05,1.80882e-07,0.0395852
0.947,-0.0414523,-6.33373e-05,1.81768e-07,0.0414523
0.995,-0.0434972,-4.21937e-05,1.76931e-07,0.0434972
1.046,-0.0462237,-5.69653e-05,2.66188e-07,0.0462237
1.095,-0.0484959,-4.56961e-05,2.94189e-07,0.0484959
1.148,-0.0516751,-0.000101079,5.88799e-07,0.0516752
1.196,-0.0537649,-7.4829e-05,5.77882e-07,0.053765
1.25,-0.0571241,-0.000160759,1.18158e-06,0.0571244
1.301,-0.0598426,-0.000194771,1.54741e-06,0.0598429
1.351,-0.0621197,-0.000178161,1.76989e-06,0.06212
1.397,-0.0640285,-0.000129209,1.62224e-06,0.0640286
1.45,-0.0671128,-0.000212302,2.73194e-06,0.0671131
1.495,-0.068488,-6.47495e-05,1.55008e-06,0.068488
1.548,-0.0716579,-0.000170305,3.1047e-06,0.0716581
1.596,-0.0737516,-0.000116088,2.80385e-06,0.0737516
1.646,-0.0762065,-0.000109496,3.11035e-06,0.0762066
1.696,-0.0787465,-0.000127444,3.90365e-06,0.0787466
1.749,-0.0818642,-0.000256618,7.01644e-06,0.0818646
1.798,-0.0842644,-0.000258536,7.83941e-06,0.0842648
1.847,-0.0860256,-0.000169805,6.69783e-06,0.0860257
1.896,-0.0875277,-0.000129669,6.48026e-06,0.0875278
1.947,-0.0887145,-0.000154087,7.80447e-06,0.0887146
1.996,-0.0891865,-0.00010299,7.06037e-06,0.0891865
2.051,-0.0895584,-0.000280367,1.37995e-05,0.0895588
2.098,-0.0896892,-0.000222752,1.27849e-05,0.0896894
2.148,-0.0897998,-0.000176116,1.18472e-05,0.0898
2.196,-0.0898691,-7.6143e-05,8.38335e-06,0.0898691
2.25,-0.0895387,-0.000270878,1.7995e-05,0.0895391
2.297,-0.0891223,-0.00012662,1.18539e-05,0.0891224
2.348,-0.0878787,-0.000129468,1.23208e-05,0.0878788
2.395,-0.086556,4.38189e-05,3.0069e-06,0.086556
2.446,-0.0842703,3.92762e-06,5.00461e-06,0.0842703
2.498,-0.0814327,-0.000109729,1.24252e-05,0.0814328
2.549,-0.078981,-0.000106931,1.22405e-05,0.078981
2.597,-0.0769277,-3.14643e-05,7.19905e-06,0.0769277
2.647,-0.0745734,-6.90501e-06,5.02433e-06,0.0745734
2.696,-0.0722935,2.7202e-05,2.27612e-06,0.0722935
2.748,-0.0693862,-3.18581e-05,6.54026e-06,0.0693862
2.796,-0.0673249,3.05585e-05,1.2044e-06,0.0673249
2.846,-0.0648788,3.64233e-05,1.49159e-07,0.0648788
2.895,-0.0626202,6.59321e-05,-2.8359e-06,0.0626202
2.948,-0.0594147,-1.30218e-05,4.00427e-06,0.0594147
2.996,-0.0573424,3.24904e-05,-5.4808e-07,0.0573424
3.046,-0.0548896,3.57041e-05,-1.32172e-06,0.0548897
3.096,-0.0523449,3.22822e-05,-1.23496e-06,0.052345
3.148,-0.0494236,4.53415e-08,1.76427e-06,0.0494236
3.196,-0.0473463,3.15647e-05,-1.78924e-06,0.0473463
3.249,-0.0441936,-9.12701e-06,2.35864e-06,0.0441936
3.3,-0.041235,-3.34123e-05,5.0155e-06,0.041235
3.349,-0.0391967,-2.38367e-06,1.2737e-06,0.0391967
3.399,-0.0365168,-8.54292e-06,1.90514e-06,0.0365168
3.449,-0.0342053,1.86561e-05,-1.65655e-06,0.0342053
3.5,-0.0312637,3.99767e-05,-4.50862e-06,0.0312637
3.549,-0.029217,4.87142e-05,-5.65905e-06,0.0292171
3.595,-0.0276295,5.21174e-05,-6.16265e-06,0.0276296
3.647,-0.024659,1.17123e-05,-1.30228e-06,0.024659
3.696,-0.0223416,9.70734e-06,-1.07152e-06,0.0223416
3.751,-0.0189689,-5.79545e-06,8.92812e-07,0.0189689
3.798,-0.0167927,-1.91654e-06,3.72302e-07,0.0167927
3.845,-0.0151118,4.10083e-06,-4.51319e-07,0.0151118
3.898,-0.0117933,-7.87898e-07,1.69034e-07,0.0117933
3.95,-0.00897075,-1.5627e-06,2.49199e-07,0.00897075
3.996,-0.00732346,1.77069e-06,-2.04814e-07,0.00732346
4.047,-0.00467787,1.12014e-06,-1.28281e-07,0.00467787
timestamp,vx,vy,vz,vmag
0,-1.70129e-05,1.67853e-08,-2.19286e-09,1.70129e-05
0.028,-0.000274553,3.08604e-09,-4.31188e-10,0.000274553
0.076,-0.00103017,4.00594e-08,-5.47022e-09,0.00103017
0.127,-0.00231028,3.70017e-08,-5.00856e-09,0.00231028
0.178,-0.00465838,5.0699e-08,-6.99609e-09,0.00465838
0.226,-0.00622933,8.33731e-07,-1.13156e-07,0.00622933
0.28,-0.00971329,-2.2928e-06,3.11669e-07,0.00971329
0.329,-0.0114777,-7.73656e-07,1.05676e-07,0.0114777
0.375,-0.0131149,6.92893e-07,-9.64984e-08,0.0131149
0.428,-0.0161744,-2.05894e-06,2.79783e-07,0.0161744
0.476,-0.0183309,-2.61926e-06,3.59743e-07,0.0183309
0.528,-0.021136,-4.97622e-06,6.83764e-07,0.021136
0.575,-0.023014,1.89844e-07,-3.74442e-08,0.023014
0.625,-0.0255063,-4.63912e-06,6.84917e-07,0.0255063
0.678,-0.0288562,-7.28899e-05,1.07829e-05,0.0288563
0.729,-0.0312901,-8.80957e-05,1.30545e-05,0.0312903
0.781,-0.0344315,-9.65178e-05,1.45989e-05,0.0344317
0.825,-0.035484,-4.11478e-05,6.38009e-06,0.035484
0.875,-0.0379835,-4.05638e-05,6.54949e-06,0.0379835
0.926,-0.0406864,-4.7019e-05,7.69169e-06,0.0406864
0.976,-0.0432687,-5.93484e-05,9.96709e-06,0.0432688
1.027,-0.0458847,-6.35693e-05,1.0838e-05,0.0458847
1.076,-0.0482647,-6.69545e-05,1.18297e-05,0.0482648
1.127,-0.0508801,-7.28094e-05,1.30222e-05,0.0508801
1.177,-0.0535426,-0.00010253,1.86465e-05,0.0535427
1.226,-0.0556766,-6.52826e-05,1.25172e-05,0.0556767
1.275,-0.0579748,-5.40547e-05,1.11774e-05,0.0579748
1.328,-0.0610658,-0.000115468,2.24135e-05,0.0610659
1.375,-0.062972,-5.87959e-05,1.29648e-05,0.062972
1.425,-0.0654733,-5.61433e-05,1.26694e-05,0.0654733
1.478,-0.0687925,-0.000193378,3.98721e-05,0.0687928
1.526,-0.0706635,-8.94053e-05,2.02236e-05,0.0706636
1.576,-0.0732372,-0.000118042,2.71539e-05,0.0732373
1.625,-0.0754679,-6.49131e-05,1.671e-05,0.0754679
1.678,-0.0787662,-0.000242728,5.51639e-05,0.0787666
1.725,-0.0804652,-6.92192e-05,1.90472e-05,0.0804652
1.779,-0.0840159,-0.000332977,7.82179e-05,0.0840166
1.826,-0.0854473,-0.00010956,2.95628e-05,0.0854474
1.878,-0.0874873,-0.000271811,6.85418e-05,0.0874877
1.927,-0.0885323,-0.000138126,3.80908e-05,0.0885325
1.979,-0.0891088,-0.000322214,8.41328e-05,0.0891094
2.025,-0.0894338,-2.57683e-05,1.30089e-05,0.0894338
2.077,-0.0896222,-0.000162088,4.81857e-05,0.0896223
2.129,-0.0897473,-0.000197018,5.67965e-05,0.0897475
2.177,-0.0898185,-0.000152428,4.77366e-05,0.0898187
2.226,-0.0897866,-4.68478e-05,1.97239e-05,0.0897866
2.279,-0.0889955,-0.000277746,8.31423e-05,0.088996
2.327,-0.0883687,-6.91439e-05,2.60879e-05,0.0883687
2.38,-0.0856176,-0.000292154,8.95144e-05,0.0856181
2.428,-0.0843594,-7.71301e-05,2.85308e-05,0.0843594
2.476,-0.0824205,2.15968e-06,6.74026e-06,0.0824205
2.526,-0.0801819,2.4025e-05,-7.03753e-07,0.0801819
2.576,-0.0776859,1.72269e-05,1.41888e-06,0.0776859
2.628,-0.0749029,-3.43734e-05,1.56661e-05,0.0749029
2.679,-0.0718351,-0.000117977,4.166e-05,0.0718352
2.73,-0.0695183,-8.19404e-05,2.96326e-05,0.0695183
2.776,-0.0678142,2.84737e-05,-4.24449e-06,0.0678142
2.826,-0.0654139,3.70595e-05,-7.85777e-06,0.0654139
2.881,-0.0615842,-0.000104901,3.74215e-05,0.0615843
2.929,-0.0597704,-2.90568e-05,1.2349e-05,0.0597704
2.977,-0.0575219,8.34001e-07,2.77825e-06,0.0575219
3.027,-0.0552072,1.70791e-05,-3.20343e-06,0.0552072
3.077,-0.0525258,5.76126e-06,4.65523e-07,0.0525258
3.126,-0.0504224,3.4006e-05,-9.49868e-06,0.0504225
3.178,-0.0472242,-1.08204e-05,5.49514e-06,0.0472242
3.226,-0.0454219,3.21724e-05,-9.51929e-06,0.0454219
3.276,-0.0428324,2.91976e-05,-8.68544e-06,0.0428324
3.326,-0.040421,3.00651e-05,-9.3251e-06,0.040421
3.378,-0.0372309,2.05688e-06,2.66557e-07,0.0372309
3.428,-0.0350042,2.01612e-05,-6.40875e-06,0.0350042
3.481,-0.0316584,3.29387e-05,-1.12112e-05,0.0316584
3.528,-0.0300232,5.86305e-05,-2.03949e-05,0.0300233
3.578,-0.0272417,2.36129e-05,-8.05018e-06,0.0272417
3.626,-0.0254158,1.93546e-05,-6.71063e-06,0.0254158
3.677,-0.0225267,5.42421e-06,-1.75351e-06,0.0225267
3.729,-0.0197867,-2.96083e-06,1.22793e-06,0.0197867
3.776,-0.0178202,4.33868e-06,-1.42614e-06,0.0178202
3.828,-0.0149935,-1.16754e-06,5.21023e-07,0.0149935
3.876,-0.0128192,2.28851e-06,-7.54024e-07,0.0128192
3.929,-0.00978758,-1.18924e-06,4.84841e-07,0.00978758
3.978,-0.00723045,8.37711e-07,-2.67377e-07,0.00723045
4.028,-0.00491009,7.01278e-07,-2.29225e-07,0.00491009
timestamp,vx,vy,vz,vmag
0,-2.30073e-05,2.15516e-08,-7.75383e-09,2.30073e-05
0.027,5.48783e-05,5.02101e-09,-1.82794e-09,5.48783e-05
0.078,0.000971302,1.31113e-08,-4.83901e-09,0.000971302
0.127,0.00180786,1.12703e-07,-4.13323e-08,0.00180786
0.175,0.00335038,-6.09467e-08,2.22455e-08,0.00335038
0.226,0.00553629,8.01276e-07,-2.93669e-07,0.00553629
0.277,0.00819908,-1.10845e-06,4.05175e-07,0.00819908
0.326,0.0101448,8.25773e-07,-2.99742e-07,0.0101448
0.376,0.0126982,-2.21164e-06,8.06672e-07,0.0126982
0.429,0.0156385,-2.86624e-06,1.05809e-06,0.0156385
0.476,0.0176168,-4.98241e-06,1.81206e-06,0.0176168
0.527,0.0201715,-3.6192e-06,1.33872e-06,0.0201715
0.575,0.0223034,-4.17497e-06,1.51453e-06,0.0223034
0.627,0.0251583,-9.46499e-06,3.43784e-06,0.0251583
0.677,0.0278865,-5.3492e-05,1.89615e-05,0.0278866
0.728,0.0304035,-8.20914e-05,2.91675e-05,0.0304036
0.774,0.0320326,-6.13215e-05,2.16825e-05,0.0320326
0.827,0.0351756,-5.92689e-05,2.07998e-05,0.0351757
0.876,0.0376024,-6.36452e-05,2.19944e-05,0.0376025
0.929,0.0406145,-7.84699e-05,2.71057e-05,0.0406146
0.974,0.0420201,-3.95742e-05,1.32335e-05,0.0420201
1.024,0.0445192,-3.77655e-05,1.2512e-05,0.0445192
1.078,0.0482013,-0.000122618,4.09292e-05,0.0482015
1.126,0.0499647,-6.89004e-05,2.26351e-05,0.0499647
1.173,0.0517263,-2.22751e-05,6.48122e-06,0.0517263
1.224,0.054523,-4.54434e-05,1.40829e-05,0.054523
1.275,0.0573255,-8.0977e-05,2.51563e-05,0.0573256
1.326,0.0599756,-9.05223e-05,2.81926e-05,0.0599757
1.377,0.0629351,-0.000160377,4.9568e-05,0.0629353
1.426,0.0649816,-0.000102538,3.09541e-05,0.0649817
1.476,0.067641,-0.00014242,4.21889e-05,0.0676411
1.525,0.0697589,-8.73311e-05,2.48361e-05,0.069759
1.575,0.0723413,-0.000113421,3.15317e-05,0.0723414
1.629,0.0756877,-0.00022507,6.56287e-05,0.0756881
1.675,0.0773468,-0.00012531,3.32705e-05,0.0773469
1.727,0.0802346,-0.00017966,4.93392e-05,0.0802348
1.776,0.0826672,-0.000198145,5.20507e-05,0.0826675
1.829,0.085639,-0.000280358,7.58307e-05,0.0856395
1.873,0.0862423,-2.55761e-06,-4.97812e-06,0.0862423
1.926,0.0882886,-0.000149168,3.56445e-05,0.0882887
1.978,0.0892644,-0.000316642,7.79641e-05,0.089265
2.025,0.0893995,-7.97885e-05,1.47962e-05,0.0893996
2.077,0.0897673,-0.000233061,5.25016e-05,0.0897676
2.129,0.0899476,-0.000260613,6.03017e-05,0.089948
2.176,0.0899434,-0.000153481,2.99254e-05,0.0899436
2.225,0.089918,-5.68668e-05,6.58475e-06,0.089918
2.275,0.0895747,-6.75481e-05,7.78337e-06,0.0895747
2.326,0.0889361,-8.83188e-05,1.34591e-05,0.0889362
2.375,0.0874703,-3.3253e-05,-5.06125e-07,0.0874703
2.428,0.0851255,-0.000143769,2.56515e-05,0.0851256
2.476,0.0831029,-6.37538e-05,6.2676e-06,0.0831029
2.527,0.0807355,-6.86651e-05,8.4363e-06,0.0807355
2.575,0.0786428,1.31086e-05,-9.60718e-06,0.0786428
2.626,0.0760856,-1.12055e-05,-3.4714e-06,0.0760856
2.679,0.0727096,-0.00016697,2.74737e-05,0.0727098
2.725,0.0713414,3.16404e-05,-1.13333e-05,0.0713414
2.776,0.0685223,-1.42185e-05,-2.30533e-06,0.0685223
2.825,0.066364,3.3689e-05,-1.06282e-05,0.066364
2.876,0.0635319,-6.06359e-06,-3.02307e-06,0.0635319
2.924,0.0615759,5.93467e-05,-1.43426e-05,0.0615759
2.979,0.0577193,-9.04086e-05,1.2722e-05,0.0577193
3.026,0.0561705,1.2521e-05,-4.89607e-06,0.0561706
3.077,0.0532599,-1.95234e-05,7.16349e-07,0.0532599
3.126,0.0511709,1.51498e-05,-4.67145e-06,0.0511709
3.179,0.0477049,-5.25858e-05,6.67591e-06,0.047705
3.224,0.0465882,4.66338e-05,-9.29451e-06,0.0465882
3.277,0.0432546,-3.35521e-06,-9.73743e-07,0.0432546
3.326,0.041171,1.82975e-05,-4.09108e-06,0.041171
3.376,0.0385321,1.58491e-05,-3.55866e-06,0.0385321
3.424,0.0365928,3.88256e-05,-6.85012e-06,0.0365929
3.477,0.0332401,3.44937e-05,-5.7815e-06,0.0332402
3.527,0.0309393,6.17027e-05,-9.60363e-06,0.0309394
3.578,0.0279578,2.853e-05,-4.61085e-06,0.0279579
3.629,0.0255362,-2.88413e-06,2.35569e-07,0.0255362
3.678,0.0229711,-3.43114e-06,2.92795e-07,0.0229711
3.728,0.0207515,-4.08678e-06,4.10746e-07,0.0207515
3.778,0.0179715,-4.42703e-06,4.80135e-07,0.0179715
3.828,0.0157516,-4.24036e-06,4.92779e-07,0.0157516
3.874,0.0141083,4.06933e-06,-6.47467e-07,0.0141083
3.927,0.0109654,-9.12054e-07,6.99135e-08,0.0109654
3.976,0.00853949,1.22546e-06,-2.08651e-07,0.00853949
4.024,0.00653451,1.85126e-06,-2.84677e-07,0.00653451
timestamp,vx,vy,vz,vmag
0,2.3318e-05,2.27506e-08,-3.2315e-09,2.3318e-05
0.026,8.21299e-06,0.000204185,-1.52847e-09,0.00020435
0.079,-1.15325e-06,0.00137661,-5.30648e-08,0.00137661
0.128,-7.07601e-07,0.00242784,-1.0492e-08,0.00242784
0.177,-3.99933e-07,0.00440906,-8.13713e-08,0.00440906
0.228,-1.3684e-07,0.00658625,-4.09723e-07,0.00658625
0.279,-1.60626e-07,0.00943745,1.47768e-06,0.00943745
0.327,7.93596e-08,0.0110861,-3.73105e-07,0.0110861
0.378,-2.06059e-07,0.0139796,3.54922e-06,0.0139796
0.426,2.14263e-07,0.0157701,-5.26038e-07,0.0157701
0.479,-7.20669e-07,0.0192096,1.01405e-05,0.0192096
0.529,-3.23989e-07,0.0213437,6.25706e-06,0.0213437
0.576,-1.01613e-07,0.023308,4.15842e-06,0.023308
0.626,2.08476e-07,0.025714,1.26302e-06,0.025714
0.679,-2.05488e-06,0.0291844,2.55924e-05,0.0291844
0.729,-2.52247e-06,0.0313316,3.03577e-05,0.0313316
0.779,-9.20847e-06,0.0341951,9.95923e-05,0.0341952
0.828,-8.72604e-06,0.0361357,9.47402e-05,0.0361359
0.876,-6.88147e-06,0.0383083,7.53776e-05,0.0383084
0.924,-3.16658e-06,0.0403013,3.70226e-05,0.0403014
0.979,-9.64449e-06,0.0441953,0.000102073,0.0441954
1.03,-8.44824e-06,0.046547,8.94726e-05,0.0465471
1.074,-1.89051e-06,0.0477108,2.29236e-05,0.0477108
1.127,-6.14488e-06,0.0509249,6.49888e-05,0.0509249
1.179,-1.36081e-05,0.0542029,0.000136921,0.0542031
1.225,-3.96798e-06,0.055509,4.22419e-05,0.055509
1.279,-1.62748e-05,0.059208,0.000159165,0.0592082
1.328,-1.04013e-05,0.061139,0.000101915,0.0611391
1.38,-2.28045e-05,0.0645142,0.000216066,0.0645146
1.427,-9.8979e-06,0.0659321,9.39333e-05,0.0659322
1.481,-2.60929e-05,0.0695202,0.000239623,0.0695206
1.525,-5.93312e-06,0.0705127,5.42725e-05,0.0705127
1.579,-2.68093e-05,0.074227,0.000237668,0.0742274
1.626,-1.0121e-05,0.0757262,8.77989e-05,0.0757263
1.681,-3.58776e-05,0.079537,0.000306876,0.0795376
1.729,-2.33665e-05,0.081368,0.00019592,0.0813682
1.78,-4.3245e-05,0.0845491,0.000355565,0.0845498
1.826,-1.2785e-05,0.0855258,9.91358e-05,0.0855259
1.877,-2.39521e-05,0.0874844,0.000183484,0.0874846
1.931,-2.99264e-05,0.0889216,0.000229577,0.0889219
1.98,-4.7397e-05,0.0893943,0.000356075,0.089395
2.028,-2.08752e-05,0.0895675,0.000147941,0.0895676
2.078,-3.07706e-05,0.0897728,0.00021424,0.089773
2.129,-2.62805e-05,0.0898892,0.000179378,0.0898894
2.178,-3.13336e-05,0.0899525,0.000206732,0.0899528
2.23,-3.20564e-05,0.0897949,0.000211107,0.0897952
2.279,-3.98106e-05,0.0891963,0.000254537,0.0891967
2.328,-1.79546e-05,0.0883359,0.000104549,0.0883359
2.378,-2.52281e-05,0.086271,0.00014621,0.0862712
2.429,-1.94203e-05,0.0842549,0.000109445,0.084255
2.481,-3.62032e-05,0.0813811,0.000210408,0.0813814
2.528,-1.03903e-05,0.0797964,4.83145e-05,0.0797964
2.58,-3.31255e-05,0.0765767,0.000184052,0.0765769
2.627,-2.93881e-06,0.0751226,2.19583e-06,0.0751226
2.679,-2.14352e-05,0.0719207,0.000109631,0.0719208
2.728,-6.0505e-06,0.0699731,2.19636e-05,0.0699731
2.778,-1.14909e-05,0.067226,5.10381e-05,0.067226
2.828,-4.42973e-06,0.0649875,1.38063e-05,0.0649875
2.88,-2.10432e-05,0.0616609,0.000103601,0.061661
2.929,-6.65754e-06,0.0597907,2.73098e-05,0.0597907
2.98,-1.74181e-05,0.0566589,8.29118e-05,0.056659
3.029,-4.89082e-06,0.0547905,1.88152e-05,0.0547905
3.077,-5.0241e-07,0.0525209,-4.57132e-06,0.0525209
3.127,2.23993e-06,0.0501945,-1.66635e-05,0.0501945
3.179,-6.96248e-06,0.0469415,2.93438e-05,0.0469415
3.226,5.13066e-06,0.0453977,-2.91614e-05,0.0453977
3.277,1.5734e-06,0.0425199,-1.13338e-05,0.0425199
3.328,3.62288e-06,0.0399884,-1.924e-05,0.0399884
3.379,8.67318e-06,0.036925,-4.16726e-05,0.036925
3.425,1.899e-05,0.0355896,-8.96228e-05,0.0355897
3.479,2.4763e-06,0.0319321,-1.1836e-05,0.0319321
3.526,4.92838e-06,0.0303998,-2.21719e-05,0.0303998
3.579,-2.08963e-06,0.0269372,9.62788e-06,0.0269372
3.629,-1.271e-06,0.0247885,6.15007e-06,0.0247885
3.675,1.92991e-06,0.023109,-8.16e-06,0.023109
3.726,4.94011e-07,0.0204046,-1.67301e-06,0.0204046
3.778,-7.49732e-07,0.0172298,3.7339e-06,0.0172298
3.827,-9.52183e-08,0.0151993,9.02179e-07,0.0151993
3.879,-5.3673e-07,0.0119356,2.7062e-06,0.0119356
3.925,4.14914e-07,0.0106107,-1.42167e-06,0.0106107
3.978,1.69466e-07,0.00722891,-4.7381e-07,0.00722891
4.027,2.11698e-07,0.00512513,-7.33713e-07,0.00512513
timestamp,vx,vy,vz,vmag
0,4.61474e-09,2.29874e-05,-1.89738e-08,2.29875e-05
0.027,9.48996e-10,-0.00012025,-3.93133e-09,0.00012025
0.076,3.59796e-09,-0.000854758,-1.54257e-08,0.000854758
0.126,2.06373e-08,-0.0018852,-8.77406e-08,0.0018852
0.178,-2.8641e-08,-0.00425515,1.22298e-07,0.00425515
0.228,1.61369e-07,-0.00612255,-6.87154e-07,0.00612255
0.279,-4.00819e-07,-0.00898563,1.71526e-06,0.00898563
0.328,9.52942e-08,-0.010786,-4.15187e-07,0.010786
0.375,1.20847e-07,-0.0126276,-5.16363e-07,0.0126276
0.43,-6.30779e-07,-0.0160607,2.68272e-06,0.0160607
0.477,-1.19913e-06,-0.0181365,5.20951e-06,0.0181365
0.529,-1.12457e-06,-0.0208241,4.81349e-06,0.0208241
0.576,-1.01383e-06,-0.0228126,4.44694e-06,0.0228126
0.629,-2.04587e-06,-0.0258096,8.87065e-06,0.0258096
0.676,-1.5445e-06,-0.0278024,6.87638e-06,0.0278024
0.73,-5.8127e-06,-0.0310016,2.62991e-05,0.0310016
0.778,-1.68443e-05,-0.0333795,7.86343e-05,0.0333796
0.828,-2.01227e-05,-0.0355818,9.38277e-05,0.035582
0.88,-2.49752e-05,-0.0389667,0.000118705,0.0389669
0.927,-1.23429e-05,-0.0403884,5.97031e-05,0.0403884
0.977,-1.48956e-05,-0.0430803,7.42248e-05,0.0430803
1.025,-7.44566e-06,-0.044991,3.86396e-05,0.044991
1.076,-1.17821e-05,-0.047784,6.21612e-05,0.0477841
1.126,-9.46796e-06,-0.0501889,5.12385e-05,0.050189
1.179,-2.63211e-05,-0.0536619,0.000140418,0.0536621
1.229,-1.83632e-05,-0.0557805,0.000100196,0.0557805
1.276,-1.32284e-05,-0.0577802,7.72933e-05,0.0577803
1.33,-2.35309e-05,-0.0609738,0.000132643,0.0609739
1.377,-2.02307e-05,-0.0630687,0.000120479,0.0630689
1.427,-1.47538e-05,-0.0653806,9.08771e-05,0.0653806
1.48,-4.24262e-05,-0.0689335,0.000253631,0.068934
1.532,-2.52741e-05,-0.0709684,0.000156112,0.0709686
1.58,-4.61299e-05,-0.0739255,0.000287894,0.073926
1.63,-3.04203e-05,-0.0759593,0.000195226,0.0759596
1.675,-7.84828e-06,-0.0774844,6.61197e-05,0.0774844
1.728,-2.2401e-05,-0.0805668,0.00015612,0.080567
1.777,-2.58617e-05,-0.0830536,0.000187543,0.0830538
1.827,-1.75005e-05,-0.0852467,0.000133445,0.0852468
1.878,-3.36535e-05,-0.0872613,0.00025018,0.0872617
1.924,1.88495e-06,-0.0881079,1.09032e-05,0.0881079
1.979,-3.87902e-05,-0.0891247,0.000298005,0.0891252
2.026,-5.74701e-06,-0.0894085,6.54377e-05,0.0894085
2.08,-4.43856e-05,-0.0896487,0.000351375,0.0896494
2.128,-1.4766e-05,-0.0897888,0.000133395,0.0897889
2.178,-2.37722e-05,-0.0898461,0.000209351,0.0898464
2.226,-2.30446e-06,-0.089856,4.37595e-05,0.089856
2.275,4.52685e-06,-0.089511,-6.47087e-06,0.089511
2.326,-1.53283e-07,-0.088752,2.6525e-05,0.088752
2.378,-1.49747e-05,-0.0865838,0.000149246,0.0865839
2.428,-6.03458e-06,-0.0848341,7.19666e-05,0.0848341
2.481,-2.24918e-05,-0.0817269,0.000213651,0.0817271
2.529,-7.37765e-06,-0.0800722,8.19842e-05,0.0800722
2.575,9.78124e-06,-0.0784631,-6.33911e-05,0.0784632
2.632,-6.68799e-06,-0.0750198,7.43832e-05,0.0750198
2.677,-5.22683e-07,-0.0729585,2.26692e-05,0.0729585
2.725,8.22251e-06,-0.0710904,-5.88667e-05,0.0710905
2.777,1.67821e-07,-0.0679934,1.3152e-05,0.0679934
2.828,-2.20096e-07,-0.0654957,1.3441e-05,0.0654957
2.878,-2.87186e-06,-0.0627011,3.86794e-05,0.0627012
2.927,2.34552e-06,-0.060708,-1.28898e-05,0.060708
2.978,-1.94764e-06,-0.057707,2.7869e-05,0.057707
3.026,4.07648e-06,-0.0559148,-3.19503e-05,0.0559148
3.074,8.26772e-06,-0.0539231,-7.3761e-05,0.0539232
3.128,7.83562e-07,-0.0505076,-2.33424e-06,0.0505076
3.177,1.38015e-06,-0.0480143,-8.40132e-06,0.0480143
3.227,2.15438e-06,-0.0457116,-1.74311e-05,0.0457116
3.276,3.01511e-06,-0.0433165,-2.65381e-05,0.0433165
3.332,4.07443e-07,-0.0401053,-1.64815e-06,0.0401053
3.375,6.53144e-06,-0.038622,-6.46475e-05,0.0386221
3.428,6.96684e-06,-0.0355196,-7.02964e-05,0.0355196
3.476,5.91872e-06,-0.0333219,-5.96667e-05,0.033322
3.527,1.85473e-06,-0.0307112,-1.84917e-05,0.0307113
3.575,1.92223e-06,-0.0286135,-1.94479e-05,0.0286135
3.626,7.12042e-07,-0.0259101,-6.84611e-06,0.0259101
3.678,-3.90098e-07,-0.0227124,4.69487e-06,0.0227124
3.73,-8.53088e-07,-0.0201029,9.39962e-06,0.0201029
3.774,6.77951e-07,-0.0189101,-6.91043e-06,0.0189101
3.825,2.30415e-07,-0.0161103,-2.22172e-06,0.0161103
3.876,1.34494e-07,-0.0133113,-1.26865e-06,0.0133113
3.926,7.10045e-08,-0.010909,-6.33604e-07,0.010909
3.977,9.18747e-08,-0.0080123,-9.00168e-07,0.0080123
4.027,7.01492e-08,-0.00559589,-6.9076e-07,0.00559589
timestamp,vx,vy,vz,vmag
0,1.61039e-09,-2.09969e-05,-1.71227e-08,2.09969e-05
0.028,2.83118e-10,-0.000275095,-3.05322e-09,0.000275095
0.077,3.70793e-09,-0.00114514,-4.00226e-08,0.00114514
0.125,7.1452e-09,-0.00207604,-7.72087e-08,0.00207604
0.177,7.52226e-09,-0.00440867,-8.11235e-08,0.00440867
0.225,8.10542e-08,-0.00605053,-8.74782e-07,0.00605053
0.277,-4.38997e-08,-0.00888281,4.74777e-07,0.00888281
0.326,8.2944e-08,-0.0108902,-8.99633e-07,0.0108902
0.377,-2.01088e-07,-0.0136905,2.17877e-06,0.0136905
0.427,-5.87785e-08,-0.0159726,6.27255e-07,0.0159726
0.478,-6.90378e-07,-0.0189146,7.51467e-06,0.0189146
0.529,-5.74966e-07,-0.0213416,6.25142e-06,0.0213416
0.579,-1.55229e-06,-0.0241844,1.69979e-05,0.0241844
0.627,-4.08642e-07,-0.0259186,4.42676e-06,0.0259186
0.677,-1.1637e-06,-0.0285904,1.28248e-05,0.0285904
0.732,-2.93508e-06,-0.0315268,3.28443e-05,0.0315268
0.775,-3.72615e-06,-0.0329951,4.22184e-05,0.0329951
0.829,-8.94075e-06,-0.036309,0.000100875,0.0363091
0.879,-8.83011e-06,-0.0391612,0.00010049,0.0391614
0.927,-5.00925e-06,-0.0409038,5.76204e-05,0.0409038
0.976,-4.79337e-06,-0.0432862,5.5971e-05,0.0432862
1.028,-5.76516e-06,-0.0461085,6.76327e-05,0.0461086
1.079,-9.7272e-06,-0.0491601,0.000114724,0.0491602
1.128,-6.32531e-06,-0.0511079,7.57169e-05,0.0511079
1.179,-1.10852e-05,-0.0541583,0.000133093,0.0541585
1.225,-3.21172e-06,-0.0554954,4.05523e-05,0.0554955
1.278,-1.03405e-05,-0.0588662,0.000127035,0.0588663
1.327,-6.37012e-06,-0.0609028,8.00271e-05,0.0609029
1.379,-1.41619e-05,-0.0641551,0.000176494,0.0641553
1.427,-6.97685e-06,-0.0659026,8.96446e-05,0.0659026
1.479,-1.57789e-05,-0.069154,0.000200552,0.0691542
1.528,-9.5447e-06,-0.0711057,0.000124146,0.0711058
1.576,-7.38669e-06,-0.0732855,9.95844e-05,0.0732856
1.628,-1.03884e-05,-0.0761059,0.000138149,0.076106
1.679,-1.90799e-05,-0.0791532,0.000252704,0.0791536
1.727,-8.7773e-06,-0.0809037,0.000121079,0.0809037
1.776,-8.36646e-06,-0.0832872,0.000118778,0.0832873
1.827,-8.90865e-06,-0.0856671,0.000126205,0.0856672
1.876,-7.55977e-06,-0.0872588,0.000111495,0.0872589
1.927,-7.84133e-06,-0.0885975,0.000115174,0.0885976
1.977,-1.01656e-05,-0.0891742,0.00014983,0.0891743
2.027,-6.3314e-06,-0.0895038,9.72878e-05,0.0895039
2.076,-4.4827e-06,-0.0896904,7.4352e-05,0.0896904
2.128,-8.20661e-06,-0.0898355,0.000125289,0.0898356
2.177,-8.13945e-06,-0.0898982,0.000127237,0.0898983
2.231,-1.19867e-05,-0.089743,0.000180526,0.0897432
2.275,1.46099e-06,-0.0894143,-8.72799e-06,0.0894143
2.325,1.92217e-06,-0.0886026,-1.69508e-05,0.0886026
2.379,-1.21083e-05,-0.0860039,0.000187899,0.0860041
2.431,-7.72294e-06,-0.0840626,0.000122306,0.0840626
2.477,-2.59454e-06,-0.0821562,4.86552e-05,0.0821562
2.526,1.95742e-06,-0.0801786,-2.04208e-05,0.0801786
2.579,-7.48575e-06,-0.0768266,0.000121184,0.0768267
2.629,-3.28119e-06,-0.0747258,5.65219e-05,0.0747258
2.681,-8.10417e-06,-0.0716115,0.000130528,0.0716116
2.729,-2.46824e-06,-0.0697701,4.35132e-05,0.0697701
2.775,4.1523e-06,-0.0680982,-5.78371e-05,0.0680982
2.827,9.33175e-07,-0.0651949,-9.55209e-06,0.0651949
2.876,1.90977e-06,-0.0628157,-2.48701e-05,0.0628157
2.928,-1.42596e-07,-0.059995,6.01817e-06,0.059995
2.976,1.85695e-06,-0.0578185,-2.53813e-05,0.0578185
3.029,-8.77791e-07,-0.0547909,1.67153e-05,0.0547909
3.08,-3.48999e-06,-0.0516474,5.82103e-05,0.0516474
3.126,1.91685e-06,-0.0504066,-2.81521e-05,0.0504066
3.179,-1.51552e-06,-0.0469398,2.63952e-05,0.0469398
3.227,1.11877e-06,-0.0452009,-1.62154e-05,0.0452009
3.279,-9.6019e-07,-0.041939,1.70594e-05,0.041939
3.329,7.03241e-07,-0.0397888,-1.03186e-05,0.0397888
3.38,1.95413e-06,-0.0366406,-3.09811e-05,0.0366406
3.427,4.27793e-06,-0.0351956,-6.88045e-05,0.0351957
3.475,3.76541e-06,-0.033108,-6.06021e-05,0.033108
3.526,1.25353e-06,-0.030405,-2.01227e-05,0.0304051
3.578,-1.2764e-07,-0.0272308,2.42895e-06,0.0272308
3.628,-9.12299e-08,-0.0249948,1.76707e-06,0.0249948
3.677,-2.18534e-08,-0.0225245,6.04223e-07,0.0225245
3.729,-3.30678e-07,-0.0197891,5.59867e-06,0.0197891
3.777,-5.21876e-08,-0.0175245,9.99317e-07,0.0175245
3.827,-4.27742e-08,-0.0152005,8.04964e-07,0.0152005
3.878,-7.12396e-08,-0.0122305,1.25376e-06,0.0122305
3.927,9.53043e-10,-0.0102004,3.93013e-08,0.0102004
3.976,7.67309e-08,-0.00781824,-1.23043e-06,0.00781824
4.024,8.50678e-08,-0.005776,-1.37806e-06,0.005776
timestamp,vx,vy,vz,vmag
0,1.45377e-09,-3.20115e-05,-2.39331e-08,3.20115e-05
0.03,-7.11819e-11,0.00034285,1.14487e-09,0.00034285
0.075,1.54929e-09,0.000918067,-2.57997e-08,0.000918067
0.127,1.71911e-09,0.00231192,-2.85808e-08,0.00231192
0.18,-1.22566e-09,0.0051584,2.06779e-08,0.0051584
0.226,3.96787e-08,0.00622968,-6.59259e-07,0.00622968
0.278,-5.44171e-08,0.00916023,9.02532e-07,0.00916023
0.328,-8.28648e-09,0.0112822,1.37017e-07,0.0112822
0.38,-3.47376e-07,0.0145547,5.75788e-06,0.0145547
0.427,-3.44536e-08,0.0159727,5.75336e-07,0.0159727
0.475,2.37516e-08,0.0180401,-3.88154e-07,0.0180401
0.525,1.01841e-07,0.0205238,-1.66183e-06,0.0205238
0.577,-4.73127e-07,0.0235998,7.80698e-06,0.0235998
0.625,1.08704e-07,0.0255084,-1.74987e-06,0.0255084
0.679,-1.43369e-06,0.0291778,2.35549e-05,0.0291778
0.727,-1.02454e-06,0.0309131,1.66989e-05,0.0309131
0.778,-4.83454e-06,0.0338771,7.8523e-05,0.0338772
0.826,-4.53226e-06,0.035701,7.36091e-05,0.0357011
0.877,-4.78807e-06,0.0385828,7.74644e-05,0.0385829
0.928,-3.75562e-06,0.0411142,6.0407e-05,0.0411143
0.979,-5.85896e-06,0.0441704,9.38356e-05,0.0441705
1.027,-3.40724e-06,0.0459093,5.41452e-05,0.0459093
1.081,-7.65237e-06,0.0494638,0.000121488,0.0494639
1.125,-2.32251e-06,0.0504991,3.61265e-05,0.0504991
1.177,-5.34441e-06,0.0535852,8.34684e-05,0.0535852
1.23,-7.08089e-06,0.0565262,0.000110538,0.0565263
1.279,-9.43086e-06,0.0591718,0.000146399,0.059172
1.327,-5.01948e-06,0.0609112,7.67257e-05,0.0609112
1.375,-3.27164e-06,0.063001,4.84781e-05,0.063001
1.426,-4.44774e-06,0.0657068,6.64356e-05,0.0657069
1.478,-1.04917e-05,0.0688819,0.000158171,0.0688821
1.529,-9.60695e-06,0.0713249,0.000143833,0.0713251
1.578,-1.20455e-05,0.0738842,0.000178823,0.0738844
1.627,-7.43928e-06,0.0759156,0.000108276,0.0759156
1.675,-4.46624e-06,0.0780048,6.16404e-05,0.0780049
1.729,-1.25306e-05,0.0813302,0.000181437,0.0813304
1.777,-1.20822e-05,0.0835962,0.000171652,0.0835963
1.829,-1.36888e-05,0.0860273,0.000194385,0.0860275
1.878,-1.62731e-05,0.0876333,0.000228201,0.0876336
1.927,-8.65338e-06,0.0886114,0.000117122,0.0886115
1.982,-2.21344e-05,0.0893315,0.000306779,0.089332
2.03,-1.57605e-05,0.0896029,0.000214893,0.0896032
2.076,-6.40694e-06,0.0896996,7.90608e-05,0.0896996
2.128,-1.00277e-05,0.0898503,0.000129793,0.0898504
2.177,-1.0519e-05,0.0899131,0.000133082,0.0899132
2.227,-6.80291e-06,0.0898077,8.22796e-05,0.0898078
2.277,-9.68271e-06,0.0892862,0.000118408,0.0892863
2.327,-5.48306e-06,0.0884151,6.25312e-05,0.0884151
2.378,-1.14632e-05,0.0862528,0.000139603,0.086253
2.425,1.90453e-06,0.0849121,-3.63727e-05,0.0849121
2.477,-5.12921e-06,0.082158,5.47247e-05,0.082158
2.527,-1.9893e-06,0.0799824,1.53249e-05,0.0799824
2.578,-7.34045e-06,0.0771175,8.27319e-05,0.0771175
2.629,-5.60055e-06,0.0747279,6.1993e-05,0.074728
2.681,-1.18763e-05,0.0716213,0.000139403,0.0716214
2.728,-2.46885e-06,0.0699721,2.26102e-05,0.0699721
2.776,1.05302e-06,0.0677991,-2.16433e-05,0.0677991
2.829,-3.58037e-06,0.0647844,3.70244e-05,0.0647844
2.877,-1.1986e-06,0.0625192,7.26283e-06,0.0625192
2.926,1.98742e-06,0.0603981,-3.00693e-05,0.0603981
2.976,1.58204e-06,0.0578118,-2.49538e-05,0.0578118
3.03,-3.37615e-06,0.0545849,3.55083e-05,0.0545849
3.079,-3.89627e-06,0.0519398,4.10279e-05,0.0519398
3.131,-2.16072e-06,0.0495833,2.16535e-05,0.0495833
3.179,-2.84786e-06,0.0469383,2.925e-05,0.0469383
3.227,1.15855e-06,0.0451956,-1.64539e-05,0.0451956
3.276,1.92141e-06,0.0428122,-2.49939e-05,0.0428122
3.329,7.56166e-07,0.0397842,-1.05361e-05,0.0397842
3.379,3.43227e-06,0.0369273,-4.02586e-05,0.0369274
3.424,8.18148e-06,0.0358009,-9.37601e-05,0.0358011
3.477,3.2914e-06,0.0325154,-3.81547e-05,0.0325155
3.527,1.24695e-06,0.0301951,-1.45081e-05,0.0301951
3.58,-1.53478e-06,0.0266418,1.6364e-05,0.0266418
3.625,8.64794e-07,0.0256076,-1.00977e-05,0.0256076
3.677,-1.10789e-07,0.0225213,7.6637e-07,0.0225213
3.726,1.14938e-07,0.020403,-1.58668e-06,0.020403
3.776,1.04933e-07,0.0178149,-1.40579e-06,0.0178149
3.83,-5.10861e-07,0.0145802,5.41487e-06,0.0145802
3.875,2.08117e-07,0.0131088,-2.41032e-06,0.0131088
3.926,5.1188e-08,0.0104031,-6.61555e-07,0.0104031
3.976,1.14418e-07,0.00781494,-1.31763e-06,0.00781494
4.026,8.46791e-08,0.00533984,-9.74425e-07,0.00533984
timestamp,vx,vy,vz,vmag
0,2.35856e-09,3.19887e-05,-2.58798e-08,3.19887e-05
0.027,-7.45668e-08,7.84391e-06,0.0002382,0.000238329
0.079,4.72625e-07,-1.71057e-06,0.00137663,0.00137663
0.125,2.67286e-07,-1.17309e-06,0.00207683,0.00207683
0.178,1.58342e-07,-5.26798e-07,0.00465868,0.00465868
0.226,1.1724e-07,5.51732e-07,0.00622931,0.00622931
0.278,-1.32732e-08,-1.2582e-06,0.00915999,0.00915999
0.326,5.229e-08,1.14245e-06,0.0108903,0.0108903
0.379,-2.68492e-07,-5.78253e-06,0.0142665,0.0142665
0.426,-3.15607e-09,8.65883e-07,0.0157703,0.0157703
0.476,-1.57517e-07,-2.42254e-06,0.0183317,0.0183317
0.528,-2.74166e-07,-4.80904e-06,0.0211374,0.0211374
0.579,-9.44637e-07,-2.01977e-05,0.0241851,0.0241851
0.628,-9.48509e-07,-2.00074e-05,0.0261229,0.0261229
0.676,-2.25431e-06,-5.0218e-05,0.0282938,0.0282938
0.728,-3.72908e-06,-8.42933e-05,0.0311124,0.0311125
0.778,-3.78149e-06,-8.53302e-05,0.0338758,0.0338759
0.829,-3.05734e-06,-6.82115e-05,0.036319,0.036319
0.876,-2.49937e-06,-5.50399e-05,0.0382903,0.0382904
0.925,-1.78145e-06,-3.77094e-05,0.0404978,0.0404978
0.976,-2.58673e-06,-5.99422e-05,0.0432903,0.0432903
1.026,-2.38473e-06,-5.16818e-05,0.0457031,0.0457032
1.076,-3.05836e-06,-6.71883e-05,0.0482905,0.0482906
1.125,-2.01151e-06,-4.25591e-05,0.0504986,0.0504986
1.177,-4.61297e-06,-0.000102953,0.0535834,0.0535835
1.227,-3.75945e-06,-8.28256e-05,0.0559091,0.0559092
1.276,-3.86673e-06,-8.51455e-05,0.058292,0.058292
1.327,-4.23038e-06,-9.33584e-05,0.0609102,0.0609102
1.378,-7.54075e-06,-0.000170259,0.0638782,0.0638784
1.427,-4.72071e-06,-0.000104343,0.0659116,0.0659117
1.477,-6.62353e-06,-0.00014847,0.0685878,0.0685879
1.525,-2.73594e-06,-5.76971e-05,0.0705031,0.0705031
1.578,-9.49118e-06,-0.000214808,0.0738837,0.073884
1.626,-4.33065e-06,-9.43959e-05,0.0757106,0.0757107
1.679,-1.29498e-05,-0.000294906,0.0791819,0.0791825
1.728,-7.88771e-06,-0.000176786,0.0811257,0.0811259
1.776,-6.15453e-06,-0.000136252,0.0833041,0.0833042
1.828,-8.2853e-06,-0.000185611,0.085858,0.0858582
1.88,-1.7223e-05,-0.00040102,0.0879999,0.0880008
1.925,-2.24389e-06,-4.46394e-05,0.0884351,0.0884351
1.979,-1.37397e-05,-0.000312232,0.0892936,0.0892942
2.027,-5.05317e-06,-0.000109935,0.0895215,0.0895216
2.075,-8.36608e-07,-1.17333e-05,0.0896846,0.0896846
2.125,-5.95154e-07,-6.0966e-06,0.0898188,0.0898188
2.178,-9.59255e-06,-0.000215583,0.0899342,0.0899345
2.229,-7.88534e-06,-0.000175827,0.0897895,0.0897897
2.278,-8.74631e-06,-0.000195889,0.0892368,0.089237
2.328,-4.8704e-06,-0.000105701,0.0883341,0.0883342
2.38,-1.19997e-05,-0.000279401,0.0858115,0.0858119
2.427,-1.643e-06,-3.08398e-05,0.0845857,0.0845857
2.475,2.41235e-06,6.34371e-05,0.082698,0.082698
2.528,-2.29773e-06,-4.64678e-05,0.0798023,0.0798023
2.577,-1.71656e-06,-3.31032e-05,0.0774088,0.0774089
2.629,-2.99057e-06,-6.30148e-05,0.074739,0.074739
2.679,-5.06729e-06,-0.000111543,0.0719241,0.0719241
2.728,-1.12096e-06,-1.99094e-05,0.0699801,0.0699801
2.779,-4.1332e-06,-9.02229e-05,0.0669467,0.0669468
2.825,2.39121e-06,6.14376e-05,0.0655962,0.0655963
2.88,-4.55772e-06,-0.000106122,0.0616655,0.0616656
2.929,-1.36933e-06,-2.65542e-05,0.059796,0.059796
2.979,-2.61976e-06,-5.58471e-05,0.0569516,0.0569516
3.025,2.04846e-06,5.25933e-05,0.0556031,0.0556031
3.08,-2.83003e-06,-6.58942e-05,0.0516607,0.0516607
3.129,-6.52556e-07,-1.07292e-05,0.0497933,0.0497933
3.176,1.08526e-06,2.95559e-05,0.0478133,0.0478133
3.229,-3.67817e-07,-4.53169e-06,0.0447912,0.0447912
3.279,-9.72736e-07,-1.87946e-05,0.0419427,0.0419427
3.326,1.10593e-06,2.93506e-05,0.0403997,0.0403997
3.381,-8.8654e-07,-2.00085e-05,0.0366485,0.0366485
3.429,5.67828e-07,1.32846e-05,0.034785,0.034785
3.477,1.95707e-06,4.85581e-05,0.0325107,0.0325107
3.529,2.07463e-06,5.10411e-05,0.0297736,0.0297736
3.577,1.32923e-06,3.35071e-05,0.0275143,0.0275143
3.626,7.15613e-07,1.89656e-05,0.0254002,0.0254002
3.679,-2.74041e-07,-4.25553e-06,0.0219368,0.0219368
3.727,6.06988e-08,3.2843e-06,0.0201985,0.0201985
3.777,-6.59047e-09,1.53946e-06,0.0175229,0.0175229
3.83,-1.84674e-07,-4.29993e-06,0.0145827,0.0145827
3.878,-7.29762e-08,-4.38545e-07,0.0122293,0.0122293
3.929,-8.62358e-08,-1.00148e-06,0.00978761,0.00978761
3.976,4.43211e-08,1.86032e-06,0.0078166,0.0078166
4.029,-5.63821e-09,4.42874e-07,0.00469219,0.00469219
timestamp,vx,vy,vz,vmag
0,1.24561e-09,2.90026e-08,3.19969e-05,3.19969e-05
0.03,-6.3291e-11,-1.47374e-09,-0.000342849,0.000342849
0.077,1.77886e-09,4.12034e-08,-0.00114816,0.00114816
0.128,4.3287e-10,9.95874e-09,-0.00242886,0.00242886
0.177,3.66497e-09,8.52617e-08,-0.00440974,0.00440974
0.228,1.85996e-08,4.33035e-07,-0.00658681,0.00658681
0.277,-2.15702e-08,-5.02255e-07,-0.0088831,0.0088831
0.328,-6.77599e-09,-1.57771e-07,-0.0112822,0.0112822
0.379,-2.2297e-07,-5.1916e-06,-0.0142656,0.0142656
0.426,2.37215e-08,5.52343e-07,-0.0157704,0.0157704
0.476,-1.02035e-07,-2.37574e-06,-0.0183312,0.0183312
0.528,-1.93837e-07,-4.51325e-06,-0.0211365,0.0211365
0.577,-3.85228e-07,-8.96957e-06,-0.0235979,0.0235979
0.626,-5.80574e-08,-1.35176e-06,-0.0257134,0.0257134
0.677,-5.85173e-07,-1.36251e-05,-0.0285884,0.0285884
0.728,-1.10053e-06,-2.56246e-05,-0.0311131,0.0311131
0.777,-3.22804e-06,-7.51613e-05,-0.0335687,0.0335688
0.827,-3.96312e-06,-9.22768e-05,-0.0358874,0.0358875
0.877,-3.82052e-06,-8.89565e-05,-0.0385648,0.0385649
0.93,-3.62211e-06,-8.43368e-05,-0.0415085,0.0415086
0.976,-2.59088e-06,-6.03256e-05,-0.0432796,0.0432796
1.028,-3.13578e-06,-7.3013e-05,-0.0461007,0.0461008
1.08,-6.17748e-06,-0.000143836,-0.0494363,0.0494365
1.127,-2.95096e-06,-6.87098e-05,-0.0508973,0.0508974
1.18,-7.25705e-06,-0.000168972,-0.054433,0.0544333
1.225,-1.92246e-06,-4.47622e-05,-0.0554925,0.0554925
1.279,-7.23051e-06,-0.000168354,-0.0591424,0.0591426
1.328,-4.6382e-06,-0.000107995,-0.0610984,0.0610985
1.375,-2.40079e-06,-5.58995e-05,-0.0629928,0.0629929
1.427,-4.28667e-06,-9.98101e-05,-0.0658968,0.0658968
1.48,-1.1287e-05,-0.000262805,-0.069426,0.0694265
1.53,-8.27731e-06,-0.000192728,-0.0715007,0.0715009
1.578,-8.86313e-06,-0.000206368,-0.0738534,0.0738537
1.625,-2.70669e-06,-6.30222e-05,-0.0754966,0.0754967
1.677,-7.677e-06,-0.00017875,-0.0785687,0.078569
1.73,-1.05383e-05,-0.000245373,-0.0815026,0.0815029
1.776,-5.93592e-06,-0.000138211,-0.0832851,0.0832852
1.825,-2.93694e-06,-6.83832e-05,-0.0853311,0.0853311
1.88,-1.70848e-05,-0.000397801,-0.0879435,0.0879444
1.926,-4.06368e-06,-9.46182e-05,-0.0885132,0.0885132
1.976,-4.69031e-06,-0.000109209,-0.0891364,0.0891364
2.03,-1.07726e-05,-0.000250828,-0.0895759,0.0895763
2.076,-4.01598e-06,-9.35074e-05,-0.0896939,0.0896939
2.126,-2.66297e-06,-6.20041e-05,-0.089824,0.0898241
2.175,-5.6538e-07,-1.31641e-05,-0.089898,0.089898
2.229,-8.106e-06,-0.000188739,-0.0897633,0.0897635
2.276,-2.97216e-06,-6.92033e-05,-0.089348,0.089348
2.327,-3.22775e-06,-7.51543e-05,-0.0884129,0.0884129
2.378,-7.12332e-06,-0.000165858,-0.0862423,0.0862425
2.428,-3.59676e-06,-8.37463e-05,-0.0844064,0.0844064
2.478,-5.4889e-06,-0.000127803,-0.081884,0.0818841
2.527,-8.5969e-07,-2.00168e-05,-0.0799855,0.0799855
2.576,4.50283e-07,1.04845e-05,-0.0776864,0.0776864
2.624,4.11298e-06,9.57661e-05,-0.0757322,0.0757323
2.678,-3.37438e-06,-7.85686e-05,-0.0721937,0.0721937
2.726,1.37891e-06,3.21065e-05,-0.070381,0.0703811
2.78,-6.3321e-06,-0.000147436,-0.0666371,0.0666373
2.827,3.25544e-07,7.58002e-06,-0.0651933,0.0651933
2.879,-3.61843e-06,-8.42509e-05,-0.0619371,0.0619372
2.925,2.46191e-06,5.73229e-05,-0.0606075,0.0606075
2.976,1.22603e-06,2.85469e-05,-0.0578159,0.0578159
3.027,6.43613e-07,1.49859e-05,-0.0551988,0.0551988
3.075,2.40047e-06,5.58922e-05,-0.0531083,0.0531083
3.127,7.47331e-07,1.74008e-05,-0.0501984,0.0501984
3.176,1.27773e-06,2.97506e-05,-0.0478153,0.0478153
3.227,8.2053e-07,1.91052e-05,-0.0451977,0.0451977
3.278,-2.51394e-07,-5.85335e-06,-0.0422293,0.0422293
3.327,8.64323e-07,2.01248e-05,-0.040197,0.040197
3.377,6.3199e-07,1.47152e-05,-0.0375212,0.0375212
3.427,1.21072e-06,2.81903e-05,-0.0351957,0.0351957
3.476,2.59822e-06,6.04967e-05,-0.0328104,0.0328104
3.53,2.17391e-06,5.0617e-05,-0.029575,0.0295751
3.578,1.08083e-06,2.51659e-05,-0.0272252,0.0272252
3.628,3.63546e-07,8.4648e-06,-0.0249907,0.0249907
3.678,2.21249e-09,5.15553e-08,-0.0222273,0.0222273
3.724,5.5976e-07,1.30334e-05,-0.020814,0.020814
3.778,-8.66929e-08,-2.01852e-06,-0.0172274,0.0172274
3.827,1.90371e-08,4.43286e-07,-0.0151972,0.0151972
3.879,-1.0557e-07,-2.45805e-06,-0.0119334,0.0119334
3.928,-2.0185e-08,-4.69983e-07,-0.00999132,0.00999132
3.975,1.05791e-07,2.46323e-06,-0.00810893,0.00810893
4.027,4.52221e-08,1.05296e-06,-0.00512339,0.00512339
timestamp,vx,vy,vz,vmag
0,6.98686e-10,1.62684e-08,-1.84735e-05,1.84735e-05
0.047,2.14459e-10,4.99359e-09,-0.000339568,0.000339568
0.1,4.37402e-09,1.01844e-07,-0.00153446,0.00153446
0.151,-7.80796e-09,-1.81799e-07,-0.00315265,0.00315265
0.197,1.72251e-08,4.01066e-07,-0.00455212,0.00455212
0.248,1.14395e-08,2.66355e-07,-0.00690302,0.00690302
0.297,1.88704e-08,4.39376e-07,-0.00905261,0.00905261
0.35,-1.0101e-07,-2.3519e-06,-0.01205,0.01205
0.398,-7.99563e-08,-1.86169e-06,-0.0141371,0.0141371
0.448,-9.56391e-08,-2.22685e-06,-0.0165104,0.0165104
0.497,-8.16389e-08,-1.90087e-06,-0.0188065,0.0188065
0.549,-3.47924e-07,-8.10103e-06,-0.0217023,0.0217023
0.598,-3.73992e-07,-8.70798e-06,-0.0240567,0.0240567
0.651,-2.01098e-06,-4.68234e-05,-0.0271502,0.0271502
0.697,-2.48354e-06,-5.78265e-05,-0.0287836,0.0287837
0.751,-4.4776e-06,-0.000104256,-0.0321541,0.0321543
0.797,-2.84073e-06,-6.61433e-05,-0.0337824,0.0337825
0.85,-3.39203e-06,-7.89797e-05,-0.0369227,0.0369228
0.896,-1.82772e-06,-4.25565e-05,-0.0385068,0.0385068
0.951,-4.44018e-06,-0.000103385,-0.0421542,0.0421543
0.996,-1.91593e-06,-4.46103e-05,-0.0435073,0.0435073
1.047,-2.59092e-06,-6.03267e-05,-0.0462376,0.0462377
1.099,-4.82939e-06,-0.000112447,-0.0493346,0.0493347
1.151,-6.2745e-06,-0.000146095,-0.0521627,0.0521629
1.198,-4.56057e-06,-0.000106188,-0.0540627,0.0540628
1.248,-4.36676e-06,-0.000101675,-0.0564738,0.0564739
1.297,-3.92434e-06,-9.13739e-05,-0.0587895,0.0587895
1.348,-5.00172e-06,-0.000116459,-0.0614778,0.0614779
1.399,-7.62035e-06,-0.000177431,-0.0643502,0.0643505
1.451,-9.91041e-06,-0.000230753,-0.0671833,0.0671837
1.499,-8.71822e-06,-0.000202994,-0.0693573,0.0693576
1.549,-8.06227e-06,-0.000187721,-0.0717226,0.0717229
1.6,-1.20576e-05,-0.000280747,-0.0746473,0.0746478
1.65,-1.09901e-05,-0.000255892,-0.0769667,0.0769672
1.696,-3.71053e-06,-8.63956e-05,-0.0785231,0.0785231
1.747,-5.87405e-06,-0.000136771,-0.0812623,0.0812624
1.797,-6.8629e-06,-0.000159795,-0.0838113,0.0838115
1.85,-1.31478e-05,-0.000306131,-0.0864826,0.0864832
1.899,-1.27635e-05,-0.000297185,-0.0879632,0.0879637
1.949,-1.02712e-05,-0.000239153,-0.0888945,0.0888948
2.001,-1.84039e-05,-0.000428515,-0.0894844,0.0894854
2.048,-6.8569e-06,-0.000159655,-0.0895992,0.0895994
2.097,-4.57366e-06,-0.000106492,-0.0897544,0.0897545
2.151,-1.44554e-05,-0.000336578,-0.0899639,0.0899645
2.196,-7.53366e-07,-1.75413e-05,-0.0899096,0.0899096
2.248,-5.75235e-06,-0.000133937,-0.0897527,0.0897528
2.298,-6.73544e-06,-0.000156827,-0.0892196,0.0892198
2.347,-1.72869e-06,-4.02505e-05,-0.0882086,0.0882086
2.399,-7.81176e-06,-0.000181888,-0.0859566,0.0859568
2.448,-2.57437e-06,-5.99413e-05,-0.084113,0.084113
2.497,-7.99654e-08,-1.8619e-06,-0.0819916,0.0819916
2.546,2.9998e-06,6.98469e-05,-0.0798765,0.0798765
2.6,-7.25447e-06,-0.000168912,-0.0764751,0.0764753
2.647,1.31472e-06,3.06117e-05,-0.0748076,0.0748076
2.695,5.7976e-06,0.000134991,-0.0728008,0.072801
2.746,3.30172e-06,7.68768e-05,-0.0700665,0.0700666
2.798,-7.16892e-07,-1.6692e-05,-0.067063,0.067063
2.85,-2.85406e-06,-6.64535e-05,-0.0642183,0.0642183
2.899,-2.09216e-06,-4.87135e-05,-0.0618097,0.0618097
2.948,4.429e-07,1.03124e-05,-0.0596535,0.0596535
2.998,2.72326e-08,6.34081e-07,-0.0570686,0.0570686
3.051,-2.6622e-06,-6.19864e-05,-0.053995,0.0539951
3.101,-3.54679e-06,-8.25831e-05,-0.0512798,0.0512799
3.15,-1.02542e-06,-2.38757e-05,-0.0492105,0.0492105
3.198,5.27185e-07,1.22749e-05,-0.0470651,0.0470651
3.247,1.67649e-06,3.90351e-05,-0.0448727,0.0448727
3.296,2.40163e-06,5.59192e-05,-0.0425946,0.0425946
3.348,1.00656e-06,2.34365e-05,-0.0396498,0.0396498
3.399,1.52944e-07,3.56114e-06,-0.0367953,0.0367953
3.449,5.81238e-07,1.35335e-05,-0.0344251,0.0344251
3.499,3.91118e-07,9.10674e-06,-0.0317932,0.0317932
3.548,1.49368e-06,3.47786e-05,-0.0296453,0.0296453
3.597,2.69183e-06,6.26762e-05,-0.0273189,0.0273189
3.65,2.01732e-06,4.6971e-05,-0.0241852,0.0241853
3.699,8.87785e-07,2.06711e-05,-0.0217888,0.0217888
3.75,1.26859e-07,2.95376e-06,-0.0192004,0.0192004
3.8,-5.88242e-08,-1.36966e-06,-0.0165241,0.0165241
3.847,2.84817e-07,6.63165e-06,-0.0148824,0.0148824
3.9,-4.80793e-08,-1.11947e-06,-0.011524,0.011524
3.95,1.15244e-09,2.68338e-08,-0.00920135,0.00920135
4,3.92048e-08,9.1284e-07,-0.0065004,0.0065004
4.051,3.41379e-08,7.94862e-07,-0.00401628,0.00401628
timestamp,vx,vy,vz,vmag
0,9.75775e-10,2.27198e-08,-1.70059e-05,1.70059e-05
0.028,1.67949e-10,3.91253e-09,0.000269921,0.000269921
0.076,2.17504e-09,5.06434e-08,0.00103222,0.00103222
0.126,3.43653e-09,8.00152e-08,0.00219446,0.00219446
0.176,7.75633e-09,1.80597e-07,0.00415989,0.00415989
0.228,2.61396e-08,6.0863e-07,0.00658672,0.00658672
0.277,-3.03131e-08,-7.05806e-07,0.0088829,0.0088829
0.328,-9.56965e-09,-2.22818e-07,0.0112821,0.0112821
0.377,-1.39017e-07,-3.23686e-06,0.0136898,0.0136898
0.43,-2.55524e-07,-5.94958e-06,0.0165781,0.0165781
0.48,-8.10542e-07,-1.88725e-05,0.0194932,0.0194932
0.53,-5.24623e-07,-1.22153e-05,0.0215432,0.0215432
0.578,-8.11424e-07,-1.88931e-05,0.0238873,0.0238873
0.625,-2.52499e-07,-5.87916e-06,0.0255062,0.0255062
0.676,-2.65967e-06,-6.19275e-05,0.0282772,0.0282772
0.728,-4.45234e-06,-0.000103668,0.0310847,0.0310848
0.78,-5.36426e-06,-0.000124901,0.0344287,0.0344289
0.829,-3.61815e-06,-8.42444e-05,0.0362963,0.0362964
0.877,-3.66709e-06,-8.53841e-05,0.0385599,0.03856
0.928,-3.54651e-06,-8.25764e-05,0.0410909,0.0410909
0.976,-3.19048e-06,-7.42866e-05,0.0432699,0.0432699
1.031,-5.11624e-06,-0.000119126,0.046491,0.0464912
1.08,-8.26823e-06,-0.000192517,0.0494072,0.0494076
1.129,-5.47209e-06,-0.000127411,0.0512831,0.0512833
1.178,-6.88741e-06,-0.000160366,0.0538309,0.0538311
1.225,-2.49393e-06,-5.80685e-05,0.0554827,0.0554827
1.278,-7.91891e-06,-0.000184383,0.0588245,0.0588248
1.326,-3.83758e-06,-8.93537e-05,0.0606795,0.0606796
1.377,-7.02944e-06,-0.000163673,0.0635386,0.0635389
1.428,-6.87111e-06,-0.000159986,0.0660706,0.0660708
1.479,-1.24381e-05,-0.000289608,0.0690896,0.0690902
1.528,-7.66856e-06,-0.000178554,0.0710668,0.071067
1.576,-6.10353e-06,-0.000142114,0.0732549,0.073255
1.626,-5.02405e-06,-0.000116979,0.0756754,0.0756755
1.68,-1.84866e-05,-0.000430441,0.0793486,0.0793497
1.726,-5.42328e-06,-0.000126275,0.0806747,0.0806748
1.777,-1.05177e-05,-0.000244893,0.0835242,0.0835245
1.826,-5.50183e-06,-0.000128104,0.0854723,0.0854724
1.878,-1.38553e-05,-0.000322605,0.0875389,0.0875395
1.925,-2.37871e-06,-5.53857e-05,0.0884157,0.0884157
1.98,-2.00109e-05,-0.000465932,0.0891968,0.089198
2.03,-1.27908e-05,-0.000297819,0.0895172,0.0895177
2.079,-1.54502e-05,-0.000359741,0.0896559,0.0896567
2.127,-5.05423e-06,-0.000117682,0.0898052,0.0898052
2.176,-3.76667e-06,-8.77027e-05,0.0898789,0.089879
2.227,-4.45517e-06,-0.000103734,0.0897794,0.0897794
2.278,-1.01157e-05,-0.000235532,0.0891572,0.0891575
2.328,-5.4556e-06,-0.000127027,0.0882891,0.0882892
2.382,-1.30232e-05,-0.000303232,0.0857054,0.085706
2.428,-3.6305e-06,-8.45322e-05,0.0843877,0.0843878
2.48,-1.17616e-05,-0.000273855,0.0812801,0.0812806
2.527,-4.827e-07,-1.12391e-05,0.0799818,0.0799818
2.575,3.7e-06,8.61503e-05,0.0779888,0.0779888
2.63,-4.86207e-06,-0.000113208,0.0745005,0.0745006
2.677,-9.67387e-07,-2.25245e-05,0.0724785,0.0724785
2.725,3.35354e-06,7.80834e-05,0.0706003,0.0706004
2.78,-6.5847e-06,-0.000153317,0.0666045,0.0666046
2.831,-2.71501e-06,-6.3216e-05,0.0645658,0.0645658
2.876,1.56439e-06,3.6425e-05,0.0628209,0.0628209
2.928,-2.63683e-07,-6.13956e-06,0.0599918,0.0599918
2.978,-1.3424e-06,-3.12563e-05,0.0572247,0.0572247
3.027,8.90072e-07,2.07243e-05,0.0552034,0.0552034
3.08,-3.30526e-06,-7.69592e-05,0.0516303,0.0516304
3.127,9.47787e-07,2.20682e-05,0.0502035,0.0502035
3.178,-4.7963e-07,-1.11677e-05,0.0472284,0.0472284
3.227,9.79101e-07,2.27973e-05,0.0452031,0.0452031
3.279,-9.41604e-07,-2.19242e-05,0.0419325,0.0419325
3.327,9.85924e-07,2.29561e-05,0.0402026,0.0402026
3.378,1.19018e-07,2.7712e-06,0.0372296,0.0372296
3.428,9.79673e-07,2.28106e-05,0.034996,0.034996
3.475,3.00712e-06,7.00175e-05,0.0331198,0.0331199
3.529,2.52815e-06,5.8865e-05,0.0297941,0.0297942
3.577,1.65526e-06,3.85408e-05,0.0275273,0.0275273
3.628,3.84505e-07,8.95277e-06,0.0249935,0.0249935
3.677,2.60634e-07,6.06857e-06,0.022523,0.022523
3.728,5.43888e-09,1.26638e-07,0.0199923,0.0199923
3.779,-2.19358e-07,-5.10751e-06,0.0169335,0.0169335
3.827,2.67644e-08,6.2318e-07,0.0151983,0.0151983
3.879,-1.00494e-07,-2.33989e-06,0.0119338,0.0119338
3.93,-9.75415e-08,-2.27114e-06,0.00957995,0.00957995
3.979,1.53298e-08,3.56937e-07,0.00693406,0.00693406
4.028,3.30285e-08,7.69031e-07,0.00490793,0.00490793
timestamp,vx,vy,vz,vmag
0,1.41413e-09,3.2926e-08,3.20027e-05,3.20027e-05
0.028,-0.000157177,-0.000157172,-0.000152816,0.000269742
0.08,-0.000861333,-0.000861229,-0.000862806,0.00149266
0.126,-0.00126667,-0.00126657,-0.00126776,0.0021945
0.177,-0.00254568,-0.00254553,-0.00254622,0.00440947
0.229,-0.00390597,-0.0039055,-0.00390614,0.00676516
0.278,-0.00528781,-0.00528955,-0.00528802,0.00915988
0.329,-0.00662639,-0.00662756,-0.00662641,0.0114779
0.377,-0.00790265,-0.00790652,-0.00790285,0.0136901
0.427,-0.0092214,-0.00922252,-0.00922127,0.0159725
0.476,-0.0105821,-0.0105861,-0.0105822,0.0183311
0.526,-0.0119674,-0.0119679,-0.0119672,0.0207283
0.577,-0.0136187,-0.0136336,-0.0136196,0.0235975
0.626,-0.014839,-0.0148535,-0.0148397,0.0257107
0.676,-0.0163032,-0.0163762,-0.0163083,0.0282831
0.727,-0.0177944,-0.0179072,-0.0178025,0.0308907
0.779,-0.0196678,-0.0198027,-0.0196768,0.0341488
0.827,-0.0206965,-0.020776,-0.020701,0.0358959
0.879,-0.0225524,-0.0226914,-0.0225601,0.0391467
0.93,-0.0239192,-0.0240419,-0.0239253,0.0415038
0.979,-0.0254285,-0.0255902,-0.0254358,0.0441412
1.029,-0.0266861,-0.0268114,-0.0266906,0.0462967
1.078,-0.0281479,-0.0283053,-0.0281528,0.0488474
1.128,-0.0294552,-0.0295785,-0.0294577,0.0510906
1.178,-0.0310239,-0.0312049,-0.0310272,0.0538416
1.228,-0.0323345,-0.0324745,-0.0323353,0.0560864
1.277,-0.0337507,-0.0339121,-0.0337504,0.0585511
1.325,-0.034899,-0.0349668,-0.0348954,0.060484
1.377,-0.0366293,-0.0368093,-0.0366261,0.063546
1.429,-0.0381956,-0.0384048,-0.0381914,0.0662753
1.477,-0.0395079,-0.0397067,-0.0395008,0.0685406
1.526,-0.0407706,-0.0408849,-0.0407623,0.070678
1.577,-0.0423866,-0.0426044,-0.0423747,0.0735349
1.628,-0.0438511,-0.0440618,-0.0438377,0.0760664
1.675,-0.0449956,-0.0450817,-0.0449818,0.0779765
1.728,-0.0467305,-0.0469592,-0.0467111,0.0810607
1.778,-0.0482761,-0.0486149,-0.0482475,0.0837963
1.828,-0.0494577,-0.0496938,-0.049432,0.085785
1.879,-0.0505007,-0.0509237,-0.0504588,0.0876905
1.927,-0.0510834,-0.051245,-0.0510567,0.0885571
1.978,-0.0513801,-0.05168,-0.0513385,0.0891425
2.026,-0.0516292,-0.0517032,-0.0516056,0.0894535
2.078,-0.0516806,-0.0519547,-0.0516347,0.0896455
2.128,-0.0517939,-0.0519634,-0.0517582,0.089787
2.178,-0.0517933,-0.052051,-0.0517434,0.089829
2.227,-0.0518033,-0.0519002,-0.0517729,0.0897643
2.277,-0.0514793,-0.0516232,-0.0514399,0.0892252
2.33,-0.0507791,-0.0510047,-0.0507295,0.0880538
2.376,-0.0500566,-0.0500701,-0.0500355,0.0866962
2.428,-0.048696,-0.048773,-0.0486669,0.0843716
2.477,-0.0474066,-0.047461,-0.0473799,0.0821266
2.525,-0.0464362,-0.0463536,-0.0464355,0.0803817
2.579,-0.044286,-0.0444403,-0.0442414,0.0767691
2.626,-0.0435098,-0.0434629,-0.0435057,0.0753317
2.679,-0.0414562,-0.0415798,-0.0414177,0.0718535
2.728,-0.0403895,-0.0404072,-0.0403747,0.0699583
2.775,-0.0393512,-0.0392663,-0.039359,0.0681138
2.827,-0.0376464,-0.0376274,-0.0376414,0.0651916
2.875,-0.0364676,-0.0363898,-0.036477,0.0631242
2.929,-0.0345056,-0.0345326,-0.0344917,0.0597731
2.98,-0.0326619,-0.0327546,-0.0326314,0.0566081
3.029,-0.0316236,-0.0316416,-0.0316131,0.054778
3.078,-0.0301471,-0.0301644,-0.0301367,0.0522203
3.13,-0.0286144,-0.0286413,-0.0286026,0.0495703
3.178,-0.0272639,-0.0272729,-0.0272569,0.0472236
3.226,-0.0262299,-0.0261935,-0.0262362,0.0454141
3.276,-0.0247341,-0.0247013,-0.0247399,0.0428251
3.326,-0.0233417,-0.0233084,-0.0233484,0.0404136
3.379,-0.02132,-0.0213302,-0.0213145,0.03693
3.43,-0.0199684,-0.0199607,-0.0199688,0.0345821
3.478,-0.0186265,-0.0185799,-0.018639,0.0322424
3.528,-0.0173418,-0.01728,-0.0173593,0.0300114
3.576,-0.0160796,-0.0160317,-0.0160932,0.0278309
3.625,-0.014797,-0.0147707,-0.0148043,0.0256182
3.676,-0.0131776,-0.0131665,-0.0131803,0.0228194
3.725,-0.0119033,-0.0118936,-0.0119057,0.0206129
3.78,-0.00960393,-0.00961172,-0.00960092,0.0166373
3.828,-0.00865528,-0.00865641,-0.0086545,0.0149916
3.879,-0.00688924,-0.00689136,-0.00688823,0.0119332
3.925,-0.00612667,-0.0061244,-0.00612714,0.0106107
3.976,-0.00451338,-0.00451147,-0.00451381,0.00781654
4.025,-0.00320922,-0.00320756,-0.00320962,0.00555781
timestamp,vx,vy,vz,vmag
0,-1.8487e-05,-1.84562e-05,-1.84964e-05,3.20081e-05
0.028,0.000154658,0.000154663,0.000154657,0.000267878
0.078,0.000729283,0.000729334,0.000729266,0.00126317
0.127,0.00133477,0.0013348,0.00133476,0.0023119
0.175,0.0022577,0.00225788,0.00225764,0.00391052
0.229,0.00390577,0.00390607,0.00390567,0.00676511
0.279,0.00544937,0.0054477,0.00544993,0.00943794
0.327,0.00640049,0.00640092,0.00640035,0.0110861
0.38,0.00840643,0.00839933,0.00840875,0.0145576
0.425,0.00898727,0.00898919,0.00898665,0.0155672
0.48,0.0112642,0.0112497,0.0112689,0.0195045
0.527,0.0120868,0.0120843,0.0120877,0.020934
0.579,0.0139725,0.013953,0.0139787,0.0241934
0.63,0.0153327,0.0153033,0.0153419,0.0265454
0.676,0.0163584,0.0163096,0.0163733,0.0283141
0.726,0.0177583,0.0176893,0.0177794,0.0307306
0.781,0.0199423,0.0198455,0.0199712,0.034502
0.829,0.0210002,0.0209329,0.0210199,0.0363459
0.88,0.0228342,0.0227244,0.0228659,0.039505
0.925,0.0233992,0.0233606,0.0234097,0.0405124
0.978,0.0253762,0.0252793,0.0254027,0.0439123
1.027,0.0265353,0.0264693,0.0265525,0.0459324
1.08,0.0286291,0.0284693,0.0286712,0.0495193
1.128,0.0295522,0.0294601,0.0295751,0.051146
1.177,0.0309855,0.0308766,0.0310117,0.0536208
1.228,0.0324459,0.0323381,0.0324711,0.0561503
1.278,0.0340642,0.033904,0.0341009,0.0589298
1.327,0.0352121,0.0351092,0.0352337,0.0609423
1.376,0.0365893,0.0364823,0.0366101,0.0633248
1.428,0.0382361,0.0380914,0.0382648,0.06616
1.476,0.0394828,0.0393612,0.039504,0.0683283
1.525,0.0407353,0.0406636,0.0407447,0.0705196
1.581,0.0431456,0.0428009,0.043209,0.0745686
1.627,0.0438954,0.0437428,0.0439182,0.0759543
1.677,0.0454695,0.0452508,0.0455014,0.0786479
1.727,0.0467916,0.0466192,0.0468134,0.0809586
1.779,0.0487732,0.04838,0.0488286,0.0842833
1.826,0.0494273,0.0492893,0.0494383,0.0855374
1.881,0.051007,0.0505299,0.0510655,0.0881061
1.929,0.0513828,0.0511033,0.0514098,0.0888522
1.976,0.051529,0.0513832,0.0515329,0.089169
2.028,0.0517882,0.0515764,0.0517999,0.0895844
2.076,0.0518417,0.0517125,0.0518395,0.0897167
2.129,0.051992,0.051732,0.0520037,0.0899097
2.177,0.0520003,0.0517882,0.0520024,0.0899461
2.23,0.0519565,0.0516466,0.0519672,0.0898189
2.277,0.0516307,0.0514366,0.0516271,0.089313
2.329,0.0510341,0.050812,0.0510331,0.088265
2.378,0.0498944,0.0496653,0.0498899,0.086285
2.426,0.0489321,0.0489193,0.0489169,0.0847367
2.481,0.0471074,0.0467812,0.0471043,0.0814027
2.524,0.0464589,0.0465718,0.0464403,0.0805237
2.578,0.0445844,0.0444403,0.0445733,0.0771329
2.63,0.0430955,0.04294,0.0430863,0.0745486
2.679,0.0415935,0.0414117,0.0415826,0.0719309
2.729,0.0403192,0.0402317,0.0403091,0.0697786
2.778,0.0388495,0.0387572,0.0388384,0.0672296
2.828,0.0375343,0.0375016,0.0375252,0.0649871
2.881,0.0356628,0.035499,0.0356513,0.0616688
2.925,0.0349572,0.0350304,0.0349514,0.0605866
2.977,0.0332143,0.0332045,0.033207,0.0575189
3.026,0.0319668,0.03201,0.0319624,0.0553905
3.077,0.0303236,0.0303233,0.030318,0.0525186
3.129,0.0287558,0.028731,0.0287503,0.049789
3.179,0.0271231,0.0270689,0.0271161,0.0469433
3.228,0.0259736,0.025979,0.0259705,0.0449889
3.277,0.0245432,0.0245574,0.0245408,0.0425169
3.327,0.0231955,0.0232221,0.0231946,0.0401906
3.376,0.0218143,0.0218531,0.0218145,0.037806
3.427,0.0203027,0.0203417,0.0203037,0.0351884
3.481,0.0182432,0.0182928,0.0182457,0.0316282
3.528,0.0172722,0.0173623,0.0172782,0.0299719
3.577,0.015864,0.0159168,0.0158673,0.0275097
3.626,0.0146523,0.014682,0.0146542,0.0253968
3.675,0.0133306,0.0133545,0.0133322,0.023104
3.727,0.0116588,0.0116631,0.0116588,0.0201961
3.78,0.00961274,0.00959996,0.00961136,0.0166416
3.826,0.00889147,0.00889468,0.00889158,0.0154024
3.877,0.00722858,0.00722958,0.00722854,0.0125208
3.928,0.00576881,0.00576803,0.00576865,0.00999133
3.978,0.00417199,0.00417318,0.00417205,0.00722682
4.027,0.00295732,0.00295881,0.00295742,0.00512314
timestamp,vx,vy,vz,vmag
0,2.24435e-05,2.25011e-05,2.24487e-05,3.89095e-05
0.026,-5.47049e-05,-5.46866e-05,6.89331e-05,0.00010361
0.078,-0.000623902,-0.000623874,0.000619709,0.0010782
0.128,-0.00120091,-0.00120082,0.00119838,0.00207853
0.179,-0.00259988,-0.00260011,0.00259884,0.00450266
0.227,-0.00343657,-0.00343557,0.00343474,0.00595069
0.276,-0.00470296,-0.00470308,0.00470267,0.00814567
0.327,-0.0061182,-0.00611717,0.00611703,0.0105958
0.376,-0.00745843,-0.00745968,0.00745978,0.0129199
0.426,-0.00881827,-0.0088171,0.00881724,0.0152724
0.477,-0.0104672,-0.0104741,0.0104747,0.018138
0.526,-0.0116775,-0.0116773,0.0116776,0.020226
0.577,-0.0133358,-0.0133476,0.0133484,0.0231124
0.628,-0.014781,-0.0147892,0.01479,0.0256114
0.68,-0.0167139,-0.0167577,0.0167598,0.0290011
0.727,-0.0175442,-0.0175597,0.0175608,0.030406
0.776,-0.0188959,-0.0189607,0.0189635,0.0328051
0.825,-0.0201492,-0.0202408,0.0202445,0.0350074
0.877,-0.0219212,-0.0220388,0.0220432,0.0381071
0.927,-0.0232774,-0.0233547,0.0233578,0.0404087
0.976,-0.0246627,-0.0247381,0.0247411,0.0428059
1.028,-0.0262754,-0.0263612,0.0263644,0.0456113
1.081,-0.0281787,-0.0283526,0.0283583,0.0490112
1.127,-0.0290504,-0.0291304,0.0291333,0.0504109
1.176,-0.0304307,-0.0305172,0.0305202,0.0528092
1.227,-0.0319322,-0.0320216,0.0320245,0.0554132
1.277,-0.0334628,-0.0335953,0.0335992,0.0581146
1.325,-0.0346082,-0.0346643,0.0346662,0.060009
1.377,-0.0363408,-0.0364901,0.0364941,0.0631189
1.428,-0.0377948,-0.0379325,0.037936,0.0656236
1.478,-0.0393619,-0.0395779,0.0395831,0.0684295
1.527,-0.0405754,-0.0406994,0.0407023,0.0704235
1.575,-0.0418181,-0.041891,0.0418929,0.0725163
1.628,-0.0435527,-0.0437232,0.0437266,0.0756344
1.676,-0.0448394,-0.0449803,0.0449831,0.0778286
1.726,-0.0462444,-0.0463551,0.0463571,0.0802267
1.775,-0.0475901,-0.0476715,0.047673,0.0825233
1.826,-0.0490687,-0.0491843,0.049186,0.085124
1.877,-0.0501884,-0.0504098,0.0504128,0.0871864
1.928,-0.0510092,-0.0512013,0.0512035,0.0885738
1.981,-0.0513033,-0.0517199,0.0517242,0.089344
2.029,-0.0515672,-0.0517845,0.0517864,0.0895692
2.079,-0.0516211,-0.0519567,0.0519596,0.0898
2.129,-0.0517611,-0.0519646,0.051966,0.0898888
2.177,-0.0518175,-0.0519818,0.0519831,0.0899412
2.228,-0.0518072,-0.0519516,0.0519524,0.0899
2.279,-0.051379,-0.0516805,0.051682,0.0893404
2.328,-0.0511076,-0.051229,0.0512296,0.0886615
2.376,-0.0502705,-0.0502979,0.0502985,0.0871031
2.428,-0.0489536,-0.0490356,0.0490361,0.0848852
2.48,-0.0470898,-0.0473517,0.0473524,0.0818651
2.526,-0.0465828,-0.046557,0.0465576,0.0806544
2.577,-0.0449445,-0.0449851,0.0449858,0.0778935
2.627,-0.0436668,-0.0436672,0.0436679,0.075634
2.679,-0.0417288,-0.0418571,0.0418576,0.0724249
2.726,-0.0409449,-0.0409062,0.0409072,0.0708746
2.779,-0.0388704,-0.0389745,0.038975,0.067446
2.827,-0.0379408,-0.0379286,0.0379296,0.0657019
2.878,-0.0361887,-0.0362336,0.0362343,0.0627329
2.926,-0.035185,-0.0351462,0.0351474,0.0608981
2.98,-0.0329353,-0.0330329,0.0330332,0.0571586
3.026,-0.032298,-0.0322605,0.0322617,0.0558992
3.079,-0.030243,-0.0302919,0.0302924,0.0524392
3.126,-0.02941,-0.0293742,0.0293754,0.050899
3.175,-0.0280903,-0.0280363,0.0280376,0.0485922
3.228,-0.026278,-0.0262713,0.0262722,0.0455076
3.278,-0.0246604,-0.0246651,0.0246658,0.0427189
3.326,-0.0236335,-0.0236018,0.0236028,0.0408984
3.379,-0.0215975,-0.0216098,0.0216104,0.0374226
3.428,-0.0205077,-0.0204911,0.0204919,0.0355016
3.476,-0.0192552,-0.0192006,0.0192017,0.0332886
3.528,-0.0176396,-0.0175754,0.0175766,0.0304793
3.576,-0.016368,-0.0163133,0.0163144,0.0282877
3.627,-0.0148499,-0.0148322,0.0148329,0.0257007
3.678,-0.0131143,-0.0131132,0.0131137,0.0227137
3.725,-0.0121923,-0.0121819,0.0121824,0.021106
3.779,-0.0100526,-0.0100574,0.0100577,0.0174173
3.83,-0.00871863,-0.00872437,0.00872463,0.0151079
3.878,-0.00734,-0.00734068,0.00734094,0.0127142
3.93,-0.00583303,-0.00583583,0.00583601,0.0101064
3.98,-0.00410823,-0.00410855,0.0041087,0.00711612
4.029,-0.00298041,-0.00298017,0.00298029,0.00516201
timestamp,vx,vy,vz,vmag
0,-1.21301e-05,-1.21093e-05,1.211e-05,2.09863e-05
0.029,0.000134567,0.000134573,-0.000134573,0.000233083
0.079,0.000662504,0.000662551,-0.00066255,0.00114754
0.13,0.0014021,0.00140211,-0.00140211,0.00242852
0.182,0.00297811,0.00297808,-0.00297808,0.00515821
0.232,0.00400886,0.00400899,-0.00400899,0.0069437
0.277,0.00480851,0.00480917,-0.00480916,0.00832934
0.331,0.00662724,0.00662646,-0.00662646,0.0114778
0.38,0.00807243,0.00806826,-0.0080683,0.0139771
0.428,0.00910471,0.00910532,-0.00910531,0.0157705
0.481,0.0110943,0.0110824,-0.0110825,0.0192022
0.529,0.0120868,0.0120841,-0.0120842,0.0209319
0.582,0.0141436,0.0141186,-0.0141189,0.0244688
0.629,0.0149666,0.0149614,-0.0149614,0.0259169
0.678,0.0163413,0.0163336,-0.0163337,0.0282951
0.73,0.0179788,0.0179504,-0.0179507,0.0311076
0.779,0.0194269,0.0193435,-0.0193443,0.0335527
0.83,0.0208985,0.0207876,-0.0207886,0.0360699
0.878,0.0221459,0.0220576,-0.0220584,0.0382564
0.93,0.0237719,0.0236951,-0.0236957,0.0410859
0.979,0.0252017,0.0251173,-0.0251179,0.0435536
1.029,0.0265372,0.0264684,-0.0264688,0.0458846
1.077,0.0277348,0.0276859,-0.0276861,0.0479818
1.127,0.0291772,0.0291313,-0.0291315,0.0504835
1.182,0.031531,0.0313442,-0.0313453,0.0543985
1.23,0.0324471,0.0323429,-0.0323434,0.0560801
1.28,0.0340658,0.0339121,-0.0339129,0.0588268
1.331,0.0354707,0.0353298,-0.0353303,0.0612747
1.381,0.0371519,0.0369373,-0.0369382,0.064102
1.429,0.0381075,0.0379975,-0.0379976,0.0658773
1.482,0.0402462,0.0399561,-0.039957,0.0693744
1.532,0.0414007,0.0411882,-0.0411885,0.0714631
1.58,0.0427679,0.0425403,-0.0425405,0.0738137
1.629,0.0438983,0.0437604,-0.0437601,0.0758747
1.681,0.04587,0.0455552,-0.0455551,0.0790861
1.727,0.0465189,0.0464441,-0.0464433,0.0804863
1.78,0.0485777,0.0482914,-0.0482906,0.0838083
1.829,0.0495514,0.0493895,-0.0493884,0.085638
1.879,0.0506031,0.0503842,-0.0503829,0.0873938
1.928,0.0511634,0.0510594,-0.0510578,0.0884966
1.98,0.0516631,0.0513903,-0.0513881,0.0891671
2.028,0.0517104,0.0516289,-0.0516271,0.08947
2.08,0.0519474,0.0516882,-0.0516855,0.089675
2.128,0.0519004,0.0518322,-0.0518301,0.0898142
2.181,0.0520978,0.0517662,-0.0517623,0.0898513
2.231,0.0519457,0.0517377,-0.0517342,0.0897305
2.278,0.0516309,0.0515543,-0.051552,0.0893376
2.331,0.051039,0.0508592,-0.0508555,0.0881925
2.38,0.0498996,0.0497163,-0.0497126,0.086215
2.429,0.0488599,0.0488131,-0.0488109,0.0845725
2.479,0.0474782,0.0474042,-0.0474017,0.0821478
2.529,0.0461943,0.0461719,-0.04617,0.0799839
2.583,0.0443207,0.0441004,-0.0440954,0.0765086
2.632,0.0430986,0.0429776,-0.0429741,0.0745073
2.678,0.0420061,0.0420266,-0.0420259,0.07278
2.73,0.0404191,0.0403873,-0.0403855,0.0699702
2.78,0.0388513,0.0387827,-0.0387803,0.0672119
2.829,0.0376359,0.0376439,-0.0376431,0.0651961
2.878,0.0362496,0.0362787,-0.0362786,0.0628197
2.927,0.034956,0.0350189,-0.0350197,0.0606187
2.977,0.0335112,0.033577,-0.033578,0.0581197
3.031,0.0316492,0.0316224,-0.0316211,0.0547863
3.081,0.0300207,0.0299648,-0.0299628,0.0519318
3.131,0.0287563,0.0287392,-0.0287383,0.0497871
3.179,0.0274332,0.0274416,-0.0274414,0.0475253
3.232,0.0257545,0.0257309,-0.0257298,0.0445802
3.277,0.0248581,0.0249099,-0.0249112,0.0431161
3.33,0.0230839,0.0230941,-0.0230942,0.0399944
3.381,0.021334,0.0213193,-0.0213186,0.0369343
3.432,0.0199611,0.0199679,-0.0199679,0.0345814
3.481,0.0184091,0.0184534,-0.0184547,0.0319375
3.529,0.0173859,0.0174627,-0.0174652,0.0302034
3.58,0.0157024,0.0157302,-0.0157311,0.02723
3.629,0.0145378,0.014554,-0.0145545,0.0251992
3.68,0.0128334,0.0128334,-0.0128334,0.0222281
3.729,0.0116591,0.0116626,-0.0116627,0.0201983
3.78,0.00994804,0.00994573,-0.00994567,0.0172278
3.829,0.00877426,0.00877471,-0.00877475,0.015198
3.878,0.00739757,0.00740016,-0.00740028,0.012816
3.928,0.00600573,0.00600722,-0.00600729,0.010404
3.981,0.00400303,0.00400333,-0.00400335,0.00693381
4.03,0.0028329,0.00283369,-0.00283373,0.00490767
timestamp,vx,vy,vz,vmag
0,1.32541e-05,1.32801e-05,-1.32811e-05,2.29874e-05
0.028,-8.12404e-05,8.3609e-05,-8.3609e-05,0.000143461
0.079,-0.000687774,0.000685506,-0.000685488,0.00118863
0.126,-0.00108834,0.00108684,-0.00108678,0.0018833
0.178,-0.00245677,0.0024558,-0.00245588,0.00425418
0.228,-0.00353427,0.00353475,-0.00353431,0.00612183
0.28,-0.00535118,0.00534805,-0.00534948,0.00926572
0.326,-0.00600704,0.00600847,-0.00600774,0.0104057
0.379,-0.00796896,0.00796204,-0.00796541,0.0137966
0.428,-0.00904579,0.00904469,-0.00904527,0.0156668
0.48,-0.0109942,0.0109766,-0.0109852,0.0190271
0.526,-0.0116772,0.0116777,-0.0116775,0.020226
0.579,-0.0136993,0.0136758,-0.0136873,0.0237074
0.626,-0.0145551,0.0145545,-0.0145549,0.0252098
0.678,-0.0164105,0.0163839,-0.016397,0.0284007
0.728,-0.017681,0.0176591,-0.01767,0.0306055
0.78,-0.0196977,0.0195539,-0.0196253,0.0339928
0.827,-0.0204962,0.0203812,-0.0204383,0.0354007
0.879,-0.0224129,0.0222662,-0.0223394,0.0386933
0.926,-0.0232455,0.0231735,-0.0232097,0.0402002
0.976,-0.0247487,0.0246695,-0.0247098,0.0427978
1.03,-0.0266177,0.0265022,-0.0265608,0.0460038
1.076,-0.0276378,0.0275534,-0.027597,0.0477978
1.128,-0.0292655,0.0291636,-0.0292162,0.0506021
1.18,-0.0312828,0.0310587,-0.0311744,0.0539917
1.226,-0.0319082,0.0318304,-0.0318715,0.0552005
1.276,-0.0334219,0.0333151,-0.033372,0.057798
1.327,-0.0349273,0.0348158,-0.0348752,0.0604015
1.379,-0.0369008,0.0366404,-0.0367785,0.0636934
1.425,-0.0375616,0.0374914,-0.0375304,0.0650001
1.475,-0.0390102,0.0389286,-0.0389746,0.0675
1.529,-0.0409803,0.0407707,-0.0408842,0.0708036
1.577,-0.0423069,0.0420907,-0.0422098,0.073097
1.628,-0.0437458,0.043546,-0.0436563,0.0756031
1.679,-0.0456216,0.0452326,-0.0454475,0.0786943
1.725,-0.0462316,0.0461399,-0.0461939,0.0800008
1.782,-0.0487277,0.0482398,-0.0485125,0.0839936
1.827,-0.0493281,0.0491325,-0.0492449,0.085278
1.878,-0.0505883,0.0502214,-0.0504315,0.0873195
1.926,-0.0510521,0.0509204,-0.0509994,0.0883184
1.978,-0.0516297,0.0512834,-0.0514854,0.0891424
2.026,-0.0516757,0.0515726,-0.0516372,0.0894232
2.076,-0.0518227,0.051689,-0.051773,0.0896537
2.125,-0.0518478,0.0518212,-0.0518434,0.0897851
2.175,-0.0518957,0.0518739,-0.0518946,0.0898728
2.226,-0.0519164,0.0518416,-0.0518919,0.0898645
2.276,-0.0516843,0.0515834,-0.0516505,0.0894421
2.328,-0.0512396,0.0510712,-0.0511762,0.0886159
2.376,-0.050297,0.0502458,-0.0502839,0.0870799
2.427,-0.0491086,0.0490462,-0.0490896,0.0850116
2.478,-0.047612,0.047428,-0.0475449,0.0823216
2.528,-0.0463839,0.0463014,-0.0463564,0.0802758
2.577,-0.044985,0.0449191,-0.0449653,0.0778669
2.626,-0.0437553,0.0437917,-0.0437752,0.0758189
2.679,-0.0418652,0.0416832,-0.041799,0.0723695
2.725,-0.0409953,0.0410807,-0.0410336,0.0710774
2.776,-0.0394123,0.0394446,-0.0394296,0.0682927
2.827,-0.037925,0.0379349,-0.0379326,0.0656981
2.878,-0.0362342,0.0361665,-0.036212,0.0627076
2.926,-0.0351409,0.0351887,-0.0351625,0.0609059
2.975,-0.0337977,0.0338819,-0.0338331,0.0586084
3.024,-0.0324631,0.0325652,-0.0325047,0.0563107
3.075,-0.0309148,0.0309935,-0.0309471,0.0536102
3.127,-0.0292648,0.0292888,-0.0292758,0.0507084
3.178,-0.0275561,0.027536,-0.0275504,0.0477136
3.226,-0.0264848,0.0265302,-0.0265034,0.04591
3.277,-0.0248255,0.0248421,-0.0248332,0.0430131
3.328,-0.0233811,0.0233937,-0.0233869,0.0405079
3.38,-0.0214462,0.0214078,-0.0214331,0.0371162
3.429,-0.020379,0.0203904,-0.020384,0.035307
3.48,-0.0185256,0.0185628,-0.01854,0.0321171
3.526,-0.0177979,0.0179039,-0.0178376,0.0309111
3.579,-0.0158155,0.0158437,-0.0158264,0.0274159
3.627,-0.0148317,0.014857,-0.0148414,0.0257095
3.679,-0.0129446,0.012938,-0.0129425,0.0224156
3.73,-0.0116125,0.0116026,-0.0116092,0.0201058
3.778,-0.0102284,0.0102263,-0.0102279,0.0177146
3.827,-0.00906931,0.00907002,-0.0090698,0.0157092
3.878,-0.00734116,0.00734026,-0.00734101,0.0127147
3.926,-0.00629812,0.00630015,-0.00629901,0.0109103
3.979,-0.00428129,0.00428171,-0.00428154,0.0074158
4.029,-0.0029807,0.00298107,-0.00298091,0.00516306
timestamp,vx,vy,vz,vmag
0,-1.47339e-05,1.47705e-05,-1.47476e-05,2.55489e-05
0.018,1.98276e-05,-1.9812e-05,1.98217e-05,3.433e-05
0.07,0.000503337,-0.000503321,0.000503331,0.000871793
0.119,0.000990778,-0.000990611,0.000990718,0.00171595
0.168,0.00193434,-0.00193443,0.00193437,0.00335044
0.217,0.00298592,-0.00298464,0.00298546,0.00517076
0.27,0.00473268,-0.00473438,0.0047333,0.00819858
0.319,0.00585791,-0.00585664,0.00585744,0.0101452
0.371,0.00764788,-0.00765566,0.00765071,0.0132526
0.419,0.00866309,-0.00866326,0.00866314,0.015005
0.472,0.0106498,-0.01067,0.0106572,0.018462
0.52,0.0116425,-0.0116481,0.0116445,0.0201697
0.571,0.0133557,-0.0133827,0.0133656,0.023154
0.619,0.0143944,-0.0144038,0.0143978,0.0249392
0.668,0.0157341,-0.015783,0.0157522,0.027291
0.721,0.0174739,-0.017598,0.0175197,0.0303639
0.767,0.0184346,-0.0185271,0.0184688,0.0320029
0.821,0.0203721,-0.0204685,0.0204078,0.0353618
0.869,0.0216483,-0.0217433,0.0216838,0.0375714
0.92,0.0231363,-0.0232281,0.0231705,0.0401461
0.969,0.0245297,-0.0246356,0.0245695,0.0425709
1.018,0.0257835,-0.0258554,0.0258107,0.0447156
1.069,0.0274091,-0.0275303,0.0274552,0.0475707
1.122,0.0291256,-0.0292875,0.0291869,0.050576
1.172,0.0307319,-0.0309783,0.0308261,0.0534262
1.218,0.0315484,-0.0316382,0.0315832,0.0547154
1.271,0.0334549,-0.0336984,0.0335491,0.0581408
1.32,0.0346515,-0.0348104,0.0347133,0.0601457
1.37,0.0361834,-0.0364119,0.0362732,0.0628554
1.421,0.0376367,-0.0378507,0.0377206,0.0653608
1.471,0.0391941,-0.0395089,0.0393191,0.0681405
1.521,0.0405105,-0.0407513,0.0406063,0.0703608
1.568,0.0416605,-0.0418158,0.0417245,0.0722848
1.622,0.0434868,-0.0438009,0.0436132,0.0755759
1.667,0.0444107,-0.0445048,0.0444517,0.0769996
1.72,0.0461563,-0.0464018,0.0462577,0.0801455
1.77,0.0476707,-0.0480204,0.0478171,0.0828549
1.82,0.0489981,-0.0492639,0.0491099,0.0850854
1.872,0.0501822,-0.0507148,0.0504071,0.0873563
1.919,0.0508381,-0.0510331,0.0509233,0.088216
1.972,0.0512393,-0.0517484,0.0514587,0.0891704
2.021,0.0515091,-0.0518009,0.0516367,0.0894588
2.068,0.0516834,-0.0517959,0.0517382,0.0896149
2.121,0.0517208,-0.0519931,0.0518427,0.0898109
2.169,0.0517954,-0.0519847,0.0518849,0.0898733
2.222,0.0517433,-0.0520676,0.0518899,0.0898942
2.271,0.0514314,-0.0517784,0.0515919,0.0893751
2.322,0.0510787,-0.0513732,0.0512147,0.0887197
2.37,0.0501553,-0.0503527,0.0502513,0.087041
2.422,0.0488959,-0.0491302,0.0490069,0.0848897
2.467,0.0483012,-0.0482188,0.0482713,0.0835953
2.519,0.0466985,-0.0467221,0.0467155,0.0809076
2.57,0.0450388,-0.045146,0.045095,0.0781038
2.619,0.0439235,-0.0439286,0.0439316,0.0760854
2.668,0.0426049,-0.0425676,0.0425935,0.0737657
2.72,0.0409348,-0.0409712,0.0409566,0.0709348
2.769,0.0395542,-0.0395638,0.0395639,0.0685211
2.822,0.0377833,-0.0378803,0.0378331,0.0655273
2.867,0.0370503,-0.0369643,0.0370133,0.064102
2.918,0.0354661,-0.0354189,0.0354469,0.0613908
2.969,0.0337987,-0.0337929,0.0337993,0.0585381
3.018,0.0325803,-0.0325349,0.0325611,0.0563934
3.07,0.0307362,-0.0307557,0.0307484,0.053255
3.118,0.0296932,-0.02965,0.0296742,0.0513943
3.167,0.0283848,-0.0283197,0.0283547,0.049109
3.221,0.0264072,-0.02642,0.0264151,0.0457505
3.271,0.0247977,-0.0248194,0.0248101,0.0429706
3.321,0.023526,-0.0235276,0.023528,0.0407503
3.367,0.0226193,-0.0225389,0.0225798,0.0391086
3.422,0.0205543,-0.0204762,0.0205154,0.0355336
3.471,0.0190551,-0.0190142,0.019035,0.0329692
3.519,0.0180169,-0.0179859,0.0180015,0.0311794
3.567,0.0168207,-0.0167919,0.0168063,0.0291094
3.622,0.0147348,-0.0147506,0.0147432,0.0255354
3.67,0.0134235,-0.0134289,0.0134265,0.0232551
3.721,0.0119751,-0.011985,0.0119804,0.0207503
3.768,0.0108697,-0.0108673,0.0108686,0.0188249
3.824,0.00896508,-0.0089733,0.00896943,0.0155352
3.867,0.00814804,-0.00814461,0.00814636,0.0141099
3.918,0.00657933,-0.00657838,0.00657891,0.0113949
3.969,0.00493103,-0.00492999,0.00493054,0.00853991
4.022,0.00310903,-0.00310958,0.00310935,0.0053855
4.071,0.00200092,-0.00199992,0.00200042,0.00346483
timestamp,vx,vy,vz,vmag
0,1.34802e-05,-1.34545e-05,1.3467e-05,2.3326e-05
0.029,-0.000176441,0.000176443,0.000177205,0.000306047
0.079,-0.00079543,0.000795511,0.000794121,0.00137702
0.129,-0.00146967,0.00146965,0.0014689,0.00254509
0.18,-0.00297811,0.00297808,0.00297773,0.005158
0.226,-0.00359609,0.0035972,0.00359625,0.00622935
0.277,-0.00512899,0.00512825,0.00512867,0.00888306
0.328,-0.00651384,0.00651361,0.00651381,0.0112822
0.379,-0.00824039,0.00823278,0.00823779,0.0142669
0.429,-0.00945754,0.00945306,0.00945613,0.0163775
0.477,-0.0107557,0.0107481,0.0107532,0.0186237
0.525,-0.011848,0.0118508,0.0118493,0.0205237
0.577,-0.0136314,0.0136182,0.0136269,0.0236001
0.624,-0.014605,0.0146129,0.0146082,0.025303
0.679,-0.0168642,0.0168244,0.0168501,0.0291785
0.731,-0.0182283,0.0181743,0.0182089,0.03153
0.779,-0.0197994,0.0196446,0.0197427,0.0341716
0.828,-0.0209171,0.0207697,0.020863,0.0361134
0.878,-0.0225119,0.0223669,0.0224584,0.0388773
0.927,-0.0236605,0.0235691,0.0236267,0.040909
0.978,-0.0253948,0.0252587,0.0253439,0.0438772
1.029,-0.0267994,0.0266753,0.0267528,0.0463195
1.079,-0.0284722,0.0282885,0.0284027,0.0491693
1.129,-0.0296942,0.0295522,0.0296401,0.0513187
1.177,-0.0310016,0.0308592,0.0309469,0.0535826
1.227,-0.0323318,0.0322161,0.032287,0.0559077
1.279,-0.0342754,0.0340254,0.0341784,0.0591667
1.33,-0.0356209,0.0354022,0.0355355,0.0615218
1.375,-0.0364101,0.0363267,0.0363767,0.0629968
1.426,-0.0379862,0.0378721,0.0379405,0.0657018
1.477,-0.0396929,0.0394821,0.0396086,0.0685799
1.53,-0.0414252,0.0411389,0.0413105,0.0715194
1.578,-0.0427922,0.0424859,0.0426686,0.0738704
1.627,-0.0439111,0.0437253,0.0438351,0.0759052
1.68,-0.0461062,0.0456041,0.045902,0.0794513
1.727,-0.0468072,0.0466014,0.046722,0.0809045
1.776,-0.0481815,0.0479778,0.0480964,0.0832862
1.829,-0.0498123,0.0494796,0.049674,0.0860058
1.879,-0.0509106,0.0504225,0.0507074,0.0877813
1.926,-0.0511656,0.0510277,0.0511062,0.0885076
1.977,-0.0516052,0.0513451,0.0514948,0.0891691
2.029,-0.0518439,0.0515425,0.0517159,0.0895486
2.079,-0.0520123,0.051567,0.0518236,0.0897224
2.126,-0.0518956,0.0518084,0.0518568,0.089813
2.177,-0.0520042,0.0517796,0.0519076,0.0898886
2.226,-0.0518865,0.0518147,0.0518543,0.08981
2.279,-0.0516467,0.0512408,0.0514729,0.0891204
2.33,-0.0510109,0.0507156,0.0508839,0.0881099
2.377,-0.0499862,0.0498495,0.0499269,0.0864655
2.426,-0.0489227,0.0489273,0.0489239,0.0847399
2.478,-0.0473513,0.0471741,0.0472751,0.0818687
2.526,-0.046272,0.0463036,0.0462853,0.0801714
2.575,-0.044967,0.0450668,0.0450101,0.0779677
2.628,-0.0432789,0.0432262,0.0432565,0.0749179
2.676,-0.0419972,0.0420303,0.042012,0.0727689
2.725,-0.0407067,0.0408001,0.0407476,0.0705836
2.78,-0.0385594,0.0383566,0.0384728,0.0666199
2.825,-0.0378329,0.0379224,0.0378724,0.065603
2.881,-0.035656,0.0355005,0.0355899,0.0616302
2.929,-0.0345359,0.034492,0.0345179,0.0597822
2.977,-0.0332091,0.0332088,0.0332101,0.0575202
3.027,-0.0318569,0.0318809,0.0318682,0.0551982
3.077,-0.0303196,0.030327,0.0303239,0.0525218
3.129,-0.0287523,0.0287337,0.0287452,0.0497856
3.182,-0.0269574,0.0268917,0.0269301,0.0466379
3.23,-0.0257507,0.0257235,0.0257399,0.0445796
3.278,-0.024383,0.0243769,0.0243813,0.0422281
3.328,-0.0230829,0.0230972,0.0230899,0.039993
3.379,-0.0213313,0.0213149,0.021325,0.0369338
3.426,-0.020418,0.0204674,0.0204399,0.0354062
3.477,-0.018743,0.0188168,0.0187753,0.0325251
3.53,-0.0170466,0.0171158,0.0170769,0.0295831
3.576,-0.0160291,0.0160961,0.0160584,0.0278188
3.626,-0.0146542,0.0146827,0.0146669,0.0254056
3.679,-0.012667,0.0126598,0.0126644,0.0219342
3.728,-0.0115426,0.0115426,0.011543,0.0199926
3.776,-0.0102834,0.0102897,0.0102864,0.0178167
3.826,-0.00889224,0.00889553,0.00889394,0.0154047
3.876,-0.00739806,0.00740136,0.00739971,0.0128167
3.928,-0.00576945,0.0057689,0.0057694,0.00999264
3.98,-0.003834,0.00383369,0.00383399,0.0066405
4.027,-0.00295814,0.0029596,0.00295886,0.00512491
timestamp,vx,vy,vz,vmag
0,-1.32585e-05,1.32902e-05,1.32725e-05,2.29908e-05
0.034,0.000104866,-0.00010487,-0.000104868,0.000181637
0.079,0.000558277,-0.000558246,-0.000558264,0.000966939
0.129,0.00114444,-0.00114431,-0.00114439,0.00198213
0.178,0.00217062,-0.00217063,-0.00217062,0.00375963
0.232,0.00373317,-0.00373225,-0.00373277,0.00646528
0.279,0.00486421,-0.00486524,-0.00486465,0.0084259
0.329,0.00611811,-0.00611686,-0.00611757,0.0105958
0.38,0.00779406,-0.00780021,-0.00779668,0.0135048
0.432,0.00927107,-0.00927538,-0.0092729,0.0160615
0.476,0.00996035,-0.00995532,-0.00995819,0.0172477
0.529,0.0117918,-0.0117941,-0.0117927,0.0204258
0.579,0.013337,-0.0133514,-0.0133432,0.0231122
0.628,0.0145516,-0.0145588,-0.0145547,0.02521
0.679,0.0161902,-0.0162664,-0.016223,0.0281052
0.729,0.0175074,-0.0176101,-0.0175515,0.0304086
0.779,0.0190591,-0.0191705,-0.019107,0.0331034
0.829,0.0204055,-0.0204813,-0.020438,0.0354059
0.878,0.0217882,-0.0218656,-0.0218215,0.0378022
0.931,0.0235129,-0.023613,-0.023556,0.0408083
0.982,0.0253157,-0.0255008,-0.0253955,0.0440012
1.029,0.0261738,-0.0262598,-0.0262108,0.0454054
1.081,0.0280277,-0.0282174,-0.0281096,0.0487024
1.13,0.0291622,-0.0292799,-0.0292129,0.0506076
1.18,0.0307438,-0.0309292,-0.0308239,0.0534033
1.231,0.032146,-0.0323054,-0.0322147,0.0558103
1.278,0.0333139,-0.033437,-0.0333671,0.0578033
1.328,0.0347114,-0.0348119,-0.0347547,0.0602049
1.38,0.0364895,-0.0367358,-0.0365959,0.0634055
1.432,0.0379977,-0.0382404,-0.0381022,0.0660146
1.477,0.0389295,-0.0390207,-0.0389688,0.0675033
1.531,0.0407707,-0.0410086,-0.0408729,0.0708135
1.58,0.0422316,-0.042547,-0.0423673,0.0734081
1.628,0.0433559,-0.0434917,-0.0434138,0.0752065
1.678,0.0448317,-0.0450195,-0.044912,0.0778057
1.731,0.0465173,-0.0468155,-0.0466443,0.0808161
1.782,0.0482312,-0.0488091,-0.048478,0.084016
1.83,0.0492199,-0.0494874,-0.0493329,0.0854713
1.878,0.05011,-0.050306,-0.0501922,0.0869538
1.929,0.0509616,-0.051159,-0.0510438,0.0884296
1.978,0.0513351,-0.0514957,-0.0514014,0.0890461
2.031,0.0515482,-0.0518403,-0.0516694,0.089523
2.081,0.0515901,-0.0520421,-0.0517782,0.0897269
2.132,0.0517173,-0.0520564,-0.051857,0.0898538
2.18,0.0517504,-0.0520821,-0.0518862,0.0899046
2.23,0.0517877,-0.0519844,-0.0518665,0.0898582
2.277,0.0516833,-0.051672,-0.0516751,0.0895069
2.328,0.0512262,-0.0512668,-0.0512394,0.0887575
2.378,0.0502581,-0.0502986,-0.050271,0.0870804
2.432,0.048697,-0.0489275,-0.0487878,0.0845313
2.48,0.0474498,-0.047627,-0.0475181,0.0823273
2.528,0.0465783,-0.0465454,-0.0465614,0.0806472
2.577,0.0453376,-0.0452365,-0.0452932,0.0784431
2.629,0.0436606,-0.0436621,-0.0436578,0.0756216
2.679,0.0421095,-0.0421443,-0.04212,0.0729619
2.73,0.0406771,-0.0407097,-0.0406871,0.0704795
2.777,0.0396454,-0.0395454,-0.039603,0.0685857
2.83,0.0378064,-0.0378266,-0.0378117,0.0654973
2.877,0.0367633,-0.0366692,-0.0367239,0.0635988
2.929,0.0350574,-0.0350363,-0.0350469,0.060703
2.977,0.0338759,-0.0337886,-0.03384,0.0586037
3.028,0.0323009,-0.0322502,-0.0322795,0.0559052
3.079,0.0306099,-0.0306021,-0.0306051,0.0530106
3.131,0.0290362,-0.0290542,-0.0290416,0.0503057
3.181,0.0273548,-0.0274005,-0.0273706,0.0474154
3.23,0.0262776,-0.0262681,-0.0262729,0.045506
3.278,0.025024,-0.0249822,-0.0250072,0.043309
3.331,0.0232702,-0.0232712,-0.0232697,0.0403054
3.382,0.0214136,-0.0214482,-0.0214257,0.0371164
3.431,0.020389,-0.0203772,-0.020384,0.035305
3.48,0.0189106,-0.0188565,-0.0188902,0.0327111
3.533,0.0174128,-0.0173394,-0.0173855,0.0301018
3.582,0.01566,-0.0156488,-0.0156556,0.0271149
3.631,0.0146126,-0.0146072,-0.0146105,0.0253054
3.678,0.0134658,-0.0134493,-0.0134596,0.0233104
3.73,0.0118396,-0.0118395,-0.0118394,0.0205066
3.78,0.0102259,-0.0102278,-0.0102265,0.0177132
3.831,0.0088346,-0.0088394,-0.00883629,0.0153057
3.879,0.00751309,-0.00751182,-0.0075126,0.013012
3.93,0.00606564,-0.00606654,-0.00606594,0.0105067
3.98,0.00445371,-0.00445259,-0.00445329,0.00771316
4.027,0.0034824,-0.00348006,-0.00348154,0.00602984
timestamp,vx,vy,vz,vmag
0,1.21327e-05,-1.21053e-05,-1.21228e-05,2.09929e-05
0.027,0.000140491,-0.000140483,-0.000140488,0.000243331
0.076,0.000594645,-0.000594592,-0.000594626,0.00102991
0.129,0.00146891,-0.00146892,-0.00146891,0.00254423
0.18,0.00297769,-0.00297772,-0.0029777,0.00515753
0.228,0.00380275,-0.00380212,-0.00380253,0.00658607
0.279,0.00544751,-0.0054498,-0.00544833,0.00943716
0.328,0.0065136,-0.00651382,-0.00651368,0.0112821
0.379,0.00823384,-0.00824142,-0.00823655,0.0142674
0.426,0.00910527,-0.00910446,-0.00910498,0.0157702
0.48,0.0112497,-0.0112694,-0.0112567,0.0195005
0.528,0.0122012,-0.0122077,-0.0122035,0.0211382
0.575,0.0132872,-0.013287,-0.0132871,0.0230139
0.628,0.0150782,-0.0150899,-0.0150823,0.0261254
0.677,0.0164994,-0.0165191,-0.0165063,0.0285931
0.728,0.0179514,-0.0179885,-0.0179643,0.0311216
0.779,0.0196672,-0.0198187,-0.0197198,0.0341826
0.827,0.0206773,-0.0208101,-0.0207233,0.0359175
0.876,0.0220605,-0.0221747,-0.0220997,0.0382986
0.929,0.0238117,-0.0239214,-0.0238489,0.041328
0.975,0.0247995,-0.0248623,-0.0248204,0.0430023
1.025,0.0262454,-0.0263023,-0.0262641,0.0455021
1.078,0.0281598,-0.0283065,-0.0282082,0.0488869
1.125,0.0291321,-0.0291895,-0.0291502,0.0505019
1.177,0.0308826,-0.0310162,-0.0309255,0.0535922
1.23,0.032563,-0.0327396,-0.0326195,0.0565355
1.277,0.0337622,-0.0339134,-0.0338095,0.0585925
1.326,0.0350099,-0.0351028,-0.0350378,0.0607087
1.378,0.0367907,-0.0370089,-0.0368577,0.0638883
1.428,0.038104,-0.0382699,-0.0381537,0.0661226
1.48,0.0399594,-0.0403155,-0.0400671,0.06948
1.528,0.0409832,-0.0411681,-0.0410367,0.0711228
1.578,0.0425419,-0.0428158,-0.0426208,0.0738887
1.629,0.0439638,-0.04421,-0.0440331,0.0763299
1.678,0.0454171,-0.0457203,-0.0455011,0.0788886
1.729,0.0468407,-0.0471122,-0.046914,0.0813298
1.779,0.0484287,-0.048842,-0.0485397,0.0841842
1.828,0.0494675,-0.049702,-0.0495264,0.0858497
1.876,0.0503166,-0.0504765,-0.0503523,0.087264
1.929,0.0511456,-0.0514192,-0.0512114,0.088783
1.978,0.0513903,-0.051693,-0.0514605,0.0892262
2.028,0.0516138,-0.0518068,-0.0516545,0.0895328
2.078,0.0516881,-0.0519682,-0.051748,0.0897229
2.126,0.0518315,-0.0518941,-0.0518368,0.089814
2.179,0.0517662,-0.0521211,-0.0518399,0.0899095
2.229,0.0517377,-0.0519539,-0.051778,0.0897605
2.277,0.0514803,-0.0516335,-0.0515034,0.0892683
2.327,0.0510123,-0.0510872,-0.0510182,0.0884026
2.378,0.0497174,-0.0498981,-0.0497447,0.0862333
2.426,0.0489325,-0.0489184,-0.0489191,0.0847377
2.479,0.0470332,-0.0472387,-0.047064,0.0816005
2.525,0.0464317,-0.0463528,-0.0464064,0.080362
2.577,0.0446693,-0.0447064,-0.0446666,0.0773893
2.629,0.0431112,-0.0431852,-0.0431167,0.0747167
2.679,0.0414576,-0.0415895,-0.0414726,0.0718915
2.728,0.0403889,-0.0404106,-0.0403855,0.0699662
2.777,0.0389725,-0.038983,-0.038967,0.0675053
2.826,0.0377756,-0.0377293,-0.0377619,0.0653946
2.877,0.0360948,-0.0360973,-0.0360892,0.0625162
2.926,0.0348918,-0.034847,-0.0348799,0.0604016
2.975,0.0335785,-0.0335069,-0.0335632,0.0581095
3.026,0.0320053,-0.0319627,-0.0319952,0.0554044
3.08,0.0297858,-0.0298622,-0.0297924,0.0516384
3.129,0.0287409,-0.0287527,-0.0287394,0.0497866
3.179,0.0270857,-0.0271193,-0.027087,0.0469339
3.227,0.0261057,-0.0260824,-0.0261004,0.0451999
3.279,0.0242037,-0.0242251,-0.024204,0.0419346
3.328,0.0231004,-0.023076,-0.023096,0.0399945
3.376,0.021865,-0.0217866,-0.021855,0.0378202
3.428,0.0202366,-0.0201528,-0.0202266,0.0349967
3.477,0.0187966,-0.0187485,-0.0187906,0.0325255
3.527,0.0174434,-0.017425,-0.017441,0.0302009
3.576,0.0160662,-0.0160526,-0.0160644,0.0278186
3.626,0.0146714,-0.0146636,-0.0146703,0.0254064
3.675,0.0133478,-0.0133378,-0.0133465,0.0231125
3.727,0.0116623,-0.0116633,-0.0116622,0.0202002
3.782,0.00960472,-0.00961425,-0.00960543,0.0166418
3.827,0.00877556,-0.00877655,-0.00877555,0.0152003
3.875,0.00757158,-0.00756856,-0.00757124,0.0131124
3.927,0.00588919,-0.00588921,-0.00588914,0.0102004
3.978,0.00417464,-0.00417405,-0.00417456,0.0072303
4.026,0.00308528,-0.00308407,-0.00308515,0.00534308
timestamp,vx,vy,vz,vmag
0,6.4673e-06,-6.55899e-06,-6.21575e-06,1.11122e-05
0.025,-9.53502e-05,9.58177e-05,9.4223e-05,0.000164775
0.078,-0.000728637,0.000728692,0.000728641,0.00126207
0.127,-0.00133436,0.0013344,0.00133437,0.00231121
0.179,-0.0028339,0.00283391,0.0028339,0.00490847
0.225,-0.00349303,0.00349408,0.00349311,0.00605076
0.279,-0.0054493,0.00544752,0.00544915,0.00943735
0.326,-0.00628705,0.00628814,0.00628714,0.0108902
0.374,-0.0074045,0.00740692,0.00740471,0.0128265
0.427,-0.00922214,0.00922139,0.00922208,0.0159728
0.48,-0.0112642,0.0112488,0.0112628,0.0195004
0.526,-0.0119676,0.0119674,0.0119676,0.0207284
0.577,-0.0136298,0.0136195,0.0136288,0.023601
0.625,-0.0147263,0.0147286,0.0147266,0.0255082
0.677,-0.0165139,0.0164983,0.0165124,0.028593
0.726,-0.0177354,0.0177207,0.0177338,0.0307092
0.779,-0.0197794,0.0196577,0.0197664,0.0341813
0.83,-0.0211428,0.0210091,0.0211283,0.036535
0.88,-0.0228411,0.0227053,0.0228256,0.0394747
0.924,-0.0232819,0.0232361,0.0232762,0.0402957
0.975,-0.0248467,0.0247943,0.0248396,0.0430014
1.027,-0.0265361,0.0264628,0.0265261,0.0459138
1.078,-0.0282703,0.0281473,0.0282533,0.0488848
1.126,-0.0293011,0.0292353,0.029291,0.0507072
1.18,-0.0315271,0.0313266,0.0314977,0.054474
1.227,-0.0323177,0.0322244,0.0323025,0.0559133
1.275,-0.0335111,0.0334488,0.0334994,0.0580003
1.325,-0.0349537,0.0348939,0.0349419,0.0605002
1.379,-0.0371448,0.0369107,0.0371046,0.0641786
1.425,-0.0378431,0.0377771,0.0378289,0.0654999
1.477,-0.0396684,0.0394953,0.0396349,0.0685885
1.528,-0.0411281,0.0409581,0.0410942,0.0711183
1.581,-0.0431364,0.0427832,0.0430675,0.0744712
1.626,-0.0437565,0.0436392,0.0437292,0.0757051
1.681,-0.0460435,0.0456413,0.0459597,0.0794697
1.726,-0.0466488,0.0465187,0.0466164,0.0807043
1.778,-0.0485597,0.0482373,0.0484858,0.0838794
1.83,-0.0498953,0.0495662,0.0498184,0.0861871
1.879,-0.0508588,0.0504457,0.0507598,0.0877949
1.928,-0.0512979,0.0510726,0.0512388,0.0886865
1.979,-0.0517012,0.0513038,0.0515996,0.0892616
2.029,-0.0518147,0.0515536,0.0517437,0.0895542
2.077,-0.0518781,0.0516686,0.0518164,0.0896991
2.127,-0.0519193,0.0517809,0.0518748,0.0898213
2.179,-0.0520665,0.0516856,0.0519585,0.0899
2.227,-0.0518971,0.0517704,0.0518539,0.0897904
2.279,-0.0516119,0.0512521,0.0515052,0.0891255
2.326,-0.0511145,0.0510714,0.0510927,0.0884954
2.378,-0.0498773,0.0496648,0.0498081,0.0862275
2.424,-0.0490815,0.049182,0.0491002,0.0850805
2.479,-0.0472152,0.0469733,0.0471365,0.0815942
2.527,-0.0461876,0.04616,0.0461714,0.079974
2.577,-0.0447075,0.0446491,0.0446822,0.0773873
2.628,-0.0432784,0.0432251,0.0432556,0.0749164
2.678,-0.0417196,0.0416185,0.0416821,0.0721805
2.727,-0.040514,0.0405153,0.0405087,0.07017
2.778,-0.0388398,0.0387607,0.0388096,0.0672094
2.828,-0.0375296,0.0375048,0.0375172,0.0649817
2.875,-0.0363998,0.0364805,0.0364212,0.0631053
2.93,-0.0344288,0.034356,0.0344019,0.0595748
2.976,-0.0333643,0.0334005,0.0333726,0.0578144
3.027,-0.0318607,0.0318796,0.031864,0.0551972
3.078,-0.0301669,0.0301368,0.0301543,0.0522259
3.13,-0.0286427,0.0286025,0.0286272,0.0495784
3.177,-0.0274329,0.027443,0.0274343,0.0475219
3.226,-0.0261968,0.0262382,0.0262092,0.0454052
3.279,-0.0242238,0.0241939,0.0242122,0.0419328
3.328,-0.0230847,0.0230967,0.0230877,0.0399926
3.377,-0.0216556,0.0216745,0.0216611,0.0375227
3.427,-0.0203065,0.0203425,0.0203182,0.0351995
3.476,-0.0189135,0.0189907,0.0189398,0.032819
3.527,-0.0173972,0.0174855,0.0174276,0.0302014
3.578,-0.0157065,0.0157386,0.0157174,0.0272294
3.627,-0.0145404,0.014559,0.0145467,0.0251991
3.679,-0.0126668,0.0126598,0.0126642,0.021934
3.728,-0.0115427,0.0115426,0.0115425,0.0199924
3.78,-0.00961198,0.00960107,0.00960802,0.0166398
3.827,-0.00877456,0.00877517,0.00877472,0.0151984
3.877,-0.00722935,0.00723037,0.00722967,0.0125224
3.926,-0.00600623,0.00600801,0.00600684,0.0104045
3.979,-0.00400337,0.00400376,0.00400349,0.00693434
4.029,-0.0027085,0.002709,0.00270866,0.00469164
timestamp,vx,vy,vz,vmag
0,-1.84579e-05,1.84995e-05,1.84727e-05,3.20026e-05
0.03,0.000197941,-0.000197943,0.000194999,0.000341155
0.076,0.000596479,-0.000596434,0.000594252,0.00103182
0.126,0.00126728,-0.00126721,0.00126598,0.0021942
0.176,0.00240191,-0.00240175,0.00240114,0.00415969
0.23,0.004009,-0.00400884,0.0040087,0.00694353
0.28,0.00560729,-0.00560994,0.00560865,0.00971443
0.33,0.00673925,-0.00674083,0.00674018,0.0116742
0.38,0.0083993,-0.0084077,0.00840388,0.0145555
0.424,0.00887292,-0.0088691,0.00887116,0.0153651
0.477,0.0107492,-0.0107558,0.010753,0.0186241
0.527,0.0120842,-0.0120872,0.0120861,0.0209332
0.579,0.0139531,-0.0139759,0.0139655,0.0241879
0.628,0.0150781,-0.0150882,0.0150839,0.0261252
0.677,0.0164992,-0.0165164,0.0165088,0.028593
0.727,0.0178365,-0.0178605,0.0178499,0.0309153
0.778,0.0195071,-0.0196196,0.0195678,0.0338873
0.831,0.0210214,-0.0211625,0.0210974,0.0365356
0.877,0.0222246,-0.0223351,0.0222846,0.0385927
0.93,0.0239261,-0.0240302,0.0239831,0.0415343
0.977,0.0251195,-0.0252129,0.0251712,0.0435921
1.03,0.0268071,-0.0269226,0.0268711,0.046535
1.077,0.0280019,-0.028104,0.0280592,0.0485928
1.126,0.0292424,-0.0293085,0.0292803,0.0507094
1.18,0.0313478,-0.0315517,0.031462,0.0544799
1.228,0.0323443,-0.0324567,0.0324085,0.0561239
1.281,0.0342226,-0.034451,0.0343521,0.0594821
1.329,0.0353312,-0.0354819,0.0354179,0.0613326
1.375,0.0363416,-0.0364051,0.0363805,0.0630046
1.426,0.0378921,-0.0379798,0.0379449,0.0657122
1.475,0.0392263,-0.039294,0.0392688,0.0680056
1.524,0.0405684,-0.0406005,0.0405907,0.0702979
1.575,0.0421111,-0.042183,0.0421573,0.0730068
1.625,0.0435568,-0.0436244,0.0436006,0.0755069
1.677,0.0452752,-0.0454745,0.0453971,0.0786045
1.729,0.0468382,-0.0470721,0.0469809,0.0813438
1.776,0.0480172,-0.048166,0.0481119,0.0833089
1.826,0.0493094,-0.0494229,0.0493834,0.0855147
1.88,0.0505825,-0.0510182,0.0508515,0.0880189
1.925,0.0510279,-0.0510766,0.0510647,0.0884323
1.981,0.0513715,-0.0517702,0.0516226,0.0893537
2.028,0.0516106,-0.0517782,0.0517211,0.0895529
2.079,0.0516567,-0.0519768,0.0518635,0.0897766
2.13,0.0517579,-0.0520094,0.0519223,0.0898876
2.18,0.0517276,-0.0521134,0.0519788,0.089963
2.229,0.0517338,-0.0519228,0.0518614,0.0897884
2.28,0.0512518,-0.051612,0.0514903,0.0891168
2.325,0.0511626,-0.0511377,0.0511554,0.0885977
2.378,0.0497131,-0.0498725,0.0498251,0.0862623
2.429,0.0485735,-0.048692,0.0486582,0.0842491
2.476,0.0475895,-0.0475835,0.0475942,0.0824267
2.528,0.0460409,-0.0460901,0.0460806,0.0797966
2.578,0.0444752,-0.0445654,0.0445426,0.0771243
2.627,0.0433732,-0.0433712,0.0433785,0.0751265
2.677,0.0418357,-0.0418565,0.0418564,0.0724856
2.726,0.0406508,-0.0406116,0.0406304,0.0703748
2.777,0.0389706,-0.0389817,0.0389839,0.0675132
2.828,0.0375133,-0.0375258,0.0375267,0.0649899
2.877,0.0360931,-0.036097,0.0361006,0.0625217
2.927,0.0347618,-0.0347456,0.0347549,0.0601959
2.98,0.03266,-0.0327492,0.0327256,0.0566582
3.03,0.0314947,-0.0315326,0.0315242,0.0545893
3.082,0.0297876,-0.029847,0.0298322,0.0516537
3.129,0.0287392,-0.0287507,0.02875,0.0497906
3.178,0.0272628,-0.0272732,0.0272728,0.0472323
3.23,0.0257307,-0.0257485,0.0257454,0.0445856
3.277,0.0245564,-0.0245433,0.0245493,0.0425213
3.33,0.0228538,-0.0228497,0.0228525,0.0395808
3.375,0.0220383,-0.0219601,0.0219843,0.0380952
3.427,0.0203589,-0.0202763,0.0203014,0.0351818
3.477,0.0187961,-0.0187531,0.0187666,0.0325139
3.526,0.0175648,-0.0175406,0.0175484,0.0303997
3.58,0.0153728,-0.0153906,0.0153864,0.0266446
3.629,0.0143075,-0.014314,0.0143129,0.0247882
3.679,0.0126591,-0.0126695,0.0126672,0.0219369
3.729,0.0114207,-0.0114273,0.011426,0.0197882
3.779,0.00977396,-0.00978077,0.00977934,0.016936
3.827,0.00877436,-0.00877529,0.00877542,0.0151988
3.879,0.00688897,-0.00689186,0.00689137,0.0119351
3.927,0.00588803,-0.00588806,0.0058883,0.0101985
3.978,0.00417351,-0.00417298,0.0041733,0.00722831
4.026,0.00308421,-0.00308312,0.00308355,0.005341
timestamp,vx,vy,vz,vmag
0,6.2914e-06,-6.28166e-06,6.28458e-06,1.08875e-05
0.044,-0.000116017,0.00011602,-0.000116019,0.00020095
0.094,-0.000596154,0.000596191,-0.000596181,0.00103261
0.143,-0.00119952,0.00119961,-0.00119958,0.00207772
0.194,-0.0024017,0.00240183,-0.0024018,0.00416
0.248,-0.00400887,0.004009,-0.00400896,0.00694369
0.298,-0.00560958,0.00560742,-0.00560801,0.00971392
0.345,-0.00640047,0.00640087,-0.00640076,0.0110863
0.394,-0.00773852,0.00773765,-0.00773789,0.0134026
0.444,-0.0091047,0.00910527,-0.00910511,0.0157704
0.494,-0.0105851,0.0105826,-0.0105833,0.0183314
0.546,-0.0122061,0.0122014,-0.0122027,0.0211368
0.594,-0.0134585,0.0134539,-0.0134552,0.0233062
0.646,-0.0150869,0.0150786,-0.0150809,0.026123
0.694,-0.0163414,0.0163343,-0.0163363,0.0282971
0.746,-0.0179731,0.0179603,-0.0179638,0.0311175
0.795,-0.0194019,0.0193819,-0.0193876,0.0335853
0.848,-0.0211153,0.0210612,-0.0210768,0.0365193
0.893,-0.0219671,0.0219062,-0.0219241,0.0379881
0.945,-0.0236768,0.0235524,-0.0235888,0.0408869
0.996,-0.025394,0.0252647,-0.0253029,0.0438565
1.048,-0.0269137,0.0268048,-0.0268375,0.0465091
1.094,-0.0279173,0.0278417,-0.0278649,0.0482803
1.147,-0.0296803,0.0295749,-0.0296074,0.0513049
1.196,-0.0311687,0.0310388,-0.0310794,0.0538592
1.247,-0.0325735,0.0324549,-0.0324924,0.0563038
1.296,-0.0340644,0.0339161,-0.0339636,0.0588575
1.345,-0.0352118,0.0351174,-0.0351484,0.0608975
1.396,-0.0369618,0.0367917,-0.0368476,0.0638557
1.445,-0.0381046,0.037998,-0.0380341,0.0658969
1.495,-0.0396708,0.0395193,-0.0395709,0.0685668
1.546,-0.0411304,0.0409818,-0.0410329,0.0710979
1.595,-0.0425673,0.0423963,-0.0424562,0.073566
1.645,-0.0438922,0.0437577,-0.0438059,0.0758961
1.697,-0.0458577,0.0455519,-0.0456598,0.0791374
1.744,-0.0466501,0.046538,-0.0465803,0.0806953
1.796,-0.0485633,0.0482838,-0.0483861,0.0838507
1.848,-0.0498987,0.0496137,-0.0497185,0.0861587
1.895,-0.0505887,0.0503736,-0.0504562,0.0874216
1.949,-0.0514382,0.0511693,-0.0512716,0.0888423
1.994,-0.0515209,0.0514013,-0.0514516,0.0891278
2.049,-0.0518476,0.0515913,-0.0516919,0.089565
2.094,-0.0518327,0.0517296,-0.0517755,0.0896843
2.145,-0.0519195,0.0518016,-0.0518528,0.0898206
2.196,-0.0520277,0.0517779,-0.0518816,0.0898863
2.243,-0.0518692,0.0518595,-0.0518702,0.0898351
2.295,-0.0516165,0.051462,-0.0515306,0.0892637
2.344,-0.0511136,0.0510776,-0.0510987,0.088502
2.396,-0.0498775,0.0496952,-0.0497761,0.0862267
2.444,-0.0489266,0.0489239,-0.0489316,0.0847447
2.495,-0.047465,0.0473907,-0.0474283,0.0821478
2.545,-0.0461867,0.0461633,-0.046179,0.0799798
2.597,-0.0444349,0.0442643,-0.0443421,0.0768115
2.644,-0.0434739,0.0435027,-0.043496,0.0753283
2.696,-0.0417191,0.0416319,-0.0416746,0.0721836
2.746,-0.0404115,0.0403794,-0.0403976,0.0699682
2.795,-0.0389855,0.0389639,-0.038978,0.0675081
2.844,-0.0377378,0.0377742,-0.0377622,0.0653989
2.894,-0.0362496,0.0362782,-0.0362695,0.0628142
2.944,-0.0348542,0.0348915,-0.0348782,0.0604047
2.994,-0.0333639,0.0333947,-0.0333841,0.0578174
3.043,-0.0320772,0.0321357,-0.0321121,0.0556132
3.094,-0.0304773,0.0305093,-0.0304973,0.0528183
3.144,-0.0290827,0.0291193,-0.0291047,0.0504066
3.195,-0.0274327,0.027441,-0.0274391,0.0475233
3.242,-0.0264201,0.0264848,-0.0264568,0.0458195
3.297,-0.0242235,0.0241973,-0.0242108,0.0419339
3.345,-0.0231919,0.0232256,-0.0232111,0.0402001
3.397,-0.0212979,0.021351,-0.021327,0.0369365
3.445,-0.0202738,0.0203714,-0.0203265,0.0352021
3.496,-0.0185909,0.0186236,-0.0186088,0.0322296
3.546,-0.0173114,0.0173211,-0.0173168,0.0299929
3.595,-0.0158875,0.0158926,-0.0158905,0.0275226
3.645,-0.014547,0.0145496,-0.0145486,0.0251985
3.694,-0.0131706,0.0131753,-0.0131733,0.0228165
3.744,-0.0117794,0.0117815,-0.0117807,0.0204044
3.794,-0.0102853,0.0102872,-0.0102864,0.0178164
3.843,-0.00901129,0.00901398,-0.0090128,0.0156104
3.899,-0.00672297,0.00671789,-0.00672039,0.0116401
3.946,-0.00576965,0.00576855,-0.00576913,0.00999239
3.997,-0.00400349,0.0040035,-0.00400353,0.00693428
4.047,-0.00270855,0.00270879,-0.00270871,0.00469158
timestamp,vx,vy,vz,vmag
0,-6.43605e-06,6.44824e-06,-6.44247e-06,1.11583e-05
0.033,0.000115614,0.000120153,-0.000120151,0.000205523
0.085,0.000728611,0.000727991,-0.000727994,0.00126128
0.134,0.00133434,0.00133397,-0.00133397,0.00231071
0.186,0.00283388,0.0028337,-0.0028337,0.00490821
0.233,0.00359585,0.00359671,-0.00359674,0.00622921
0.286,0.00544988,0.00544786,-0.00544779,0.00943709
0.333,0.00628662,0.00628786,-0.00628791,0.0108902
0.383,0.00773876,0.00773775,-0.0077377,0.0134027
0.436,0.00945816,0.00945434,-0.00945419,0.0163775
0.488,0.0112689,0.0112526,-0.011252,0.0194991
0.532,0.0118476,0.0118502,-0.0118503,0.0205237
0.585,0.0138064,0.0137893,-0.0137886,0.0238932
0.636,0.0152113,0.015197,-0.0151964,0.0263299
0.686,0.0168699,0.0168353,-0.0168339,0.0291788
0.732,0.0176161,0.0176082,-0.0176079,0.0305027
0.781,0.0189098,0.0188709,-0.0188693,0.0327069
0.835,0.0209396,0.0208102,-0.0208047,0.036116
0.886,0.0227123,0.0225727,-0.0225666,0.0391743
0.933,0.0235495,0.023479,-0.0234757,0.0407057
0.983,0.0250495,0.0249708,-0.024967,0.043294
1.035,0.0266914,0.0265961,-0.0265913,0.0461182
1.082,0.0277533,0.027695,-0.0276919,0.0480011
1.132,0.0291945,0.0291398,-0.0291367,0.0505014
1.181,0.0304517,0.0304216,-0.0304196,0.052708
1.235,0.0324868,0.0323621,-0.0323551,0.0561209
1.285,0.0341248,0.0339401,-0.0339298,0.0588868
1.334,0.035251,0.0351334,-0.0351261,0.0609166
1.385,0.0370333,0.0368198,-0.0368072,0.06389
1.433,0.0380099,0.0379069,-0.0378999,0.0657122
1.486,0.0401518,0.0398531,-0.0398346,0.0691898
1.53,0.0404733,0.0404666,-0.0404645,0.0700929
1.585,0.0428578,0.0425787,-0.04256,0.0738992
1.635,0.044102,0.0438901,-0.0438746,0.0761335
1.683,0.0453311,0.0451593,-0.0451459,0.0783098
1.733,0.0467035,0.046561,-0.0465487,0.0807212
1.783,0.0482342,0.0480432,-0.0480271,0.0833145
1.835,0.049756,0.0495,-0.0494782,0.085872
1.881,0.0501836,0.0501807,-0.0501769,0.086915
1.935,0.0513951,0.0511475,-0.0511245,0.08872
1.984,0.0516806,0.0514311,-0.0514074,0.0892119
2.038,0.0519754,0.0516476,-0.0516162,0.0896278
2.084,0.0519738,0.051742,-0.051718,0.0897399
2.133,0.0519313,0.0518416,-0.0518288,0.0898367
2.182,0.051922,0.0518983,-0.0518912,0.0899001
2.233,0.0519205,0.0518436,-0.0518312,0.089833
2.283,0.0516667,0.0515648,-0.05155,0.0893632
2.333,0.0511405,0.0510929,-0.0510827,0.0885171
2.384,0.0500443,0.0499009,-0.0498814,0.0865025
2.431,0.0490435,0.0491543,-0.0491604,0.0850773
2.485,0.0474238,0.0472395,-0.0472153,0.0819138
2.534,0.0462072,0.0461757,-0.0461674,0.0799921
2.586,0.0445352,0.0443126,-0.0442836,0.0768637
2.636,0.0432317,0.0431232,-0.0431065,0.0747446
2.686,0.0416618,0.0414778,-0.0414526,0.0719336
2.735,0.0404356,0.040393,-0.0403842,0.0699822
2.785,0.0388841,0.0387938,-0.0387796,0.0672368
2.832,0.0378114,0.0378949,-0.0379022,0.0655919
2.886,0.0358591,0.035737,-0.0357188,0.0619583
2.936,0.0345608,0.0345111,-0.0345021,0.0597985
2.986,0.0329528,0.0328566,-0.0328418,0.0569564
3.036,0.0316627,0.0316276,-0.0316208,0.054797
3.083,0.0304627,0.0305033,-0.0305071,0.052812
3.134,0.0289648,0.0289887,-0.0289904,0.0501971
3.184,0.0274309,0.0274412,-0.0274412,0.0475236
3.236,0.0258692,0.0258577,-0.0258548,0.0447919
3.284,0.0245388,0.0245549,-0.0245562,0.0425218
3.335,0.0230805,0.0230935,-0.0230945,0.0399922
3.384,0.0216479,0.0216684,-0.0216707,0.0375203
3.434,0.0202988,0.0203278,-0.0203315,0.0351942
3.486,0.0184443,0.0184375,-0.018436,0.0319377
3.534,0.0174055,0.0174418,-0.0174469,0.0301921
3.585,0.0156754,0.0157295,-0.0157375,0.0272177
3.632,0.0147123,0.0148003,-0.0148137,0.0255919
3.687,0.0124897,0.0124957,-0.0124965,0.0216402
3.735,0.0115337,0.0115451,-0.0115467,0.019991
3.784,0.0101098,0.0101185,-0.0101198,0.0175214
3.833,0.00888744,0.00889552,-0.00889681,0.0154036
3.885,0.00705941,0.0070608,-0.00706105,0.012229
3.932,0.00612213,0.00612721,-0.00612805,0.0106102
3.982,0.00467915,0.00468375,-0.00468451,0.00811028
4.033,0.00308205,0.00308461,-0.00308505,0.00534148
timestamp,vx,vy,vz,vmag
0,1.32441e-05,1.32802e-05,-1.32862e-05,2.29846e-05
0.013,-3.02423e-06,-3.00833e-06,3.00571e-06,5.21827e-06
0.064,-0.000377715,-0.000377708,0.000377707,0.000654213
0.114,-0.000924159,-0.000923985,0.000923957,0.00160047
0.164,-0.00191872,-0.00191898,0.00191902,0.00332364
0.213,-0.00297715,-0.00297617,0.00297601,0.00515535
0.263,-0.0042838,-0.00428412,0.00428417,0.00742016
0.314,-0.0057457,-0.00574559,0.00574556,0.0099517
0.365,-0.00730222,-0.00730815,0.00730909,0.0126552
0.414,-0.00854505,-0.00854804,0.0085485,0.0148042
0.461,-0.00955934,-0.00955775,0.00955748,0.0165553
0.511,-0.0109902,-0.0109881,0.0109877,0.0190329
0.563,-0.0127117,-0.0127223,0.012724,0.0220306
0.613,-0.0141332,-0.0141433,0.0141449,0.024492
0.664,-0.0156952,-0.0157595,0.0157695,0.0272649
0.713,-0.0169385,-0.0170402,0.0170559,0.029465
0.763,-0.0183849,-0.018504,0.018522,0.0319917
0.813,-0.019832,-0.0199249,0.0199386,0.0344653
0.863,-0.0212949,-0.0213864,0.0213996,0.0369972
0.915,-0.0229772,-0.0230954,0.0231123,0.039944
0.963,-0.0241746,-0.024275,0.0242889,0.0419957
1.013,-0.0256019,-0.0257,0.0257133,0.0444649
1.064,-0.0271778,-0.027318,0.0273369,0.0472463
1.111,-0.0282394,-0.028302,0.0283097,0.0489888
1.161,-0.02968,-0.0297464,0.0297543,0.0514886
1.215,-0.031583,-0.0317703,0.0317942,0.0549337
1.262,-0.0326808,-0.0327906,0.0328037,0.0567392
1.313,-0.0342269,-0.0343714,0.0343885,0.0594596
1.364,-0.0357844,-0.0359949,0.03602,0.0622382
1.417,-0.0374286,-0.0377033,0.0377355,0.0651644
1.462,-0.0384374,-0.0385713,0.0385854,0.0667384
1.515,-0.0401773,-0.0404529,0.0404834,0.0699254
1.563,-0.0414179,-0.0416227,0.0416439,0.0719868
1.616,-0.0431375,-0.0434996,0.043538,0.0751572
1.665,-0.0444839,-0.0448408,0.0448776,0.0774824
1.713,-0.0457237,-0.0459405,0.0459605,0.0794579
1.763,-0.0471649,-0.0474097,0.0474319,0.0819878
1.814,-0.0486744,-0.0489785,0.0490058,0.0846738
1.864,-0.0497646,-0.0500886,0.0501169,0.0865857
1.912,-0.0506064,-0.050755,0.0507646,0.0878301
1.961,-0.0512075,-0.0512592,0.0512591,0.0887536
2.012,-0.051477,-0.0515881,0.0515932,0.0892921
2.061,-0.0516944,-0.0517146,0.0517113,0.0895587
2.114,-0.0516556,-0.0518984,0.0519145,0.08976
2.164,-0.0517031,-0.0519556,0.0519721,0.0898538
2.214,-0.0517467,-0.0519758,0.0519897,0.0899007
2.262,-0.0517179,-0.0517837,0.0517842,0.0896543
2.314,-0.051238,-0.0514401,0.0514511,0.0889867
2.365,-0.0502348,-0.0504867,0.0505012,0.0873087
2.415,-0.0491432,-0.049358,0.0493694,0.0853733
2.462,-0.0484042,-0.0483923,0.0483877,0.0838221
2.515,-0.0465792,-0.0467444,0.0467522,0.0808729
2.56,-0.0461086,-0.0459535,0.0459402,0.0796758
2.613,-0.0441728,-0.0441896,0.044188,0.076528
2.663,-0.0427403,-0.0427511,0.0427493,0.0740398
2.716,-0.0408138,-0.0409655,0.0409724,0.0708708
2.762,-0.0400646,-0.0400184,0.0400138,0.0693379
2.811,-0.0388044,-0.0387156,0.0387089,0.0671048
2.863,-0.0370093,-0.0370023,0.0370004,0.0640929
2.913,-0.0355875,-0.0355776,0.0355758,0.0616269
2.962,-0.0343003,-0.0342544,0.0342509,0.0593549
3.015,-0.032383,-0.03243,0.0324314,0.0561441
3.064,-0.0310765,-0.0310881,0.0310879,0.0538394
3.114,-0.0296629,-0.0296709,0.0296705,0.0513866
3.162,-0.028524,-0.0284818,0.0284791,0.0493548
3.216,-0.0264728,-0.0265154,0.0265169,0.0459023
3.264,-0.0253125,-0.0253094,0.0253088,0.0438386
3.317,-0.0235978,-0.0236227,0.0236235,0.0409018
3.361,-0.0229046,-0.022853,0.0228505,0.0396109
3.411,-0.0214588,-0.0214104,0.0214081,0.0371106
3.463,-0.0197146,-0.0196703,0.0196682,0.0340943
3.515,-0.0180215,-0.0179593,0.0179566,0.0311408
3.563,-0.0168431,-0.0167752,0.0167724,0.0290931
3.611,-0.0156872,-0.0156346,0.0156324,0.0271091
3.666,-0.0134589,-0.0134672,0.0134675,0.0233212
3.716,-0.0120598,-0.0120701,0.0120705,0.0209003
3.763,-0.0110264,-0.0110231,0.011023,0.0190944
3.813,-0.00959969,-0.00959877,0.00959876,0.0166261
3.862,-0.00828832,-0.0082853,0.00828521,0.0143522
3.915,-0.00643111,-0.00643361,0.00643373,0.011142
3.965,-0.00495265,-0.00495297,0.00495299,0.00857863
4.014,-0.0036431,-0.00364231,0.0036423,0.00630912
4.064,-0.00233996,-0.00233876,0.00233873,0.00405152
timestamp,vx,vy,vz,vmag
0,-1.82294e-05,-1.81932e-05,1.81919e-05,3.15317e-05
0.02,1.22503e-05,1.22692e-05,3.1181e-05,3.56771e-05
0.072,0.000445919,0.000445933,0.000444278,0.000771416
0.121,0.000937647,0.000937818,0.00093544,0.00162288
0.175,0.00245746,0.00245694,0.00245644,0.00425556
0.225,0.00351299,0.00351424,0.00351258,0.00608516
0.275,0.00504011,0.00503659,0.00503953,0.00872737
0.322,0.00585666,0.005858,0.00585669,0.0101448
0.373,0.00749386,0.00748793,0.00749331,0.012976
0.423,0.00878554,0.00878387,0.00878552,0.015216
0.472,0.0101735,0.0101654,0.0101729,0.017616
0.523,0.0116477,0.0116419,0.0116474,0.0201709
0.573,0.0132142,0.0131926,0.0132122,0.0228741
0.619,0.0140239,0.0140303,0.0140249,0.0242944
0.67,0.0156094,0.0155733,0.0156056,0.0270133
0.723,0.017466,0.0173427,0.0174524,0.0301731
0.776,0.0193786,0.0192155,0.0193597,0.0334599
0.824,0.020468,0.0203611,0.0204554,0.0353827
0.871,0.0215694,0.0214829,0.0215585,0.0373031
0.92,0.0228358,0.0227745,0.0228278,0.0395128
0.972,0.0246382,0.0245162,0.0246215,0.0425946
1.023,0.0261246,0.0260033,0.0261077,0.0451694
1.071,0.0273541,0.0272454,0.0273377,0.0473065
1.12,0.0286154,0.0285425,0.0286036,0.0495145
1.173,0.0306206,0.0304107,0.0305874,0.0528964
1.219,0.0313684,0.0313155,0.0313582,0.0542953
1.275,0.0339065,0.0335578,0.0338484,0.0584935
1.322,0.0346831,0.0345201,0.0346538,0.059962
1.371,0.0360451,0.0358781,0.0360129,0.0623171
1.421,0.0374379,0.0372921,0.0374086,0.0647433
1.473,0.0393466,0.0390118,0.039281,0.0679196
1.523,0.0406344,0.040369,0.0405804,0.0701967
1.57,0.0416381,0.0415064,0.0416059,0.0720247
1.623,0.0435424,0.0432382,0.0434762,0.0752041
1.675,0.0456072,0.0449705,0.0454683,0.0785477
1.723,0.0464529,0.0461061,0.0463721,0.0802124
1.771,0.0476527,0.0473773,0.0475818,0.0823372
1.823,0.0493294,0.0489398,0.0492325,0.0851606
1.871,0.0501546,0.0498778,0.0500773,0.0866661
1.92,0.0508637,0.050731,0.0508187,0.087996
1.974,0.0517899,0.0511491,0.051618,0.0892348
2.022,0.0517612,0.0514879,0.0516784,0.0894476
2.075,0.052199,0.051433,0.0519848,0.0898472
2.125,0.0521545,0.05161,0.0519971,0.0899299
2.171,0.0519951,0.0517992,0.0519238,0.089904
2.221,0.0519835,0.0518405,0.0519268,0.0899228
2.274,0.0519307,0.051331,0.0517419,0.0894924
2.322,0.0514461,0.0512357,0.0513683,0.088941
2.372,0.050509,0.0502737,0.0504209,0.0872976
2.422,0.0493911,0.049256,0.049334,0.085437
2.473,0.0479829,0.0476921,0.0478762,0.0828796
2.525,0.0465671,0.0462152,0.0464433,0.0803823
2.572,0.0453204,0.0452082,0.0452692,0.078403
2.622,0.0439591,0.0439132,0.0439309,0.0760966
2.674,0.0422659,0.0419805,0.0421588,0.0729804
2.722,0.0410945,0.0410721,0.0410757,0.071154
2.773,0.0394817,0.0393392,0.0394224,0.0682679
2.824,0.0380367,0.0379003,0.0379811,0.0657707
2.869,0.0370572,0.0372696,0.037122,0.0643451
2.922,0.0353192,0.0353272,0.0353145,0.0611766
2.97,0.0340561,0.0341835,0.0340942,0.0590825
3.024,0.0322358,0.0321557,0.0322013,0.0557679
3.074,0.0306506,0.0305364,0.0306035,0.0529953
3.122,0.0295352,0.0295626,0.0295407,0.0511755
3.171,0.0281535,0.0282185,0.0281733,0.0488123
3.222,0.0266441,0.0266782,0.0266535,0.0461741
3.272,0.0251243,0.0251505,0.0251311,0.0435355
3.321,0.0238616,0.0239288,0.0238846,0.0413816
3.375,0.0217947,0.0217336,0.0217692,0.0376995
3.425,0.0205326,0.0205067,0.0205211,0.0355419
3.473,0.0191921,0.0192068,0.0191964,0.0332527
3.52,0.0182039,0.0182834,0.0182338,0.0315933
3.572,0.01643,0.0165115,0.0164613,0.0285228
3.624,0.0148059,0.0149095,0.0148463,0.0257278
3.673,0.0133827,0.0134568,0.0134117,0.0232391
3.722,0.0122048,0.012245,0.0122206,0.0211717
3.773,0.0105344,0.0105437,0.010538,0.0182535
3.822,0.00933625,0.00934568,0.00934003,0.0161785
3.872,0.00781311,0.00782065,0.00781618,0.0135388
3.92,0.00669743,0.00670731,0.00670146,0.0116083
3.973,0.00476436,0.00476764,0.00476574,0.0082548
4.024,0.00324168,0.00324293,0.00324222,0.00561579
timestamp,vx,vy,vz,vmag
0,1.38729e-05,1.39363e-05,1.38987e-05,2.40801e-05
0.055,-0.000225385,-0.000225378,-0.000225382,0.000390373
0.105,-0.000762663,-0.000762472,-0.000762586,0.00132082
0.156,-0.00164702,-0.00164724,-0.00164711,0.0028529
0.207,-0.0030334,-0.00303258,-0.00303307,0.00525334
0.252,-0.00363703,-0.00363397,-0.00363579,0.00629704
0.305,-0.00537508,-0.0053753,-0.00537517,0.00931009
0.356,-0.00682879,-0.0068321,-0.00683011,0.0118305
0.406,-0.00831146,-0.0083193,-0.00831462,0.0144022
0.455,-0.0095291,-0.00953433,-0.00953118,0.0165091
0.505,-0.0110072,-0.0110186,-0.0110117,0.0190742
0.556,-0.0124994,-0.0125495,-0.0125193,0.02169
0.606,-0.0139677,-0.0140981,-0.0140193,0.0242981
0.654,-0.0150726,-0.0151974,-0.0151217,0.026207
0.708,-0.0171457,-0.0173087,-0.0172094,0.0298284
0.755,-0.0180987,-0.0182065,-0.0181403,0.0314342
0.804,-0.0194402,-0.0195409,-0.0194786,0.0337518
0.854,-0.0208589,-0.0209577,-0.0208962,0.0362073
0.908,-0.0228788,-0.02311,-0.0229663,0.0398116
0.953,-0.0236236,-0.0237068,-0.0236539,0.0409828
1.003,-0.0250627,-0.0251536,-0.0250953,0.0434812
1.054,-0.0266176,-0.0267433,-0.0266626,0.0462017
1.104,-0.0280752,-0.0282212,-0.028127,0.048742
1.157,-0.029818,-0.0300847,-0.0299131,0.0518555
1.207,-0.0313276,-0.0316585,-0.0314448,0.0545203
1.257,-0.0326837,-0.0329896,-0.0327899,0.0568482
1.306,-0.0340691,-0.0343825,-0.0341763,0.0592527
1.354,-0.035254,-0.0354265,-0.0353097,0.0611936
1.407,-0.0370492,-0.0374781,-0.0371927,0.0645023
1.453,-0.03804,-0.0381608,-0.038075,0.0659772
1.507,-0.0399097,-0.0403897,-0.040065,0.0694933
1.557,-0.04128,-0.0417103,-0.0414151,0.0718262
1.607,-0.0427704,-0.0433023,-0.0429361,0.0744843
1.657,-0.0441459,-0.0446188,-0.0442883,0.0768189
1.709,-0.0457415,-0.0464109,-0.0459432,0.079731
1.759,-0.0471065,-0.0476897,-0.0472756,0.0820263
1.808,-0.048581,-0.049341,-0.0488003,0.084712
1.855,-0.0495178,-0.0498426,-0.0496004,0.0860029
1.906,-0.050476,-0.0509779,-0.0506075,0.0877935
1.956,-0.0510833,-0.0514718,-0.051178,0.0887583
2.006,-0.0513225,-0.051768,-0.05143,0.0892131
2.055,-0.0515841,-0.0518189,-0.0516302,0.0895086
2.106,-0.0516079,-0.0520126,-0.0516973,0.0896733
2.156,-0.0517183,-0.0520285,-0.0517801,0.0897938
2.208,-0.0515825,-0.052226,-0.051727,0.0897998
2.257,-0.0515647,-0.0519443,-0.0516392,0.0895753
2.303,-0.0515873,-0.0515387,-0.0515552,0.0893052
2.357,-0.0505338,-0.0508403,-0.0505867,0.0877349
2.405,-0.0496609,-0.049785,-0.04967,0.0860922
2.456,-0.0483677,-0.048507,-0.0483807,0.0838633
2.508,-0.0465561,-0.0469371,-0.046621,0.0808955
2.553,-0.0462,-0.0460595,-0.0461544,0.0799133
2.603,-0.0448131,-0.0446634,-0.0447671,0.0775056
2.654,-0.043233,-0.0431576,-0.0432041,0.0748216
2.704,-0.0417763,-0.0417098,-0.0417503,0.0723053
2.754,-0.040374,-0.0402964,-0.0403478,0.0698699
2.807,-0.0383328,-0.0384683,-0.0383463,0.0664805
2.854,-0.037495,-0.0374194,-0.0374721,0.0648864
2.909,-0.0352857,-0.035437,-0.0353025,0.0612138
2.956,-0.0343046,-0.0343157,-0.0342987,0.0594203
3.007,-0.0325931,-0.0326733,-0.0325987,0.0565025
3.052,-0.0320177,-0.0318818,-0.0319905,0.0553622
3.106,-0.0298945,-0.0299131,-0.0298917,0.0517879
3.157,-0.028395,-0.0284168,-0.0283935,0.0491933
3.206,-0.0270133,-0.0270206,-0.0270101,0.0467907
3.258,-0.0253712,-0.025404,-0.0253722,0.0439637
3.306,-0.0241309,-0.024129,-0.0241275,0.0417929
3.358,-0.0224914,-0.0225098,-0.0224913,0.0389668
3.407,-0.0210807,-0.0210913,-0.0210798,0.0365184
3.455,-0.0200342,-0.0199809,-0.0200261,0.0346649
3.508,-0.0180733,-0.018009,-0.0180647,0.0312618
3.556,-0.0170334,-0.016944,-0.0170221,0.0294446
3.605,-0.0156503,-0.0156015,-0.015644,0.0270754
3.654,-0.0143794,-0.0143517,-0.0143759,0.0248878
3.707,-0.0124217,-0.012429,-0.0124221,0.0215195
3.754,-0.0114838,-0.011474,-0.0114825,0.0198841
3.807,-0.00953499,-0.00954222,-0.0095355,0.0165196
3.854,-0.00859419,-0.00859027,-0.00859362,0.014883
3.904,-0.00712489,-0.00712152,-0.00712443,0.0123385
3.957,-0.00531047,-0.00531158,-0.0053105,0.00919866
4.006,-0.00391099,-0.00390975,-0.00391081,0.00677322
4.055,-0.00270125,-0.00269949,-0.00270104,0.00467756
