timestamp,vx,vy,vz,vmag
0,-1.19597e-05,-1.19282e-05,-1.19565e-05,2.06948e-05
0.029,7.47862e-05,-4.71564e-07,-4.72762e-07,7.47891e-05
0.078,0.000970533,8.41861e-07,8.2617e-07,0.000970534
0.126,0.00171511,8.04214e-07,6.73575e-07,0.00171511
0.178,0.00402921,7.03432e-08,3.82612e-07,0.00402921
0.227,0.00571913,1.03368e-06,8.9034e-08,0.00571913
0.276,0.00793452,-4.87952e-07,1.85302e-07,0.00793452
0.328,0.0105503,2.08812e-07,2.32261e-09,0.0105503
0.379,0.0135329,-6.87333e-06,8.95456e-07,0.0135329
0.424,0.0145829,1.8587e-06,-2.83292e-07,0.0145829
0.474,0.0170492,5.57024e-07,-1.43179e-07,0.0170492
0.526,0.0199569,-1.97213e-06,1.84442e-07,0.0199569
0.577,0.022875,-1.40152e-05,1.71127e-06,0.022875
0.626,0.0249417,-6.59072e-06,7.43475e-07,0.0249417
0.674,0.0270146,-2.31363e-05,2.6846e-06,0.0270146
0.725,0.0297423,-6.3448e-05,7.71291e-06,0.0297423
0.775,0.0323144,-7.29553e-05,8.75285e-06,0.0323145
0.827,0.0351693,-6.2488e-05,7.29196e-06,0.0351694
0.879,0.0384642,-0.000105416,1.19934e-05,0.0384643
0.926,0.0399507,-5.5927e-05,6.06654e-06,0.0399507
0.976,0.042597,-7.53274e-05,7.90086e-06,0.0425971
1.028,0.0453907,-8.60443e-05,9.00398e-06,0.0453908
1.077,0.0478924,-0.000107813,1.07803e-05,0.0478926
1.124,0.0495144,-4.33522e-05,3.65056e-06,0.0495144
1.176,0.0526034,-0.000100477,9.12498e-06,0.0526035
1.224,0.054515,-4.77092e-05,3.53269e-06,0.054515
1.277,0.0579023,-0.000146065,1.26103e-05,0.0579025
1.329,0.0606265,-0.000158164,1.36898e-05,0.0606267
1.375,0.0623133,-9.535e-05,6.64464e-06,0.0623134
1.425,0.064739,-8.22077e-05,5.28425e-06,0.064739
1.475,0.0673148,-0.000106458,6.46594e-06,0.0673148
1.528,0.0704128,-0.000178558,1.24666e-05,0.070413
1.574,0.072016,-6.9439e-05,2.30458e-06,0.072016
1.629,0.0756416,-0.000234762,1.51094e-05,0.0756419
1.676,0.0776171,-0.000185635,9.42283e-06,0.0776173
1.726,0.0799666,-0.000148656,6.67142e-06,0.0799668
1.778,0.0832223,-0.000330917,1.66636e-05,0.0832229
1.825,0.0846942,-0.000118671,3.04651e-06,0.0846943
1.877,0.0870453,-0.000274957,1.05166e-05,0.0870457
1.927,0.088381,-0.000202069,6.45989e-06,0.0883812
1.975,0.0889515,-0.000115865,3.00904e-07,0.0889515
2.025,0.0893702,-8.24909e-05,-1.21351e-06,0.0893703
2.077,0.0896969,-0.000240641,4.65324e-06,0.0896972
2.127,0.0898228,-0.000168665,1.92562e-06,0.089823
2.178,0.0899352,-0.000304037,5.47056e-06,0.0899358
2.224,0.0898814,-7.4154e-06,-5.00612e-06,0.0898814
2.275,0.0895443,-6.90427e-05,-3.29301e-06,0.0895444
2.328,0.0888006,-0.000191657,1.0675e-06,0.0888008
2.375,0.0874501,-3.36081e-05,-4.06031e-06,0.0874501
2.428,0.0850738,-0.000148282,-4.71082e-07,0.0850739
2.477,0.0828251,-0.000126385,-1.60848e-06,0.0828252
2.527,0.0807065,-7.05513e-05,-2.14904e-06,0.0807065
2.578,0.0778349,-0.000151035,-9.59103e-07,0.0778351
2.626,0.0760756,-1.11937e-05,-2.78371e-06,0.0760756
2.678,0.072924,-0.000122464,-1.15969e-06,0.0729241
2.729,0.0705119,-0.000105263,-8.76672e-07,0.070512
2.78,0.0676738,-0.000132748,-7.59212e-07,0.067674
2.827,0.0659496,-2.52016e-05,-1.53158e-06,0.0659496
2.875,0.0638073,3.07249e-05,-1.94238e-06,0.0638073
2.927,0.060957,-1.64117e-05,-1.22781e-06,0.060957
2.974,0.0590963,6.28104e-05,-1.66418e-06,0.0590963
3.024,0.0565991,5.70996e-05,-1.39196e-06,0.0565991
3.078,0.0529679,-4.58396e-05,-7.07764e-07,0.0529679
3.128,0.0507478,-2.13804e-05,-6.48781e-07,0.0507478
3.179,0.0476846,-5.37864e-05,-4.86274e-07,0.0476846
3.224,0.0466044,4.80014e-05,-7.29177e-07,0.0466044
3.275,0.0438209,3.11278e-05,-5.80666e-07,0.0438209
3.329,0.0405343,-1.82048e-05,-3.57034e-07,0.0405343
3.378,0.0379688,-1.07545e-05,-3.40478e-07,0.0379688
3.426,0.0361781,2.10714e-05,-3.3681e-07,0.0361781
3.478,0.0329685,2.81702e-05,-2.72921e-07,0.0329685
3.528,0.0307481,5.79321e-05,-2.56536e-07,0.0307481
3.574,0.0291076,7.22569e-05,-2.53163e-07,0.0291076
3.629,0.0255354,-3.08091e-06,-1.47263e-07,0.0255354
3.677,0.0232551,2.24993e-06,-1.35675e-07,0.0232551
3.728,0.0207503,-4.19417e-06,-1.15191e-07,0.0207503
3.776,0.0185402,2.11788e-06,-1.02865e-07,0.0185402
3.829,0.0155355,-6.73264e-06,-8.0772e-08,0.0155355
3.878,0.0129704,-2.46437e-06,-6.72097e-08,0.0129704
3.927,0.0109655,-9.39504e-07,-5.6189e-08,0.0109655
3.974,0.00911045,2.45242e-06,-4.66882e-08,0.00911045
4.028,0.00561598,1.19879e-07,-2.84231e-08,0.00561598
timestamp,vx,vy,vz,vmag
0,2.34053e-05,-1.82629e-07,1.11022e-14,2.3406e-05
0.026,-0.000196313,9.55701e-07,-6.52067e-10,0.000196315
0.079,-0.0013778,6.176e-08,-1.69309e-11,0.0013778
0.127,-0.00231162,3.71191e-08,-1.01474e-11,0.00231162
0.18,-0.00515826,-2.64092e-08,-6.43929e-12,0.00515826
0.228,-0.00658658,4.87007e-07,-2.24487e-11,0.00658658
0.28,-0.00971441,-2.34278e-06,1.47959e-10,0.00971441
0.325,-0.0106943,1.70766e-06,-1.94356e-10,0.0106943
0.379,-0.0142671,-5.84113e-06,5.65425e-10,0.0142671
0.426,-0.0157703,6.20557e-07,-3.058e-10,0.0157703
0.476,-0.018332,-2.67226e-06,2.68086e-10,0.018332
0.526,-0.0207284,-2.80783e-07,-7.01172e-10,0.0207284
0.576,-0.0233072,-4.94966e-06,9.06952e-10,0.0233072
0.627,-0.025919,-1.50728e-05,1.03231e-08,0.025919
0.678,-0.0288839,-7.4784e-05,5.96012e-08,0.028884
0.727,-0.0309122,-7.74173e-05,6.56644e-08,0.0309123
0.777,-0.0335869,-7.7032e-05,8.74722e-08,0.033587
0.827,-0.0359106,-5.53455e-05,8.88834e-08,0.0359107
0.876,-0.0382918,-5.56142e-05,1.24142e-07,0.0382919
0.926,-0.0407036,-4.82025e-05,1.3694e-07,0.0407037
0.977,-0.0435834,-7.89056e-05,2.57837e-07,0.0435835
1.028,-0.0461129,-7.74813e-05,3.02691e-07,0.046113
1.076,-0.0482886,-6.88196e-05,3.64732e-07,0.0482886
1.128,-0.0511108,-8.9931e-05,5.02653e-07,0.0511109
1.177,-0.0535786,-0.000105456,7.10392e-07,0.0535787
1.225,-0.0554943,-4.86808e-05,5.15877e-07,0.0554943
1.28,-0.0594495,-0.00021825,1.69609e-06,0.0594499
1.325,-0.0604925,-5.32352e-05,7.82789e-07,0.0604926
1.379,-0.064152,-0.000213909,2.2972e-06,0.0641524
1.428,-0.0661007,-0.000134659,1.85064e-06,0.0661009
1.479,-0.0691446,-0.000243799,3.41212e-06,0.0691451
1.529,-0.0712984,-0.00018099,3.03947e-06,0.0712986
1.58,-0.0744234,-0.000326509,5.62129e-06,0.0744241
1.629,-0.0762915,-0.000202982,4.33367e-06,0.0762918
1.679,-0.0791249,-0.000309031,6.99061e-06,0.0791255
1.727,-0.0808825,-0.000149015,4.60374e-06,0.0808827
1.779,-0.0841122,-0.000344326,9.69009e-06,0.0841129
1.826,-0.085474,-0.000113443,5.04926e-06,0.0854741
1.875,-0.0870606,-6.67261e-05,4.83487e-06,0.0870606
1.925,-0.0884029,-5.24991e-05,4.58601e-06,0.0884029
1.98,-0.0892205,-0.000408228,1.67191e-05,0.0892215
2.03,-0.0895227,-0.000263331,1.25809e-05,0.089523
2.081,-0.0896619,-0.00037914,1.87229e-05,0.0896627
2.126,-0.0897897,-6.05891e-05,6.78961e-06,0.0897898
2.179,-0.089823,-0.000310965,1.87975e-05,0.0898235
2.225,-0.0898154,-1.76512e-06,4.94441e-06,0.0898154
2.277,-0.0892205,-0.000140427,1.26964e-05,0.0892206
2.329,-0.0881604,-0.000164614,1.37219e-05,0.0881605
2.379,-0.0859228,-0.000235236,1.92684e-05,0.0859232
2.426,-0.0847278,4.82449e-06,4.82132e-06,0.0847278
2.476,-0.0824068,7.95206e-07,5.47238e-06,0.0824068
2.528,-0.0797567,-5.44769e-05,8.42575e-06,0.0797567
2.576,-0.0776703,1.65789e-05,3.94606e-06,0.0776703
2.629,-0.074687,-7.18888e-05,9.61216e-06,0.074687
2.679,-0.0718454,-0.000124242,1.43501e-05,0.0718455
2.726,-0.0703785,3.68106e-05,9.3761e-07,0.0703785
2.779,-0.0668794,-0.000100793,1.2563e-05,0.0668795
2.829,-0.0647577,-4.22087e-05,6.90614e-06,0.0647578
2.877,-0.0625074,-6.32726e-06,3.92806e-06,0.0625074
2.927,-0.0601942,1.47859e-05,1.36522e-06,0.0601942
2.976,-0.0578191,3.15363e-05,-3.31717e-07,0.0578191
3.029,-0.0547736,-2.13954e-05,4.30345e-06,0.0547736
3.078,-0.0522158,-2.07659e-05,4.35513e-06,0.0522158
3.128,-0.0499895,3.03509e-06,1.4269e-06,0.0499895
3.179,-0.0469185,-3.33668e-05,5.34927e-06,0.0469185
3.229,-0.0447813,-6.08494e-06,1.99514e-06,0.0447813
3.279,-0.0419235,-2.15637e-05,3.75457e-06,0.0419235
3.329,-0.0397841,-2.73597e-07,1.01986e-06,0.0397841
3.38,-0.0366287,-2.52616e-05,3.93147e-06,0.0366287
3.428,-0.0349986,2.10415e-05,-1.86199e-06,0.0349986
3.475,-0.0331336,6.58499e-05,-7.48893e-06,0.0331336
3.525,-0.030639,7.96303e-05,-9.40156e-06,0.0306391
3.579,-0.0269381,1.31626e-05,-1.31518e-06,0.0269381
3.628,-0.0249947,8.34882e-06,-8.7907e-07,0.0249947
3.677,-0.0225235,5.66173e-06,-5.38337e-07,0.0225235
3.727,-0.0201987,3.26569e-06,-2.6749e-07,0.0201987
3.779,-0.0169315,-4.90649e-06,7.71914e-07,0.0169315
3.826,-0.0154045,2.388e-06,-2.2114e-07,0.0154045
3.875,-0.0131111,3.9056e-06,-4.49226e-07,0.0131111
3.927,-0.0101978,5.19935e-07,-2.06416e-08,0.0101978
3.978,-0.00722791,8.7279e-07,-8.3687e-08,0.00722791
4.028,-0.00490771,7.33315e-07,-7.49746e-08,0.00490771
timestamp,vx,vy,vz,vmag
0,-3.89406e-05,3.83123e-08,-4.98647e-09,3.89406e-05
0.017,-6.16545e-05,1.63062e-08,-2.13894e-09,6.16546e-05
0.071,-0.00106591,1.61467e-08,-2.23324e-09,0.00106591
0.12,-0.00189689,1.23232e-07,-1.67544e-08,0.00189689
0.167,-0.00334806,-6.39864e-08,8.70883e-09,0.00334806
0.22,-0.00590186,8.22176e-07,-1.11922e-07,0.00590186
0.266,-0.0074056,5.78366e-07,-7.81717e-08,0.0074056
0.316,-0.00974006,1.5832e-06,-2.18249e-07,0.00974006
0.367,-0.0124188,-8.01351e-07,1.11081e-07,0.0124188
0.418,-0.0150048,-1.26743e-07,8.74506e-09,0.0150048
0.471,-0.0184561,-1.39199e-05,1.93782e-06,0.0184561
0.516,-0.01953,1.98519e-06,-2.95494e-07,0.01953
0.567,-0.0222996,-4.41677e-06,6.20444e-07,0.0222996
0.618,-0.0249365,-6.51874e-06,9.05999e-07,0.0249365
0.669,-0.0278371,-5.58637e-05,8.26835e-06,0.0278372
0.721,-0.0305393,-9.35772e-05,1.37872e-05,0.0305395
0.771,-0.0333833,-0.000105064,1.5797e-05,0.0333835
0.817,-0.0346948,-5.17998e-05,7.89362e-06,0.0346949
0.871,-0.0383818,-0.0001045,1.63724e-05,0.038382
0.916,-0.0394846,-3.75978e-05,6.13058e-06,0.0394846
0.97,-0.0430945,-0.000107619,1.75695e-05,0.0430946
1.017,-0.0446933,-5.08425e-05,8.645e-06,0.0446933
1.067,-0.0472567,-6.48192e-05,1.13744e-05,0.0472568
1.116,-0.0494812,-4.26886e-05,7.86577e-06,0.0494812
1.17,-0.0530744,-0.000149292,2.64834e-05,0.0530747
1.216,-0.0544788,-4.68362e-05,9.17562e-06,0.0544788
1.271,-0.0583343,-0.000203635,3.7473e-05,0.0583347
1.323,-0.0605117,-0.000142114,2.66434e-05,0.0605119
1.368,-0.062511,-0.000128633,2.5632e-05,0.0625112
1.417,-0.0646777,-8.04636e-05,1.69248e-05,0.0646777
1.47,-0.0680352,-0.00022739,4.61613e-05,0.0680356
1.522,-0.0704858,-0.000194367,3.98448e-05,0.0704861
1.569,-0.0727565,-0.000209386,4.51695e-05,0.0727568
1.618,-0.074868,-0.00013081,2.95732e-05,0.0748682
1.667,-0.0772237,-0.000125585,3.03334e-05,0.0772238
1.718,-0.0798606,-0.000144427,3.43999e-05,0.0798607
1.768,-0.0824732,-0.000198277,4.83868e-05,0.0824735
1.819,-0.0849887,-0.000199161,4.85809e-05,0.084989
1.871,-0.0871631,-0.000396721,9.66721e-05,0.0871641
1.919,-0.0882429,-0.00019515,5.04778e-05,0.0882431
1.966,-0.0888533,-4.10502e-05,1.66385e-05,0.0888533
2.018,-0.0893303,-0.000126102,3.67239e-05,0.0893304
2.067,-0.0895674,-8.96296e-05,2.98793e-05,0.0895674
2.119,-0.0897166,-0.000160809,4.70415e-05,0.0897168
2.171,-0.0897149,-0.000359235,0.00010103,0.0897157
2.218,-0.0898402,-0.000102833,3.40279e-05,0.0898403
2.267,-0.0895129,-6.23485e-05,2.49715e-05,0.0895129
2.32,-0.0886876,-0.000181562,5.60492e-05,0.0886879
2.366,-0.0876855,3.57925e-05,-2.03567e-06,0.0876855
2.422,-0.0848035,-0.000171912,5.45749e-05,0.0848037
2.47,-0.0824739,-0.000175336,5.79165e-05,0.0824741
2.516,-0.0813361,6.04144e-05,-1.08807e-05,0.0813362
2.568,-0.0783612,-3.51263e-05,1.71149e-05,0.0783612
2.617,-0.0763099,2.94262e-05,-3.06754e-06,0.0763099
2.671,-0.0725598,-0.000159247,5.43075e-05,0.07256
2.722,-0.0704655,-8.85353e-05,3.15541e-05,0.0704655
2.767,-0.0688205,2.96371e-05,-4.41608e-06,0.0688205
2.817,-0.0664024,3.54021e-05,-7.09126e-06,0.0664024
2.87,-0.0629297,-7.21186e-05,2.70467e-05,0.0629298
2.916,-0.0616375,5.9872e-05,-1.59128e-05,0.0616376
2.968,-0.0585411,2.78366e-06,2.27898e-06,0.0585411
3.016,-0.0566384,5.5378e-05,-1.55189e-05,0.0566385
3.069,-0.0532481,-1.69812e-05,8.15388e-06,0.0532481
3.117,-0.0514137,3.33684e-05,-9.12364e-06,0.0514137
3.17,-0.0479578,-2.89985e-05,1.17337e-05,0.0479578
3.218,-0.0461913,1.74904e-05,-4.42369e-06,0.0461913
3.268,-0.0435495,1.40214e-05,-3.3748e-06,0.0435495
3.316,-0.0416332,4.13641e-05,-1.30871e-05,0.0416332
3.369,-0.0382593,3.37313e-06,-1.28111e-07,0.0382593
3.418,-0.0361928,2.02539e-05,-6.27746e-06,0.0361929
3.468,-0.0335627,3.99893e-05,-1.35098e-05,0.0335627
3.518,-0.0312147,6.41115e-05,-2.22744e-05,0.0312147
3.568,-0.0285664,4.77115e-05,-1.65352e-05,0.0285664
3.617,-0.0264117,2.78874e-05,-9.67889e-06,0.0264117
3.668,-0.0235466,7.68279e-06,-2.56505e-06,0.0235466
3.721,-0.0205342,-7.35578e-06,2.82474e-06,0.0205342
3.769,-0.0182573,-8.91797e-07,4.77592e-07,0.0182573
3.818,-0.0161831,5.37482e-07,-7.82848e-08,0.0161831
3.869,-0.0132574,-5.89951e-07,2.98916e-07,0.0132574
3.917,-0.0113985,1.46187e-06,-4.66452e-07,0.0113985
3.969,-0.0082581,6.65518e-07,-1.99267e-07,0.0082581
4.018,-0.0060787,1.00415e-06,-3.33968e-07,0.0060787
timestamp,vx,vy,vz,vmag
0,-3.95451e-05,3.68562e-08,-1.3267e-08,3.95452e-05
0.029,0.000305151,1.72033e-09,-6.46461e-10,0.000305151
0.075,0.000918526,3.03046e-08,-1.11564e-08,0.000918526
0.126,0.0021952,5.84393e-08,-2.15218e-08,0.0021952
0.178,0.00465939,4.72648e-08,-1.72971e-08,0.00465939
0.229,0.00676514,2.8794e-07,-1.06157e-07,0.00676514
0.28,0.00971559,-2.16996e-06,7.95965e-07,0.00971559
0.328,0.0112824,-1.62703e-07,6.01213e-08,0.0112824
0.377,0.0136922,-2.40146e-06,8.79051e-07,0.0136922
0.426,0.01577,5.85903e-07,-2.06488e-07,0.01577
0.479,0.0192134,-1.11795e-05,4.07109e-06,0.0192134
0.525,0.0205227,2.0118e-06,-7.09649e-07,0.0205227
0.576,0.0233096,-4.57513e-06,1.66563e-06,0.0233096
0.628,0.0261342,-1.88102e-05,6.71079e-06,0.0261342
0.678,0.0289207,-6.97478e-05,2.47352e-05,0.0289207
0.728,0.0311591,-7.81312e-05,2.77106e-05,0.0311592
0.778,0.033923,-7.93659e-05,2.79407e-05,0.0339231
0.826,0.0357296,-4.54518e-05,1.58453e-05,0.0357297
0.876,0.0383205,-5.19832e-05,1.78726e-05,0.0383206
0.928,0.0411498,-6.30025e-05,2.15529e-05,0.0411498
0.979,0.0442299,-0.000107403,3.65037e-05,0.04423
1.027,0.0459428,-6.11375e-05,2.0405e-05,0.0459428
1.078,0.0489354,-0.000106674,3.54387e-05,0.0489356
1.13,0.0515865,-0.000112799,3.72207e-05,0.0515866
1.177,0.0536378,-9.94004e-05,3.20731e-05,0.0536379
1.225,0.0555233,-4.60028e-05,1.41321e-05,0.0555233
1.279,0.0592638,-0.000175483,5.59521e-05,0.0592641
1.327,0.0609581,-9.1719e-05,2.82651e-05,0.0609582
1.379,0.0642773,-0.000202575,6.29319e-05,0.0642776
1.426,0.0657459,-7.9378e-05,2.3217e-05,0.065746
1.476,0.0683466,-0.000105392,3.03933e-05,0.0683466
1.525,0.0705301,-5.98391e-05,1.59779e-05,0.0705302
1.577,0.0736704,-0.000165712,4.72123e-05,0.0736706
1.628,0.0761986,-0.000161495,4.54376e-05,0.0761988
1.676,0.0783578,-0.000129291,3.41432e-05,0.0783579
1.726,0.0807587,-0.000106276,2.70267e-05,0.0807588
1.778,0.0840139,-0.000268067,7.17529e-05,0.0840144
1.829,0.0861321,-0.000231564,6.06807e-05,0.0861324
1.879,0.0879662,-0.000340862,8.83156e-05,0.0879669
1.925,0.0884479,-5.18903e-05,8.36625e-06,0.0884479
1.977,0.0892659,-0.000181665,4.15155e-05,0.0892661
2.025,0.0894616,-2.82317e-05,8.36422e-07,0.0894616
2.079,0.0898876,-0.000311312,7.23261e-05,0.0898881
2.127,0.0898756,-0.000107,2.00351e-05,0.0898756
2.177,0.0899694,-0.000157606,3.07138e-05,0.0899696
2.228,0.0898439,-0.000142832,2.74301e-05,0.089844
2.275,0.0893983,5.03677e-06,-9.49977e-06,0.0893983
2.326,0.0885079,-2.84914e-05,-7.47684e-07,0.0885079
2.381,0.0858933,-0.000286476,5.68922e-05,0.0858938
2.426,0.0847328,2.33466e-06,-7.59508e-06,0.0847328
2.479,0.0816835,-0.000187361,3.31544e-05,0.0816837
2.531,0.0794475,-0.000119978,1.95892e-05,0.0794476
2.58,0.076621,-0.000207671,3.64992e-05,0.0766213
2.628,0.0749314,-3.81124e-05,2.262e-06,0.0749314
2.679,0.0719442,-0.000124644,1.90589e-05,0.0719443
2.73,0.0695922,-8.63581e-05,1.2396e-05,0.0695923
2.779,0.0669598,-0.000101478,1.45516e-05,0.0669599
2.827,0.0651796,9.41978e-06,-5.75056e-06,0.0651796
2.883,0.0616731,-9.64246e-05,1.38165e-05,0.0616732
2.928,0.0599889,-9.28939e-06,-1.49209e-06,0.0599889
2.978,0.0572358,-3.24968e-05,2.55159e-06,0.0572358
3.029,0.054791,-2.21543e-05,1.38529e-06,0.054791
3.079,0.05195,-4.78717e-05,5.65189e-06,0.05195
3.126,0.0503856,3.38898e-05,-7.71517e-06,0.0503856
3.178,0.0472297,-1.26934e-05,1.72565e-07,0.0472297
3.23,0.0445856,-1.97642e-05,1.78724e-06,0.0445856
3.28,0.0416535,-3.94361e-05,4.85669e-06,0.0416535
3.328,0.0399854,9.68663e-06,-2.61331e-06,0.0399854
3.378,0.0372248,1.32976e-06,-1.23554e-06,0.0372248
3.427,0.0351844,2.76637e-05,-4.94782e-06,0.0351844
3.478,0.0322073,4.55793e-05,-7.33914e-06,0.0322074
3.529,0.0297618,5.50444e-05,-8.55196e-06,0.0297618
3.577,0.0275055,3.59044e-05,-5.65924e-06,0.0275055
3.628,0.0249872,8.26973e-06,-1.38884e-06,0.0249872
3.678,0.0222263,1.2631e-07,-2.21858e-07,0.0222263
3.727,0.0201953,3.06668e-06,-5.97674e-07,0.0201953
3.78,0.0166417,-8.25221e-06,1.02949e-06,0.0166417
3.829,0.0147859,-3.22133e-06,3.64113e-07,0.0147859
3.88,0.01164,-3.92049e-06,4.75704e-07,0.01164
3.926,0.0104021,1.31274e-06,-2.3296e-07,0.0104021
3.978,0.00722628,8.12714e-07,-1.45759e-07,0.00722628
4.028,0.00490623,6.8954e-07,-1.18602e-07,0.00490623
timestamp,vx,vy,vz,vmag
0,1.88823e-05,1.84421e-08,-2.62097e-09,1.88823e-05
0.034,-1.50366e-06,0.000340293,-1.37524e-09,0.000340297
0.081,-8.69432e-07,0.00149176,-5.97708e-08,0.00149176
0.128,-6.08445e-07,0.00231083,-3.20821e-08,0.00231083
0.178,-3.22427e-07,0.00440906,-8.13702e-08,0.00440906
0.23,-1.02826e-07,0.00676483,-2.61747e-07,0.00676483
0.278,-8.38537e-08,0.00888311,4.74322e-07,0.00888311
0.331,-5.30978e-08,0.0116743,1.17059e-06,0.0116743
0.38,-3.50154e-07,0.014268,4.90719e-06,0.014268
0.43,-1.24682e-07,0.0163782,2.88945e-06,0.0163782
0.477,-3.79058e-08,0.0183323,2.24321e-06,0.0183323
0.526,3.72854e-07,0.0205233,-1.81111e-06,0.0205233
0.576,2.48622e-07,0.0230139,-1.83651e-07,0.0230139
0.629,-4.42796e-07,0.0261262,7.56102e-06,0.0261262
0.677,-3.23466e-07,0.0282998,6.48621e-06,0.0282998
0.727,-8.45496e-07,0.0307108,1.20282e-05,0.0307108
0.777,-5.19799e-06,0.0333058,5.70307e-05,0.0333058
0.827,-7.39557e-06,0.0357213,8.00624e-05,0.0357213
0.876,-6.10075e-06,0.0380127,6.64705e-05,0.0380127
0.928,-5.38472e-06,0.0409232,5.85653e-05,0.0409232
0.976,-3.82693e-06,0.0430082,4.2062e-05,0.0430083
1.029,-6.53592e-06,0.0461313,6.91081e-05,0.0461313
1.079,-9.59861e-06,0.0489011,9.86295e-05,0.0489012
1.129,-7.56231e-06,0.0511333,7.77968e-05,0.0511333
1.179,-1.13875e-05,0.0539045,0.000113876,0.0539046
1.232,-1.15765e-05,0.0565529,0.000114865,0.056553
1.279,-1.35414e-05,0.0589086,0.000131528,0.0589087
1.328,-8.59453e-06,0.0609294,8.33247e-05,0.0609294
1.378,-1.25454e-05,0.0636127,0.000118178,0.0636128
1.427,-7.70157e-06,0.0657217,7.20335e-05,0.0657218
1.476,-6.35735e-06,0.068013,5.71219e-05,0.068013
1.529,-1.45241e-05,0.0711463,0.000130577,0.0711464
1.576,-7.26365e-06,0.0730144,6.17174e-05,0.0730144
1.627,-1.03033e-05,0.0757262,8.77988e-05,0.0757263
1.676,-8.29935e-06,0.0780159,6.63436e-05,0.0780159
1.733,-2.48185e-05,0.0815763,0.000206811,0.0815766
1.776,-9.48852e-06,0.0830174,7.09751e-05,0.0830175
1.826,-8.53275e-06,0.0853458,6.23066e-05,0.0853458
1.879,-3.18268e-05,0.0876769,0.000245477,0.0876773
1.93,-2.69212e-05,0.0888269,0.000203663,0.0888271
1.98,-3.93827e-05,0.0893355,0.000291808,0.0893359
2.03,-2.63993e-05,0.0896042,0.000188898,0.0896044
2.076,-4.7991e-06,0.0896773,1.78407e-05,0.0896773
2.129,-2.08654e-05,0.0898696,0.000137579,0.0898697
2.181,-4.98683e-05,0.0899948,0.000338895,0.0899955
2.23,-2.64354e-05,0.0898023,0.00016942,0.0898025
2.28,-4.00263e-05,0.0891963,0.000254536,0.0891967
2.331,-2.9843e-05,0.0881652,0.000184668,0.0881654
2.377,-7.11503e-06,0.0867136,2.46581e-05,0.0867136
2.433,-2.16452e-05,0.0840875,0.000123319,0.0840876
2.478,-1.21637e-05,0.0821623,5.56764e-05,0.0821623
2.527,2.2086e-07,0.0801666,-2.01054e-05,0.0801666
2.577,-1.07393e-06,0.0776755,-1.34878e-05,0.0776755
2.629,-8.13778e-06,0.0749284,3.2773e-05,0.0749284
2.681,-2.89985e-05,0.0716398,0.000153238,0.07164
2.727,2.946e-06,0.070369,-3.17744e-05,0.070369
2.777,1.66114e-06,0.0677941,-2.45034e-05,0.0677941
2.831,-1.28603e-05,0.064588,6.06267e-05,0.064588
2.878,-3.37548e-06,0.0625186,6.00289e-06,0.0625186
2.927,4.19711e-06,0.0603935,-3.27055e-05,0.0603936
2.977,3.26548e-06,0.0578081,-2.72865e-05,0.0578081
3.031,-8.23582e-06,0.0545887,3.58024e-05,0.0545887
3.076,8.31093e-06,0.0530979,-5.03661e-05,0.0530979
3.127,4.86516e-06,0.050397,-3.0704e-05,0.0503971
3.181,-1.08769e-05,0.046652,4.82799e-05,0.046652
3.228,2.71277e-06,0.0451945,-1.76896e-05,0.0451945
3.278,1.47128e-06,0.0425199,-1.13338e-05,0.0425199
3.327,6.75538e-06,0.0403965,-3.50363e-05,0.0403965
3.381,7.01906e-06,0.0366328,-3.4117e-05,0.0366328
3.43,1.30696e-05,0.0347723,-6.18892e-05,0.0347724
3.477,1.12315e-05,0.0328043,-5.30719e-05,0.0328043
3.531,-1.34485e-06,0.0295828,6.666e-06,0.0295828
3.577,2.46006e-06,0.0278144,-1.10522e-05,0.0278144
3.626,2.34462e-06,0.0256085,-1.04117e-05,0.0256085
3.681,-3.16761e-06,0.0216442,1.41557e-05,0.0216442
3.729,-7.3427e-07,0.0199939,3.55749e-06,0.0199939
3.776,9.98013e-07,0.0181101,-4.05157e-06,0.0181101
3.829,-4.78322e-07,0.0149937,2.41827e-06,0.0149937
3.879,-2.58488e-07,0.0122293,1.39223e-06,0.0122293
3.931,-4.78544e-07,0.00958172,2.31593e-06,0.00958172
3.979,1.5257e-07,0.00722891,-4.73807e-07,0.00722891
4.027,2.62328e-07,0.0053416,-9.97703e-07,0.0053416
timestamp,vx,vy,vz,vmag
0,3.74742e-09,1.88953e-05,-1.56e-08,1.88953e-05
0.03,-9.81715e-11,-0.000341803,3.50897e-10,0.000341803
0.078,1.08936e-08,-0.0012625,-4.64517e-08,0.0012625
0.127,7.57558e-09,-0.00231148,-3.1927e-08,0.00231148
0.177,1.92478e-08,-0.00440947,-8.20894e-08,0.00440947
0.227,1.34001e-07,-0.00640812,-5.69166e-07,0.00640812
0.281,-4.31717e-07,-0.00971397,1.84081e-06,0.00971397
0.328,-3.58533e-08,-0.0112822,1.51546e-07,0.0112822
0.378,-8.39035e-07,-0.0139782,3.60327e-06,0.0139782
0.428,-4.18918e-07,-0.0161748,1.79094e-06,0.0161748
0.479,-2.37377e-06,-0.0192054,1.02945e-05,0.0192054
0.527,-5.39676e-07,-0.0209326,2.29267e-06,0.0209326
0.578,-2.9548e-06,-0.0238908,1.29724e-05,0.0238908
0.628,-1.76201e-06,-0.0261231,7.68868e-06,0.0261231
0.679,-5.81787e-06,-0.0291739,2.59824e-05,0.0291739
0.726,-2.64691e-06,-0.0307058,1.2195e-05,0.0307058
0.778,-1.85458e-05,-0.0338627,8.65448e-05,0.0338629
0.83,-2.37171e-05,-0.0365042,0.000110826,0.0365044
0.876,-1.60988e-05,-0.0382764,7.64376e-05,0.0382765
0.927,-1.21819e-05,-0.0408982,5.94016e-05,0.0408982
0.976,-1.15002e-05,-0.0432804,5.78983e-05,0.0432804
1.026,-9.55028e-06,-0.0456944,4.92974e-05,0.0456944
1.079,-2.31313e-05,-0.0491476,0.000118946,0.0491478
1.128,-1.48284e-05,-0.0510991,7.88093e-05,0.0510992
1.177,-1.68348e-05,-0.053566,9.18441e-05,0.053566
1.231,-2.12654e-05,-0.0565021,0.00011627,0.0565022
1.277,-1.83947e-05,-0.0585628,0.000104932,0.0585629
1.326,-1.07597e-05,-0.0606904,6.53787e-05,0.0606904
1.378,-2.59886e-05,-0.0638454,0.00015232,0.0638456
1.425,-7.33367e-06,-0.065488,5.05004e-05,0.065488
1.477,-2.14887e-05,-0.0685557,0.000134558,0.0685558
1.528,-2.06747e-05,-0.0710866,0.000131631,0.0710868
1.577,-2.29196e-05,-0.073552,0.000150697,0.0735521
1.629,-2.69062e-05,-0.0762821,0.000176528,0.0762824
1.681,-4.71401e-05,-0.0793967,0.000308551,0.0793973
1.726,-1.25386e-05,-0.0806837,9.63419e-05,0.0806837
1.781,-5.03251e-05,-0.0843887,0.000344797,0.0843894
1.826,-1.19905e-05,-0.0854793,9.90758e-05,0.0854794
1.876,-1.43323e-05,-0.0872351,0.000120883,0.0872352
1.925,-3.29884e-06,-0.0884137,4.6051e-05,0.0884137
1.978,-2.85727e-05,-0.0891715,0.000226783,0.0891718
2.029,-2.30942e-05,-0.0895169,0.000188368,0.0895171
2.077,-1.6309e-05,-0.0896723,0.000147387,0.0896725
2.129,-2.07051e-05,-0.0898068,0.000178351,0.089807
2.178,-2.32035e-05,-0.0898581,0.000204844,0.0898583
2.228,-1.31017e-05,-0.0897515,0.000126362,0.0897516
2.278,-2.01425e-05,-0.0891626,0.00018712,0.0891628
2.328,-9.84241e-06,-0.0882884,0.00010304,0.0882885
2.379,-2.18157e-05,-0.0859562,0.000204484,0.0859564
2.429,-1.03724e-05,-0.0842056,0.000107801,0.0842057
2.478,-1.00435e-05,-0.0818534,0.000108688,0.0818535
2.528,-3.1622e-06,-0.0797752,4.69344e-05,0.0797752
2.578,-7.17346e-06,-0.0770888,8.31341e-05,0.0770888
2.626,5.32449e-06,-0.0753303,-2.91133e-05,0.0753303
2.681,-1.39956e-05,-0.0715744,0.000142204,0.0715746
2.725,8.16906e-06,-0.0705938,-5.89066e-05,0.0705938
2.781,-1.12627e-05,-0.0666045,0.000117277,0.0666046
2.827,2.33898e-06,-0.0651922,-1.0094e-05,0.0651922
2.88,-9.63814e-06,-0.0616164,0.000101747,0.0616165
2.928,2.394e-07,-0.0599889,6.69618e-06,0.0599889
2.98,-7.56563e-06,-0.0566236,8.13912e-05,0.0566237
3.029,-1.18245e-06,-0.0547826,1.82443e-05,0.0547826
3.077,1.20135e-06,-0.0525232,-4.92994e-06,0.0525232
3.127,2.24637e-06,-0.0502016,-1.67378e-05,0.0502016
3.178,-4.92658e-07,-0.0472266,1.00206e-05,0.0472266
3.229,-1.24809e-07,-0.0447857,5.09685e-06,0.0447857
3.277,1.49956e-06,-0.0425245,-1.13968e-05,0.0425245
3.324,5.22621e-06,-0.0408256,-5.01945e-05,0.0408256
3.376,6.37161e-06,-0.0378277,-6.33292e-05,0.0378278
3.426,8.08148e-06,-0.0354189,-8.16872e-05,0.035419
3.481,9.0748e-08,-0.0316401,2.55553e-07,0.0316401
3.528,8.01633e-07,-0.0299936,-7.68853e-06,0.0299936
3.578,-1.74912e-07,-0.0272275,2.61008e-06,0.0272275
3.629,-5.13381e-07,-0.024785,5.99624e-06,0.024785
3.675,8.1714e-07,-0.0231114,-8.113e-06,0.0231114
3.726,1.9648e-07,-0.0204043,-1.70285e-06,0.0204043
3.776,1.68495e-07,-0.0178162,-1.49786e-06,0.0178162
3.825,2.17896e-07,-0.0156103,-2.10389e-06,0.0156103
3.881,-3.33351e-07,-0.0116392,3.72788e-06,0.0116392
3.927,7.96574e-09,-0.010198,3.06991e-08,0.010198
3.981,-2.48057e-08,-0.00663981,3.41692e-07,0.00663981
4.025,1.22e-07,-0.00555749,-1.2512e-06,0.00555749
timestamp,vx,vy,vz,vmag
0,2.44762e-09,-3.20026e-05,-2.60221e-08,3.20026e-05
0.029,1.53805e-10,-0.000307167,-1.67951e-09,0.000307167
0.082,6.12288e-09,-0.00149027,-6.62424e-08,0.00149027
0.125,7.14748e-09,-0.00207563,-7.69498e-08,0.00207563
0.177,7.51525e-09,-0.00440845,-8.10408e-08,0.00440845
0.228,3.80921e-08,-0.00658603,-4.09842e-07,0.00658603
0.277,-4.38987e-08,-0.00888273,4.74792e-07,0.00888273
0.329,-6.11648e-08,-0.0114779,6.63194e-07,0.0114779
0.379,-4.52517e-07,-0.0142662,4.90494e-06,0.0142662
0.43,-3.69412e-07,-0.0165795,4.00535e-06,0.0165795
0.477,-4.49353e-07,-0.0186231,4.88763e-06,0.0186231
0.526,-2.54231e-08,-0.0207283,2.40509e-07,0.0207283
0.577,-7.73058e-07,-0.0235992,8.45665e-06,0.0235992
0.628,-6.9221e-07,-0.0261237,7.55135e-06,0.0261237
0.678,-1.73647e-06,-0.0288831,1.91566e-05,0.0288831
0.727,-1.60591e-06,-0.0309117,1.79859e-05,0.0309117
0.778,-7.48554e-06,-0.0338702,8.44359e-05,0.0338703
0.826,-7.01305e-06,-0.0356946,7.91408e-05,0.0356947
0.881,-9.36312e-06,-0.0394543,0.000106585,0.0394545
0.929,-6.23028e-06,-0.0413136,7.16187e-05,0.0413136
0.976,-4.79335e-06,-0.0432862,5.59708e-05,0.0432862
1.028,-5.76514e-06,-0.0461085,6.76325e-05,0.0461086
1.08,-1.13107e-05,-0.0494514,0.000133121,0.0494516
1.126,-4.17989e-06,-0.0506995,5.06102e-05,0.0506995
1.18,-1.29921e-05,-0.0544492,0.000155556,0.0544494
1.23,-9.61581e-06,-0.0565149,0.000116527,0.056515
1.28,-1.48306e-05,-0.059447,0.000180748,0.0594473
1.329,-9.36376e-06,-0.06131,0.000116086,0.0613101
1.378,-1.15637e-05,-0.0638651,0.000144898,0.0638653
1.425,-3.5178e-06,-0.0654959,4.72769e-05,0.0654959
1.479,-1.57789e-05,-0.069154,0.000200551,0.0691542
1.526,-5.62106e-06,-0.0706995,7.52731e-05,0.0706995
1.579,-1.74217e-05,-0.0741533,0.000225976,0.0741536
1.625,-3.77087e-06,-0.0754971,5.42215e-05,0.0754971
1.676,-7.88415e-06,-0.0782862,0.000109052,0.0782862
1.724,-1.40505e-06,-0.0802952,2.57976e-05,0.0802953
1.777,-1.24985e-05,-0.0835761,0.000172823,0.0835763
1.828,-1.15513e-05,-0.0858359,0.000160975,0.0858361
1.88,-2.50957e-05,-0.0879546,0.00034525,0.0879553
1.927,-7.84128e-06,-0.0885975,0.000115173,0.0885976
1.979,-1.9046e-05,-0.0892542,0.00027046,0.0892546
2.025,-7.03268e-07,-0.0894543,2.0473e-05,0.0894543
2.078,-1.33123e-05,-0.0897167,0.000196543,0.0897169
2.128,-8.20657e-06,-0.0898355,0.000125288,0.0898356
2.177,-8.13923e-06,-0.0898982,0.000127236,0.0898983
2.227,-4.64993e-06,-0.0897991,7.6962e-05,0.0897991
2.282,-1.78313e-05,-0.0890665,0.000267776,0.0890669
2.326,-6.48231e-07,-0.088507,2.00062e-05,0.088507
2.375,3.2536e-06,-0.0869522,-3.60342e-05,0.0869522
2.425,3.40782e-06,-0.0849203,-3.99927e-05,0.0849203
2.476,8.26494e-07,-0.0824301,-1.97287e-06,0.0824301
2.527,-1.62338e-07,-0.0799856,1.09765e-05,0.0799856
2.578,-4.46924e-06,-0.0771138,7.59352e-05,0.0771139
2.628,-1.4122e-06,-0.0749279,2.84679e-05,0.0749279
2.676,1.83918e-06,-0.0727762,-2.05342e-05,0.0727762
2.726,2.38001e-06,-0.0703831,-3.02092e-05,0.0703831
2.779,-4.79889e-06,-0.0669294,7.98768e-05,0.0669295
2.826,2.31458e-06,-0.0654005,-3.07995e-05,0.0654005
2.877,1.36998e-08,-0.0625236,4.62502e-06,0.0625236
2.93,-2.49371e-06,-0.0595853,4.25671e-05,0.0595853
2.976,1.85692e-06,-0.0578192,-2.53816e-05,0.0578192
3.025,3.03512e-06,-0.0556125,-4.47364e-05,0.0556125
3.075,3.09371e-06,-0.0531125,-4.61256e-05,0.0531125
3.127,1.11225e-06,-0.050202,-1.53942e-05,0.050202
3.175,2.76182e-06,-0.0481123,-4.19325e-05,0.0481123
3.229,-1.91421e-07,-0.0447909,4.70628e-06,0.0447909
3.277,7.48462e-07,-0.0425258,-1.04278e-05,0.0425258
3.329,7.03263e-07,-0.0397894,-1.03186e-05,0.0397894
3.377,3.22672e-06,-0.0375219,-5.14579e-05,0.0375219
3.43,3.10289e-06,-0.0345798,-4.98254e-05,0.0345798
3.475,3.76556e-06,-0.0331087,-6.06042e-05,0.0331087
3.527,8.52567e-07,-0.0302003,-1.36085e-05,0.0302003
3.576,6.32607e-07,-0.0278184,-1.00459e-05,0.0278184
3.629,-3.22129e-07,-0.0247898,5.54747e-06,0.0247898
3.677,-2.18843e-08,-0.0225252,6.04374e-07,0.0225252
3.725,2.47672e-07,-0.0206128,-3.89567e-06,0.0206128
3.78,-4.86683e-07,-0.0166438,8.16232e-06,0.0166438
3.83,-2.95382e-07,-0.0145837,4.96327e-06,0.0145837
3.877,2.34618e-10,-0.012525,7.26337e-08,0.012525
3.928,-4.01855e-08,-0.00999519,7.18225e-07,0.0099952
3.976,7.67343e-08,-0.0078189,-1.23043e-06,0.0078189
4.025,7.09753e-08,-0.00556013,-1.14547e-06,0.00556013
timestamp,vx,vy,vz,vmag
0,1.45406e-09,-3.20158e-05,-2.3937e-08,3.20158e-05
0.03,-7.11764e-11,0.000342851,1.14524e-09,0.000342851
0.077,2.16434e-09,0.00114815,-3.59708e-08,0.00114815
0.128,5.11868e-10,0.00242886,-8.72313e-09,0.00242886
0.18,-1.22544e-09,0.0051584,2.0678e-08,0.0051584
0.226,3.96777e-08,0.00622968,-6.59259e-07,0.00622968
0.278,-5.44185e-08,0.00916023,9.02533e-07,0.00916023
0.33,-6.49989e-08,0.0116741,1.0782e-06,0.0116741
0.379,-2.72723e-07,0.0142667,4.51892e-06,0.0142667
0.427,-3.44565e-08,0.0159727,5.75336e-07,0.0159727
0.477,-2.72376e-07,0.0186235,4.50619e-06,0.0186235
0.525,1.01837e-07,0.0205238,-1.66183e-06,0.0205238
0.578,-7.13159e-07,0.0238927,1.17623e-05,0.0238927
0.631,-7.05091e-07,0.0265349,1.16349e-05,0.0265349
0.676,-3.6276e-07,0.0282981,5.97483e-06,0.0282981
0.728,-1.36885e-06,0.0311185,2.23169e-05,0.0311185
0.778,-4.83455e-06,0.0338771,7.8523e-05,0.0338772
0.828,-5.36293e-06,0.0361118,8.71057e-05,0.0361119
0.881,-6.14489e-06,0.0394632,9.93576e-05,0.0394633
0.929,-4.16064e-06,0.0413197,6.69311e-05,0.0413198
0.977,-4.15019e-06,0.0435843,6.63296e-05,0.0435843
1.028,-3.99375e-06,0.0461146,6.3549e-05,0.0461147
1.077,-4.6403e-06,0.0485846,7.33366e-05,0.0485847
1.126,-3.06639e-06,0.0507044,4.79656e-05,0.0507044
1.177,-5.34434e-06,0.0535852,8.34684e-05,0.0535852
1.225,-2.54358e-06,0.0554997,3.88873e-05,0.0554997
1.278,-7.81412e-06,0.0588789,0.000120985,0.058879
1.33,-8.2902e-06,0.0615272,0.00012791,0.0615273
1.376,-5.21336e-06,0.063294,7.86677e-05,0.0632941
1.429,-8.3451e-06,0.0663231,0.000126773,0.0663233
1.477,-8.21166e-06,0.0685886,0.000123091,0.0685887
1.526,-5.02363e-06,0.0707081,7.36917e-05,0.0707082
1.574,-1.35315e-06,0.0727097,1.64451e-05,0.0727097
1.627,-7.4393e-06,0.0759156,0.000108276,0.0759156
1.68,-1.99223e-05,0.0794755,0.000293273,0.079476
1.725,-4.27708e-06,0.0805054,5.84834e-05,0.0805054
1.778,-1.56443e-05,0.083891,0.000224241,0.0838913
1.829,-1.36888e-05,0.0860273,0.000194385,0.0860275
1.879,-2.02187e-05,0.0878137,0.000285541,0.0878142
1.927,-8.6534e-06,0.0886114,0.000117122,0.0886115
1.977,-1.13635e-05,0.0891921,0.000152708,0.0891922
2.027,-7.73584e-06,0.0895156,0.000100735,0.0895157
2.076,-6.40697e-06,0.0896996,7.90608e-05,0.0896996
2.129,-1.28139e-05,0.0898624,0.000168736,0.0898626
2.176,-6.04265e-06,0.0899032,7.13935e-05,0.0899033
2.224,1.71933e-06,0.0898512,-3.45695e-05,0.0898512
2.28,-2.32104e-05,0.0890969,0.000301454,0.0890974
2.325,8.24772e-08,0.0885988,-1.24492e-05,0.0885988
2.376,-2.8559e-06,0.0867143,2.53643e-05,0.0867143
2.426,-7.63079e-07,0.0847444,-1.0796e-06,0.0847444
2.48,-1.71325e-05,0.081355,0.000211209,0.0813553
2.529,-6.96511e-06,0.0796022,8.0034e-05,0.0796022
2.577,-3.68851e-06,0.077399,3.60014e-05,0.0773991
2.627,-1.05892e-06,0.0751248,3.9774e-06,0.0751248
2.677,-2.66039e-06,0.0724823,2.34572e-05,0.0724823
2.724,5.6691e-06,0.070778,-7.9474e-05,0.070778
2.778,-4.78367e-06,0.0672216,5.04455e-05,0.0672216
2.827,3.69797e-08,0.0651898,-7.60697e-06,0.0651898
2.877,-1.19949e-06,0.0625192,7.26283e-06,0.0625192
2.931,-3.86042e-06,0.0595842,4.09905e-05,0.0595842
2.978,-2.8394e-06,0.0572311,2.79112e-05,0.0572311
3.028,-6.4643e-07,0.0549923,2.86188e-06,0.0549923
3.078,-2.01014e-06,0.0522307,1.88118e-05,0.0522307
3.128,-1.89369e-07,0.0499919,-1.63551e-06,0.0499919
3.179,-2.84787e-06,0.0469383,2.925e-05,0.0469383
3.225,3.06829e-06,0.0456043,-3.86421e-05,0.0456043
3.276,1.9214e-06,0.0428122,-2.49939e-05,0.0428122
3.325,3.41188e-06,0.0406036,-4.11887e-05,0.0406036
3.376,5.3352e-06,0.0378061,-6.20674e-05,0.0378061
3.427,6.4122e-06,0.0351861,-7.3621e-05,0.0351862
3.477,3.29139e-06,0.0325154,-3.81547e-05,0.0325155
3.528,6.23572e-07,0.0299903,-7.48312e-06,0.0299903
3.576,9.09751e-07,0.0278136,-1.06884e-05,0.0278136
3.629,-5.95989e-07,0.0247863,6.11425e-06,0.0247863
3.676,2.84847e-07,0.0228146,-3.5894e-06,0.0228146
3.727,-1.17001e-07,0.0201974,9.71246e-07,0.0201974
3.78,-8.36922e-07,0.0166406,8.89839e-06,0.0166406
3.825,1.6814e-07,0.0156088,-2.03113e-06,0.0156088
3.88,-3.793e-07,0.0116397,3.98927e-06,0.0116397
3.926,5.09758e-08,0.0104031,-6.61556e-07,0.0104031
3.979,-5.39077e-09,0.0069331,-1.34649e-08,0.0069331
4.026,8.46764e-08,0.00533984,-9.74425e-07,0.00533984
timestamp,vx,vy,vz,vmag
0,2.87298e-09,3.89165e-05,-3.15152e-08,3.89165e-05
0.017,2.95696e-07,1.077e-05,1.96973e-05,2.24514e-05
0.066,-1.67954e-06,-3.08987e-07,0.000653627,0.000653629
0.117,6.60653e-07,-2.11378e-06,0.00169763,0.00169764
0.167,-5.07931e-08,-1.36778e-06,0.00351379,0.00351379
0.217,2.26092e-07,-1.57873e-08,0.00556901,0.00556901
0.265,9.61219e-08,-6.28446e-07,0.00741993,0.00741993
0.313,1.07556e-07,1.14177e-06,0.00926652,0.00926652
0.366,-1.03327e-07,-2.81752e-06,0.0124064,0.0124064
0.414,8.87456e-09,4.36991e-07,0.0143302,0.0143302
0.465,-1.91577e-07,-3.78834e-06,0.0170646,0.0170646
0.516,-2.71108e-07,-5.29863e-06,0.0197531,0.0197531
0.564,-1.79045e-07,-2.89051e-06,0.0217757,0.0217757
0.617,-6.90534e-07,-1.45633e-05,0.0249758,0.0249758
0.663,-7.64065e-07,-1.60727e-05,0.0265051,0.0265051
0.716,-3.52762e-06,-8.02191e-05,0.0297219,0.029722
0.768,-4.54418e-06,-0.000105807,0.0327815,0.0327816
0.816,-3.11293e-06,-7.0195e-05,0.0347213,0.0347213
0.864,-2.34567e-06,-5.21566e-05,0.0367545,0.0367545
0.914,-2.24744e-06,-4.96863e-05,0.0392388,0.0392389
0.968,-4.87589e-06,-0.00011353,0.0427813,0.0427815
1.013,-1.85356e-06,-4.01629e-05,0.0439979,0.0439979
1.063,-1.95505e-06,-4.23559e-05,0.0464981,0.0464981
1.116,-4.21844e-06,-9.48756e-05,0.049721,0.049721
1.163,-2.1248e-06,-4.59576e-05,0.0514986,0.0514986
1.216,-4.87236e-06,-0.000109751,0.0547214,0.0547215
1.266,-5.74809e-06,-0.000129972,0.0572688,0.0572689
1.312,-1.29101e-06,-2.60126e-05,0.0587591,0.0587591
1.366,-6.53445e-06,-0.000147931,0.0622701,0.0622703
1.412,-1.29221e-06,-2.56903e-05,0.0637602,0.0637602
1.468,-1.02682e-05,-0.000239084,0.0677856,0.067786
1.518,-9.78193e-06,-0.000227762,0.070208,0.0702084
1.564,-4.65754e-06,-0.000103529,0.0717607,0.0717608
1.615,-6.23954e-06,-0.000140183,0.0744873,0.0744875
1.665,-7.0983e-06,-0.000160009,0.077021,0.0770211
1.717,-1.06192e-05,-0.000241809,0.0799746,0.079975
1.764,-5.49921e-06,-0.000122426,0.0817666,0.0817667
1.815,-7.47045e-06,-0.000168143,0.0844795,0.0844797
1.865,-7.82219e-06,-0.000176165,0.0864549,0.0864551
1.915,-7.17881e-06,-0.000161059,0.0879983,0.0879984
1.968,-1.43592e-05,-0.00033434,0.0891098,0.0891104
2.016,-8.53102e-06,-0.000192396,0.0893848,0.089385
2.069,-1.30392e-05,-0.000303603,0.0896953,0.0896958
2.114,-3.08726e-06,-6.56035e-05,0.089764,0.089764
2.168,-1.32159e-05,-0.000307718,0.0899201,0.0899207
2.215,-5.11671e-06,-0.000112842,0.0899298,0.0899299
2.267,-1.01303e-05,-0.000229575,0.089549,0.0895493
2.318,-1.12007e-05,-0.000260796,0.0889128,0.0889132
2.367,-8.35268e-06,-0.000188259,0.0873517,0.0873519
2.418,-9.12257e-06,-0.000212409,0.0852204,0.0852207
2.468,-8.4804e-06,-0.000197457,0.0829362,0.0829364
2.512,4.40458e-06,0.000108362,0.0819951,0.0819951
2.565,-1.26716e-06,-2.38559e-05,0.078931,0.078931
2.616,-2.67854e-06,-5.68919e-05,0.0763044,0.0763044
2.666,-2.41581e-06,-5.09397e-05,0.0737973,0.0737973
2.718,-4.95858e-06,-0.000115455,0.0708993,0.0708993
2.765,-3.23432e-07,-2.56727e-06,0.0690829,0.0690829
2.817,-2.88954e-06,-6.24962e-05,0.0661511,0.0661511
2.868,-3.72769e-06,-8.67951e-05,0.0633402,0.0633403
2.913,2.39377e-06,6.01706e-05,0.0621004,0.0621005
2.966,-9.41145e-07,-1.76486e-05,0.0588449,0.0588449
3.018,-2.57787e-06,-6.00229e-05,0.0559179,0.055918
3.069,-2.05311e-06,-4.78044e-05,0.0533368,0.0533368
3.118,-1.99486e-06,-4.57352e-05,0.0509152,0.0509152
3.167,-9.11733e-07,-2.11574e-05,0.0485883,0.0485883
3.216,-2.04052e-07,-1.36702e-06,0.0463884,0.0463884
3.267,-6.68045e-07,-1.23401e-05,0.0435856,0.0435856
3.317,-5.4015e-07,-9.54286e-06,0.0411477,0.0411477
3.365,6.17759e-07,1.72482e-05,0.0390929,0.0390929
3.416,2.00664e-07,7.356e-06,0.0363847,0.0363847
3.464,1.62694e-06,4.03957e-05,0.0343435,0.0343435
3.516,2.18875e-06,5.32961e-05,0.0313708,0.0313708
3.564,2.51735e-06,6.07776e-05,0.0293368,0.0293368
3.614,1.29112e-06,3.22632e-05,0.0268604,0.0268604
3.666,1.6919e-07,4.01196e-06,0.0238367,0.0238367
3.715,1.06444e-07,4.11166e-06,0.0216261,0.0216261
3.768,-2.62805e-07,-6.11912e-06,0.0183237,0.0183237
3.818,-2.75257e-07,-6.40905e-06,0.0159028,0.0159028
3.865,-6.25589e-09,9.67864e-07,0.0140952,0.0140952
3.918,-1.33154e-07,-3.10035e-06,0.0109017,0.0109017
3.963,6.51118e-08,2.27943e-06,0.0096105,0.0096105
4.013,5.92709e-08,1.96282e-06,0.00706385,0.00706386
4.063,4.37024e-08,1.42424e-06,0.00470999,0.00470999
timestamp,vx,vy,vz,vmag
0,5.96068e-10,1.38778e-08,1.5304e-05,1.5304e-05
0.026,1.78221e-10,5.22329e-09,-0.000198788,0.000198788
0.076,1.55901e-09,3.62139e-08,-0.00103211,0.00103211
0.126,2.45045e-09,5.70525e-08,-0.00219439,0.00219439
0.177,3.67928e-09,8.56436e-08,-0.0044094,0.0044094
0.229,1.18845e-08,2.76703e-07,-0.00676512,0.00676512
0.276,1.73954e-09,4.04978e-08,-0.00860607,0.00860607
0.327,1.69051e-08,3.93616e-07,-0.0110863,0.0110863
0.38,-2.84099e-07,-6.61494e-06,-0.0145532,0.0145532
0.429,-1.31385e-07,-3.05914e-06,-0.0163768,0.0163768
0.477,-2.22372e-07,-5.17768e-06,-0.0186223,0.0186223
0.524,1.7495e-07,4.07353e-06,-0.0203201,0.0203201
0.578,-5.80344e-07,-1.35126e-05,-0.0238898,0.0238898
0.629,-4.85672e-07,-1.13083e-05,-0.0263271,0.0263271
0.677,-5.85182e-07,-1.36253e-05,-0.0285884,0.0285884
0.729,-1.37662e-06,-3.20531e-05,-0.0313171,0.0313171
0.777,-3.22805e-06,-7.51615e-05,-0.0335687,0.0335688
0.828,-4.29539e-06,-0.000100013,-0.0360912,0.0360914
0.878,-4.22085e-06,-9.82778e-05,-0.0388563,0.0388564
0.928,-2.9799e-06,-6.93835e-05,-0.0411005,0.0411005
0.978,-3.95127e-06,-9.20008e-05,-0.0438594,0.0438595
1.026,-2.20669e-06,-5.13804e-05,-0.0456943,0.0456943
1.078,-4.47382e-06,-0.000104168,-0.048858,0.0488582
1.13,-4.68919e-06,-0.000109183,-0.0515055,0.0515056
1.177,-4.12072e-06,-9.59463e-05,-0.053568,0.0535681
1.226,-2.6332e-06,-6.1311e-05,-0.0556947,0.0556947
1.279,-7.23053e-06,-0.000168355,-0.0591424,0.0591426
1.328,-4.63821e-06,-0.000107996,-0.0610984,0.0610985
1.377,-5.38013e-06,-0.00012527,-0.0635667,0.0635668
1.429,-6.27223e-06,-0.000146042,-0.0662996,0.0662998
1.476,-4.35736e-06,-0.000101456,-0.0682803,0.0682804
1.527,-4.81521e-06,-0.000112117,-0.0708973,0.0708974
1.577,-6.85962e-06,-0.000159719,-0.0735674,0.0735675
1.628,-6.71106e-06,-0.00015626,-0.0760993,0.0760995
1.679,-1.22634e-05,-0.000285539,-0.0791404,0.0791409
1.729,-9.02095e-06,-0.000210043,-0.0813017,0.081302
1.776,-5.93594e-06,-0.000138212,-0.0832851,0.0832852
1.827,-6.3175e-06,-0.000147096,-0.085665,0.0856651
1.877,-8.53456e-06,-0.000198718,-0.08743,0.0874302
1.926,-4.0637e-06,-9.46188e-05,-0.0885132,0.0885132
1.978,-1.06351e-05,-0.000247626,-0.0892118,0.0892121
2.026,-3.1831e-06,-7.41149e-05,-0.0894823,0.0894823
2.077,-7.05722e-06,-0.000164319,-0.0897052,0.0897054
2.127,-4.60976e-06,-0.000107333,-0.0898307,0.0898308
2.177,-6.74188e-06,-0.000156977,-0.0899011,0.0899012
2.227,-4.20221e-06,-9.78436e-05,-0.0898026,0.0898026
2.279,-1.21593e-05,-0.000283117,-0.0891363,0.0891368
2.327,-3.22804e-06,-7.51612e-05,-0.0884135,0.0884135
2.38,-1.28879e-05,-0.000300081,-0.0857684,0.085769
2.429,-5.38206e-06,-0.000125315,-0.0842356,0.0842357
2.477,-2.85825e-06,-6.65511e-05,-0.0821582,0.0821583
2.527,-8.5986e-07,-2.00208e-05,-0.0799864,0.0799864
2.577,-1.91388e-06,-4.45624e-05,-0.0774011,0.0774011
2.625,2.65063e-06,6.17169e-05,-0.075532,0.075532
2.676,8.21952e-07,1.91383e-05,-0.0727757,0.0727757
2.73,-3.83021e-06,-8.91822e-05,-0.0695669,0.0695669
2.777,-8.05976e-07,-1.87662e-05,-0.0675135,0.0675135
2.829,-1.95082e-06,-4.54226e-05,-0.0647852,0.0647852
2.878,-2.0253e-06,-4.71568e-05,-0.0622303,0.0622303
2.928,-4.74989e-07,-1.10596e-05,-0.0599942,0.0599942
2.977,-1.28085e-07,-2.98227e-06,-0.0575246,0.0575246
3.028,-1.90985e-07,-4.44683e-06,-0.0549949,0.0549949
3.077,1.28397e-07,2.9896e-06,-0.0525246,0.0525246
3.128,4.84509e-08,1.12816e-06,-0.0499945,0.0499945
3.18,-2.48816e-06,-5.7934e-05,-0.0466465,0.0466465
3.231,-7.40555e-07,-1.7243e-05,-0.0445834,0.0445834
3.277,5.0747e-07,1.18159e-05,-0.042523,0.042523
3.326,1.32454e-06,3.08405e-05,-0.0404031,0.0404032
3.376,1.22634e-06,2.8554e-05,-0.037815,0.037815
3.427,1.21073e-06,2.81906e-05,-0.0351967,0.0351967
3.48,1.42494e-06,3.31782e-05,-0.0316377,0.0316377
3.528,2.71033e-06,6.31071e-05,-0.0299868,0.0299869
3.576,2.1037e-06,4.89824e-05,-0.0278119,0.027812
3.626,8.938e-07,2.08111e-05,-0.0254025,0.0254025
3.676,4.798e-07,1.11716e-05,-0.0228153,0.0228153
3.729,-1.50789e-07,-3.51094e-06,-0.0197867,0.0197868
3.779,-2.28179e-07,-5.31289e-06,-0.0169348,0.0169348
3.829,-1.44666e-07,-3.36838e-06,-0.0147867,0.0147867
3.877,3.33254e-08,7.75958e-07,-0.0125221,0.0125221
3.929,-6.03022e-08,-1.40406e-06,-0.00978644,0.00978644
3.978,3.64808e-08,8.49414e-07,-0.00722805,0.00722805
4.026,5.92381e-08,1.37929e-06,-0.00534083,0.00534083
timestamp,vx,vy,vz,vmag
0,1.39913e-09,3.25774e-08,-3.19961e-05,3.19961e-05
0.029,8.79297e-11,2.04735e-09,-0.000307167,0.000307167
0.08,3.08036e-09,7.17231e-08,-0.00149025,0.00149025
0.127,1.64443e-09,3.82887e-08,-0.00230976,0.00230976
0.178,2.28124e-09,5.31162e-08,-0.00465807,0.00465807
0.227,2.93281e-08,6.82871e-07,-0.00640731,0.00640731
0.276,2.02144e-09,4.70672e-08,-0.00860571,0.00860571
0.326,4.71633e-08,1.09814e-06,-0.0108899,0.0108899
0.38,-3.2714e-07,-7.61708e-06,-0.014556,0.014556
0.428,-9.21237e-08,-2.145e-06,-0.0161754,0.0161754
0.477,-2.56194e-07,-5.96519e-06,-0.0186246,0.0186246
0.528,-2.23039e-07,-5.19321e-06,-0.0211385,0.0211385
0.578,-6.69831e-07,-1.55963e-05,-0.0238957,0.0238957
0.629,-1.12173e-06,-2.61183e-05,-0.0263337,0.0263337
0.678,-3.32125e-06,-7.73315e-05,-0.0288958,0.0288959
0.725,-2.86224e-06,-6.66441e-05,-0.0305113,0.0305114
0.776,-3.0665e-06,-7.13999e-05,-0.033305,0.0333051
0.827,-2.47311e-06,-5.75836e-05,-0.0359208,0.0359208
0.878,-3.74243e-06,-8.71384e-05,-0.0388948,0.0388949
0.927,-2.6023e-06,-6.05915e-05,-0.0409212,0.0409213
0.979,-5.16927e-06,-0.000120361,-0.044194,0.0441942
1.028,-3.50886e-06,-8.16998e-05,-0.0461308,0.0461309
1.077,-4.14991e-06,-9.66259e-05,-0.0486036,0.0486037
1.125,-2.04058e-06,-4.75127e-05,-0.0505086,0.0505086
1.176,-3.59792e-06,-8.37735e-05,-0.0533087,0.0533088
1.227,-3.93948e-06,-9.17265e-05,-0.0559284,0.0559285
1.278,-7.07509e-06,-0.000164736,-0.0589112,0.0589115
1.326,-3.5099e-06,-8.1724e-05,-0.0607221,0.0607222
1.378,-8.17203e-06,-0.000190277,-0.0639177,0.063918
1.429,-7.47793e-06,-0.000174115,-0.0663578,0.066358
1.479,-1.14157e-05,-0.000265802,-0.069228,0.0692285
1.528,-7.15875e-06,-0.000166683,-0.0711529,0.0711531
1.581,-1.4902e-05,-0.000346977,-0.0745411,0.0745419
1.628,-8.07833e-06,-0.000188095,-0.0761597,0.0761599
1.679,-1.47611e-05,-0.000343696,-0.0792509,0.0792516
1.728,-9.06394e-06,-0.000211044,-0.0811675,0.0811677
1.779,-1.66279e-05,-0.000387163,-0.0842649,0.0842658
1.828,-9.70771e-06,-0.000226033,-0.0859019,0.0859022
1.879,-1.72643e-05,-0.000401981,-0.087897,0.0878979
1.928,-9.3569e-06,-0.000217865,-0.0887479,0.0887481
1.975,-2.18915e-06,-5.09718e-05,-0.0891106,0.0891107
2.028,-8.53439e-06,-0.000198714,-0.0895878,0.089588
2.077,-8.66901e-06,-0.000201848,-0.0897634,0.0897637
2.128,-8.04219e-06,-0.000187253,-0.0898916,0.0898917
2.178,-1.20535e-05,-0.000280653,-0.0899839,0.0899844
2.226,-2.82269e-06,-6.57231e-05,-0.0898386,0.0898386
2.281,-1.78671e-05,-0.000416015,-0.0891885,0.0891895
2.327,-4.00572e-06,-9.32688e-05,-0.0884396,0.0884396
2.379,-1.22873e-05,-0.000286095,-0.0860889,0.0860894
2.429,-6.62325e-06,-0.000154215,-0.0842806,0.0842807
2.479,-9.99106e-06,-0.000232631,-0.0816788,0.0816791
2.525,2.87877e-06,6.70289e-05,-0.0803534,0.0803534
2.577,-2.39618e-06,-5.57925e-05,-0.0774166,0.0774166
2.627,-3.81479e-07,-8.88231e-06,-0.075132,0.0751321
2.68,-9.31705e-06,-0.000216937,-0.0716757,0.0716761
2.726,1.65818e-06,3.86088e-05,-0.0703714,0.0703714
2.778,-3.2661e-06,-7.60475e-05,-0.0672436,0.0672436
2.829,-2.40223e-06,-5.59333e-05,-0.0648019,0.064802
2.876,1.39019e-06,3.23689e-05,-0.0628062,0.0628062
2.927,6.08117e-07,1.41593e-05,-0.0601962,0.0601962
2.981,-4.83431e-06,-0.000112562,-0.05668,0.0566802
3.026,1.79958e-06,4.19013e-05,-0.0553945,0.0553945
3.077,1.49533e-07,3.48171e-06,-0.0525251,0.0525251
3.129,-7.99632e-07,-1.86185e-05,-0.0497965,0.0497965
3.18,-3.04751e-06,-7.09578e-05,-0.0466677,0.0466677
3.228,3.00322e-07,6.99267e-06,-0.0449938,0.0449938
3.278,-3.09464e-07,-7.20552e-06,-0.0422343,0.0422343
3.326,1.6191e-06,3.7699e-05,-0.0403951,0.0403951
3.376,1.49828e-06,3.48858e-05,-0.0378078,0.0378078
3.426,1.51393e-06,3.52502e-05,-0.0353956,0.0353956
3.478,3.17834e-07,7.40042e-06,-0.0322289,0.0322289
3.526,1.62535e-06,3.78444e-05,-0.0303944,0.0303944
3.578,1.97906e-06,4.60801e-05,-0.0272153,0.0272153
3.626,2.98417e-06,6.94829e-05,-0.0253831,0.0253832
3.679,6.58904e-07,1.53418e-05,-0.0219317,0.0219318
3.727,6.34034e-07,1.47628e-05,-0.020196,0.020196
3.778,1.36291e-07,3.17339e-06,-0.0172299,0.0172299
3.827,1.89624e-07,4.41518e-06,-0.0151995,0.0151995
3.88,-1.30992e-07,-3.05001e-06,-0.011644,0.011644
3.927,8.35523e-08,1.94542e-06,-0.0102004,0.0102004
3.979,4.63399e-08,1.07897e-06,-0.00693655,0.00693655
4.027,7.57665e-08,1.76414e-06,-0.00512652,0.00512652
timestamp,vx,vy,vz,vmag
0,2.22859e-09,5.18899e-08,-3.8934e-05,3.89341e-05
0.016,8.03058e-10,1.86983e-08,3.50895e-06,3.509e-06
0.065,2.1913e-10,5.10436e-09,0.000574557,0.000574557
0.118,7.36339e-09,1.71448e-07,0.00179801,0.00179801
0.163,9.54284e-10,2.22193e-08,0.00275188,0.00275188
0.214,3.57567e-08,8.32555e-07,0.00494865,0.00494865
0.265,-1.17236e-08,-2.72971e-07,0.00742033,0.00742033
0.315,2.58134e-08,6.01035e-07,0.00972363,0.00972363
0.366,-1.48414e-07,-3.45564e-06,0.0124056,0.0124056
0.417,-1.70308e-07,-3.96542e-06,0.0150408,0.0150408
0.465,-2.08757e-07,-4.86068e-06,0.0170634,0.0170634
0.514,-4.4172e-08,-1.0285e-06,0.0192725,0.0192725
0.568,-1.03622e-06,-2.41273e-05,0.0227954,0.0227954
0.617,-7.83441e-07,-1.82415e-05,0.0249711,0.0249711
0.666,-2.35546e-06,-5.48442e-05,0.0272603,0.0272604
0.713,-2.70754e-06,-6.3042e-05,0.0289821,0.0289822
0.766,-4.76606e-06,-0.000110972,0.0322376,0.0322378
0.813,-2.7585e-06,-6.42285e-05,0.0339796,0.0339796
0.864,-2.76895e-06,-6.44718e-05,0.036737,0.0367371
0.914,-2.64313e-06,-6.15423e-05,0.0392221,0.0392222
0.965,-3.69075e-06,-8.5935e-05,0.0419876,0.0419877
1.016,-4.3285e-06,-0.000100784,0.0446933,0.0446935
1.066,-5.16449e-06,-0.000120249,0.0472346,0.0472347
1.114,-3.22131e-06,-7.50046e-05,0.0492183,0.0492184
1.168,-8.32297e-06,-0.000193791,0.0527271,0.0527274
1.213,-2.51876e-06,-5.86466e-05,0.0539823,0.0539823
1.267,-8.27347e-06,-0.000192638,0.057471,0.0574713
1.315,-5.35537e-06,-0.000124694,0.0594461,0.0594462
1.365,-6.18223e-06,-0.000143946,0.0619722,0.0619724
1.416,-7.55305e-06,-0.000175864,0.0646734,0.0646737
1.464,-5.00863e-06,-0.00011662,0.0667244,0.0667245
1.515,-6.70816e-06,-0.000156192,0.0694392,0.0694394
1.565,-7.66743e-06,-0.000178528,0.0719651,0.0719653
1.615,-7.41684e-06,-0.000172693,0.0744363,0.0744365
1.664,-5.97007e-06,-0.000139006,0.0767212,0.0767213
1.716,-1.04452e-05,-0.000243205,0.0796602,0.0796605
1.769,-1.68746e-05,-0.000392905,0.0826824,0.0826833
1.817,-1.40175e-05,-0.000326382,0.0848623,0.0848629
1.866,-1.22378e-05,-0.000284943,0.0865477,0.0865481
1.916,-1.12598e-05,-0.000262172,0.0880626,0.088063
1.967,-1.43909e-05,-0.000335076,0.0889358,0.0889365
2.017,-1.29625e-05,-0.000301818,0.0893279,0.0893284
2.065,-7.15811e-06,-0.000166668,0.0895614,0.0895615
2.116,-9.25408e-06,-0.000215471,0.0897288,0.0897291
2.163,-1.99579e-07,-4.64697e-06,0.0898505,0.0898505
2.217,-1.16856e-05,-0.000272087,0.0898573,0.0898577
2.268,-1.49489e-05,-0.000348069,0.0893952,0.0893959
2.316,-7.76394e-06,-0.000180775,0.0889587,0.0889589
2.364,-1.09099e-06,-2.54024e-05,0.0878378,0.0878378
2.417,-8.25407e-06,-0.000192187,0.0853433,0.0853435
2.466,-4.87329e-06,-0.000113469,0.083337,0.083337
2.517,-6.3748e-06,-0.00014843,0.0808489,0.080849
2.568,-8.16889e-06,-0.000190203,0.0781402,0.0781405
2.615,-7.23719e-07,-1.6851e-05,0.0765229,0.0765229
2.666,-2.54393e-06,-5.92326e-05,0.073772,0.073772
2.713,3.51388e-06,8.18167e-05,0.0720899,0.0720899
2.766,-1.85237e-06,-4.31303e-05,0.068813,0.068813
2.814,1.71985e-06,4.00448e-05,0.0668661,0.0668661
2.868,-4.36437e-06,-0.000101619,0.0633007,0.0633008
2.918,-3.83335e-06,-8.92553e-05,0.0608842,0.0608842
2.964,1.71632e-06,3.99627e-05,0.0593593,0.0593593
3.018,-3.01133e-06,-7.01153e-05,0.0558897,0.0558897
3.062,3.80459e-06,8.85855e-05,0.0548834,0.0548834
3.114,1.61262e-06,3.75481e-05,0.0518753,0.0518753
3.168,-1.93238e-06,-4.49934e-05,0.0483154,0.0483154
3.216,-5.8324e-08,-1.35801e-06,0.0463849,0.0463849
3.265,8.10123e-07,1.88628e-05,0.0440981,0.0440981
3.314,1.44389e-06,3.36195e-05,0.0418736,0.0418736
3.365,8.66152e-07,2.01674e-05,0.0390978,0.0390978
3.418,-6.32414e-07,-1.4725e-05,0.0358981,0.0358981
3.466,1.38763e-06,3.23093e-05,0.0338408,0.0338409
3.517,2.39563e-06,5.57795e-05,0.0311488,0.0311489
3.564,3.02047e-06,7.03282e-05,0.029361,0.0293611
3.614,1.59582e-06,3.71569e-05,0.0268724,0.0268725
3.663,9.4623e-07,2.20319e-05,0.0246125,0.0246125
3.717,-2.01995e-07,-4.70322e-06,0.0211408,0.0211408
3.767,-1.65595e-07,-3.85569e-06,0.0185776,0.0185776
3.816,-8.52045e-08,-1.98389e-06,0.0163831,0.0163831
3.866,-3.37853e-08,-7.86653e-07,0.0138358,0.0138358
3.918,-1.58561e-07,-3.69192e-06,0.0108987,0.0108987
3.965,4.80175e-08,1.11803e-06,0.00909389,0.00909389
4.016,2.971e-08,6.91764e-07,0.00630855,0.00630855
4.063,6.78726e-08,1.58034e-06,0.00470918,0.00470918
timestamp,vx,vy,vz,vmag
0,6.79085e-10,1.58114e-08,1.53051e-05,1.53051e-05
0.03,-0.000196471,-0.000196471,-0.00019769,0.000341003
0.077,-0.00066187,-0.000661799,-0.000662725,0.00114685
0.129,-0.00146927,-0.00146929,-0.00146971,0.00254511
0.177,-0.00254566,-0.00254552,-0.00254592,0.00440928
0.225,-0.00349412,-0.00349256,-0.00349412,0.00605109
0.28,-0.00560688,-0.00561038,-0.00560722,0.00971362
0.329,-0.00662635,-0.00662753,-0.00662642,0.0114779
0.377,-0.00790261,-0.00790648,-0.0079029,0.0136901
0.429,-0.00945323,-0.00945836,-0.00945359,0.0163766
0.48,-0.0112474,-0.0112699,-0.0112493,0.0194951
0.528,-0.0122004,-0.0122079,-0.0122009,0.0211364
0.579,-0.0139501,-0.01398,-0.0139525,0.0241809
0.627,-0.014954,-0.014976,-0.0149555,0.0259147
0.679,-0.0167859,-0.0169129,-0.0167955,0.029153
0.726,-0.01768,-0.0177834,-0.0176876,0.0306869
0.775,-0.0190114,-0.0190994,-0.0190175,0.0329831
0.828,-0.0208108,-0.0208997,-0.0208162,0.0360998
0.875,-0.0219117,-0.0219706,-0.0219145,0.0379879
0.931,-0.0239214,-0.0240393,-0.0239275,0.0415048
0.976,-0.0249557,-0.0250408,-0.024959,0.0432756
1.031,-0.0267995,-0.0269361,-0.026805,0.0465002
1.077,-0.027993,-0.0281189,-0.0279967,0.0485602
1.127,-0.0293462,-0.0294483,-0.0293482,0.0508893
1.177,-0.0308719,-0.0310151,-0.0308742,0.0535559
1.228,-0.0323344,-0.0324743,-0.0323357,0.0560864
1.276,-0.0336019,-0.0337185,-0.0336009,0.058267
1.328,-0.0352134,-0.0353707,-0.0352125,0.0610819
1.38,-0.0370655,-0.0374006,-0.0370654,0.0643933
1.427,-0.0379897,-0.0381303,-0.0379854,0.0658789
1.478,-0.0396497,-0.0399078,-0.0396435,0.0688211
1.529,-0.0410723,-0.0413042,-0.0410644,0.0712689
1.576,-0.0422479,-0.0423985,-0.0422374,0.0732565
1.627,-0.0437524,-0.043919,-0.0437405,0.0758708
1.676,-0.0451303,-0.0452917,-0.0451152,0.0782526
1.73,-0.0469226,-0.0472499,-0.0469008,0.0814492
1.778,-0.0482758,-0.0486147,-0.0482481,0.0837963
1.825,-0.0492331,-0.0493088,-0.0492162,0.0853082
1.881,-0.0505717,-0.0510649,-0.0505264,0.0878523
1.927,-0.0510832,-0.0512448,-0.0510573,0.0885571
1.976,-0.0514104,-0.0515298,-0.0513839,0.0890991
2.03,-0.0515888,-0.0518917,-0.0515467,0.0895054
2.076,-0.0517418,-0.051836,-0.0517143,0.089658
2.126,-0.0518334,-0.0518886,-0.0518103,0.0897966
2.175,-0.0519022,-0.0518931,-0.0518843,0.0898817
2.227,-0.051803,-0.0518999,-0.0517735,0.0897644
2.279,-0.0513248,-0.0516405,-0.0512628,0.0890441
2.326,-0.0510912,-0.051106,-0.0510718,0.0884899
2.377,-0.0498859,-0.049978,-0.0498535,0.0864394
2.427,-0.048816,-0.0488444,-0.0487953,0.0845562
2.477,-0.0474067,-0.0474611,-0.0473807,0.0821272
2.53,-0.0457833,-0.0459182,-0.0457453,0.079355
2.579,-0.0442861,-0.0444404,-0.0442422,0.0767696
2.628,-0.0432441,-0.0432736,-0.0432259,0.0749075
2.678,-0.0416478,-0.0417177,-0.0416209,0.0721609
2.729,-0.0402573,-0.0403082,-0.0402362,0.0697449
2.777,-0.0389735,-0.0389802,-0.0389616,0.0675011
2.826,-0.0377772,-0.0377299,-0.0377792,0.0654059
2.876,-0.0362816,-0.0362426,-0.0362824,0.0628195
2.927,-0.0347639,-0.0347428,-0.0347619,0.0601995
2.977,-0.0332128,-0.0332073,-0.0332074,0.05752
3.03,-0.0314964,-0.0315345,-0.0314813,0.0545666
3.08,-0.0297849,-0.0298564,-0.0297608,0.0516164
3.128,-0.0288664,-0.0288601,-0.0288638,0.0499929
3.181,-0.0269079,-0.0269567,-0.0268904,0.0466239
3.225,-0.0263546,-0.0263049,-0.0263649,0.0456248
3.279,-0.0242031,-0.0242227,-0.0241945,0.0419274
3.328,-0.0230952,-0.0230831,-0.0230962,0.0399957
3.377,-0.0216711,-0.021654,-0.0216738,0.0375272
3.43,-0.0199687,-0.019961,-0.0199694,0.0345827
3.478,-0.0186267,-0.0185801,-0.0186395,0.032243
3.527,-0.0174634,-0.0173957,-0.0174831,0.0302198
3.578,-0.0157309,-0.0157059,-0.0157377,0.0272362
3.628,-0.0144332,-0.0144246,-0.0144353,0.0249953
3.68,-0.0124901,-0.0125001,-0.0124863,0.0216371
3.728,-0.0115429,-0.0115427,-0.0115426,0.0199926
3.775,-0.0104593,-0.0104517,-0.0104614,0.0181129
3.826,-0.00889489,-0.00889244,-0.00889539,0.0154053
3.878,-0.00705992,-0.00706051,-0.0070595,0.0122282
3.93,-0.00553057,-0.00553265,-0.00552974,0.00957995
3.979,-0.00400379,-0.00400343,-0.0040038,0.00693457
4.031,-0.00258385,-0.00258372,-0.00258383,0.00447527
timestamp,vx,vy,vz,vmag
0,-1.84891e-05,-1.84583e-05,-1.84988e-05,3.20119e-05
0.028,0.000154658,0.000154663,0.000154657,0.000267878
0.078,0.000729283,0.000729334,0.000729266,0.00126318
0.128,0.0014023,0.00140231,0.00140229,0.00242886
0.176,0.0024018,0.00240194,0.00240176,0.0041601
0.23,0.00400892,0.00400905,0.00400887,0.0069437
0.276,0.00496876,0.00496881,0.00496875,0.00860617
0.327,0.00640049,0.00640092,0.00640035,0.0110861
0.377,0.00790551,0.00790303,0.00790632,0.0136918
0.427,0.00922216,0.00922146,0.00922239,0.015973
0.476,0.010585,0.0105825,0.0105859,0.0183328
0.529,0.0123251,0.012318,0.0123274,0.021345
0.577,0.0136298,0.0136201,0.0136329,0.0236037
0.626,0.0148498,0.0148402,0.0148528,0.0257169
0.677,0.0165329,0.0164722,0.0165516,0.0286116
0.726,0.0177583,0.0176893,0.0177794,0.0307306
0.779,0.0197702,0.0196791,0.0197975,0.0342063
0.827,0.020757,0.0207026,0.0207729,0.03593
0.875,0.021957,0.0219156,0.0219686,0.0380135
0.926,0.0235221,0.0234739,0.0235353,0.0407213
0.978,0.0253762,0.0252793,0.0254027,0.0439123
1.028,0.0266593,0.0265812,0.02668,0.0461422
1.079,0.02845,0.0283125,0.028486,0.0492184
1.127,0.0294268,0.02935,0.0294456,0.0509353
1.177,0.0309855,0.0308766,0.0310117,0.0536208
1.228,0.0324459,0.0323381,0.0324711,0.0561503
1.278,0.0340642,0.033904,0.0341009,0.0589298
1.325,0.0349551,0.0348972,0.0349657,0.0605167
1.38,0.037336,0.0370705,0.0373943,0.0645487
1.427,0.0381058,0.0379877,0.0381283,0.0659461
1.479,0.0400524,0.0397903,0.0401046,0.069252
1.528,0.0411326,0.0409667,0.0411623,0.0711653
1.578,0.0427639,0.0425167,0.0428073,0.0739519
1.625,0.0436258,0.0435465,0.0436341,0.0755211
1.677,0.0454695,0.0452508,0.0455014,0.0786479
1.729,0.0470663,0.0468095,0.0471033,0.0813947
1.777,0.0483697,0.0481224,0.0484004,0.0836541
1.825,0.0493071,0.0492167,0.0493104,0.0853522
1.878,0.0507366,0.0504041,0.0507733,0.0877081
1.928,0.0513087,0.0510806,0.0513282,0.0887491
1.977,0.0515926,0.0513614,0.0516078,0.0892365
2.029,0.0518284,0.0515619,0.051847,0.0896266
2.08,0.0520393,0.051556,0.0520772,0.0898785
2.128,0.0519607,0.0517575,0.0519663,0.0898846
2.179,0.0520892,0.0516949,0.0521085,0.0900053
2.226,0.0518914,0.0518127,0.0518816,0.0898275
2.279,0.0516357,0.0512584,0.0516459,0.0892243
2.327,0.051092,0.050983,0.051083,0.0884259
2.379,0.0497982,0.0494819,0.0497988,0.0860711
2.429,0.0487107,0.0485357,0.0487043,0.0842648
2.474,0.0478369,0.0479783,0.0478149,0.082925
2.528,0.0461049,0.0460174,0.0460937,0.0797991
2.577,0.0447159,0.0446452,0.044703,0.0774019
2.626,0.0434761,0.0435033,0.0434629,0.0753109
2.68,0.041456,0.0412081,0.0414457,0.0716551
2.726,0.0406161,0.0406511,0.0406051,0.0703631
2.777,0.0389914,0.0389575,0.0389806,0.0675093
2.827,0.0376359,0.0376393,0.0376271,0.0651842
2.879,0.0358131,0.0356903,0.0358023,0.0619531
2.928,0.0346451,0.0346242,0.0346375,0.0599906
2.979,0.0329164,0.0328188,0.0329065,0.0569508
3.026,0.0319668,0.03201,0.0319624,0.0553905
3.075,0.0306279,0.0307017,0.0306253,0.0530903
3.125,0.0291882,0.0292544,0.0291865,0.0505927
3.179,0.0271231,0.0270689,0.0271161,0.0469433
3.229,0.0258637,0.0258502,0.0258596,0.0447871
3.277,0.0245432,0.0245574,0.0245408,0.0425169
3.326,0.0233072,0.0233489,0.0233072,0.0403933
3.381,0.0211715,0.0211347,0.0211668,0.0366462
3.428,0.0201887,0.0202173,0.0201891,0.0349846
3.478,0.0185746,0.018641,0.0185783,0.0322127
3.528,0.0172722,0.0173623,0.0172782,0.0299719
3.58,0.0153796,0.0153808,0.015379,0.0266386
3.625,0.014767,0.0148055,0.0147696,0.0256009
3.68,0.0125014,0.0124848,0.0124995,0.0216423
3.73,0.011309,0.0112988,0.0113079,0.0195812
3.778,0.0099476,0.00994442,0.00994707,0.0172276
3.829,0.00853871,0.00853365,0.00853809,0.0147862
3.88,0.00672276,0.00671666,0.00672208,0.0116402
3.927,0.00588708,0.00588765,0.00588704,0.010197
3.979,0.00400264,0.00400301,0.00400261,0.00693297
4.027,0.00295732,0.00295881,0.00295742,0.00512314
timestamp,vx,vy,vz,vmag
0,1.84482e-05,1.84955e-05,1.84524e-05,3.1983e-05
0.028,-0.000154663,-0.000154655,0.000159691,0.000270814
0.078,-0.000729335,-0.000729275,0.000727315,0.00126205
0.128,-0.00140229,-0.00140228,0.00140116,0.00242818
0.178,-0.00269004,-0.00268998,0.00268938,0.00465887
0.226,-0.00359726,-0.00359629,0.00359592,0.0062293
0.279,-0.00544732,-0.00544932,0.00544935,0.00943736
0.325,-0.00617557,-0.00617363,0.0061736,0.0106941
0.377,-0.00790248,-0.00790543,0.00790572,0.0136911
0.429,-0.00945303,-0.00945694,0.00945736,0.0163779
0.476,-0.0105819,-0.0105849,0.0105853,0.0183321
0.527,-0.0120836,-0.0120867,0.0120872,0.0209333
0.578,-0.0137839,-0.013801,0.0138021,0.0238948
0.63,-0.0153084,-0.015327,0.0153281,0.026537
0.677,-0.0164965,-0.0165138,0.0165149,0.0285934
0.728,-0.0179465,-0.0179787,0.0179804,0.0311224
0.776,-0.0191749,-0.0192502,0.0192534,0.0333008
0.827,-0.0206603,-0.0207759,0.0207804,0.0359209
0.881,-0.0226978,-0.0228401,0.0228453,0.0394813
0.927,-0.0235721,-0.0236489,0.0236519,0.0409186
0.976,-0.0249493,-0.0250236,0.0250265,0.0433009
1.025,-0.0262388,-0.0262882,0.0262903,0.0455052
1.076,-0.0278342,-0.0279124,0.0279153,0.0483023
1.129,-0.0295599,-0.0296765,0.0296803,0.0513362
1.176,-0.030717,-0.0308029,0.0308058,0.0533043
1.229,-0.0324374,-0.0325708,0.0325748,0.0563396
1.277,-0.0337467,-0.0338779,0.0338817,0.0586048
1.325,-0.0348965,-0.0349533,0.0349553,0.0605093
1.38,-0.0370585,-0.0373308,0.0373377,0.064506
1.425,-0.0377818,-0.0378427,0.0378445,0.0655114
1.476,-0.0393621,-0.039479,0.039482,0.068314
1.527,-0.040867,-0.040996,0.040999,0.0709345
1.579,-0.0426557,-0.0429489,0.0429549,0.0742243
1.625,-0.043553,-0.043622,0.0436236,0.0755167
1.679,-0.0455266,-0.0458532,0.045859,0.0792354
1.725,-0.0464391,-0.046512,0.0465134,0.0805199
1.779,-0.0483978,-0.0487592,0.0487646,0.0842484
1.825,-0.0492305,-0.0493015,0.0493026,0.0853524
1.876,-0.0503084,-0.0504498,0.0504517,0.0873011
1.927,-0.051079,-0.0512253,0.0512269,0.0886413
1.979,-0.051356,-0.0517016,0.0517051,0.0893528
2.028,-0.0516044,-0.0517767,0.0517782,0.0895813
2.078,-0.0516745,-0.0519243,0.0519264,0.0897927
2.126,-0.0518319,-0.0518904,0.0518909,0.0898434
2.179,-0.05175,-0.0520678,0.0520698,0.0900021
2.228,-0.0517652,-0.0519113,0.0519121,0.0898292
2.275,-0.0516343,-0.051621,0.0516214,0.0894181
2.328,-0.0509331,-0.0510515,0.0510521,0.0883558
2.378,-0.0497127,-0.0498791,0.0498799,0.0862977
2.427,-0.0488158,-0.0488516,0.0488522,0.0845931
2.48,-0.0468385,-0.0470932,0.0470938,0.0814213
2.526,-0.0463068,-0.0462797,0.0462804,0.0801749
2.578,-0.0444778,-0.0445735,0.0445741,0.0771487
2.627,-0.0433776,-0.0433775,0.0433783,0.0751326
2.675,-0.0422236,-0.0421466,0.0421477,0.0730452
2.726,-0.0406552,-0.0406164,0.0406174,0.0703726
2.776,-0.0391634,-0.0391332,0.0391343,0.0677988
2.826,-0.0377781,-0.0377387,0.0377398,0.0653888
2.878,-0.0359095,-0.0359527,0.0359534,0.0622474
2.926,-0.0348936,-0.0348549,0.034856,0.0603934
2.976,-0.033397,-0.0333647,0.0333658,0.0578086
3.025,-0.0321339,-0.032077,0.0320783,0.0555927
3.077,-0.0303287,-0.030323,0.0303239,0.0525248
3.125,-0.0292444,-0.0291924,0.0291937,0.0505935
3.179,-0.0270853,-0.0271189,0.0271195,0.0469522
3.228,-0.0259811,-0.0259738,0.0259747,0.0449927
3.281,-0.0240275,-0.0240635,0.024064,0.0416587
3.327,-0.0232185,-0.0231975,0.0231984,0.0401919
3.379,-0.0213203,-0.0213321,0.0213327,0.0369418
3.429,-0.0200904,-0.0200764,0.0200772,0.0347819
3.475,-0.0191438,-0.0190774,0.0190786,0.0330821
3.526,-0.0175844,-0.0175101,0.0175114,0.0303721
3.577,-0.0159051,-0.0158685,0.0158694,0.0275067
3.625,-0.0147969,-0.0147704,0.0147712,0.0255989
3.676,-0.0131776,-0.0131665,0.0131671,0.0228117
3.728,-0.0115427,-0.0115427,0.0115432,0.0199928
3.779,-0.00977513,-0.00978015,0.00978046,0.016937
3.828,-0.00865541,-0.00865673,0.00865704,0.0149933
3.876,-0.00740048,-0.00739811,0.00739841,0.0128154
3.927,-0.00588828,-0.00588779,0.00588801,0.0101984
3.976,-0.00451355,-0.00451164,0.00451182,0.0078156
4.027,-0.00295915,-0.0029581,0.00295822,0.00512426
timestamp,vx,vy,vz,vmag
0,-7.74714e-06,-7.73132e-06,7.73182e-06,1.34005e-05
0.05,0.00029116,0.00029116,-0.00029116,0.000504304
0.096,0.000637534,0.000637594,-0.000637593,0.00110431
0.153,0.00182151,0.00182137,-0.00182137,0.00315478
0.197,0.00262901,0.0026294,-0.0026294,0.00455403
0.248,0.00398592,0.00398618,-0.00398617,0.00690411
0.297,0.00522673,0.00522715,-0.00522715,0.00905345
0.349,0.00683132,0.00682996,-0.00682997,0.0118306
0.4,0.00847203,0.00846743,-0.00846748,0.0146687
0.452,0.00992407,0.00991697,-0.00991704,0.0171808
0.496,0.0107014,0.0107023,-0.0107023,0.0185365
0.551,0.0127965,0.0127825,-0.0127827,0.0221481
0.6,0.0142089,0.0141917,-0.0141918,0.0245908
0.648,0.0152811,0.0152732,-0.0152733,0.0264585
0.699,0.0169359,0.0169162,-0.0169164,0.0293113
0.746,0.0179049,0.0178913,-0.0178915,0.0309966
0.799,0.0198561,0.0197514,-0.0197524,0.0342715
0.849,0.0212264,0.0211121,-0.0211131,0.0366339
0.899,0.022741,0.0226415,-0.0226424,0.0392743
0.948,0.023965,0.0238929,-0.0238935,0.0414257
0.997,0.0252994,0.0252357,-0.0252361,0.0437465
1.045,0.0264406,0.0264096,-0.0264098,0.0457608
1.097,0.0281888,0.0281208,-0.0281212,0.0487462
1.147,0.029606,0.0295404,-0.0295408,0.0512036
1.199,0.0314154,0.031291,-0.0312917,0.0542699
1.25,0.0329206,0.0327816,-0.0327823,0.0568602
1.298,0.0341421,0.0340279,-0.0340284,0.0590044
1.347,0.035389,0.0353072,-0.0353074,0.0612013
1.396,0.0366921,0.0366314,-0.0366314,0.0634825
1.451,0.0388637,0.0386501,-0.0386508,0.0670679
1.496,0.0395827,0.0395166,-0.0395165,0.0684829
1.552,0.0417626,0.0415296,-0.0415299,0.0720663
1.597,0.0426529,0.0425345,-0.0425343,0.0737403
1.65,0.0445219,0.0442875,-0.0442874,0.0768437
1.698,0.0457311,0.0455466,-0.0455462,0.0789954
1.749,0.0472721,0.0470555,-0.0470548,0.0816273
1.798,0.0486302,0.048425,-0.0484241,0.0839927
1.851,0.0501595,0.0498305,-0.0498292,0.0864986
1.901,0.0511429,0.0507407,-0.0507389,0.0881173
1.946,0.0511894,0.0511349,-0.0511334,0.0885989
2,0.0517522,0.0514331,-0.0514307,0.0892679
2.049,0.0518305,0.0516315,-0.0516292,0.0895421
2.1,0.0519978,0.0516903,-0.0516871,0.0897062
2.149,0.0519866,0.0517975,-0.0517947,0.0898236
2.201,0.0521281,0.0517538,-0.0517494,0.0898543
2.249,0.0518812,0.0517046,-0.0517014,0.0896552
2.298,0.0515677,0.0514274,-0.0514244,0.0891542
2.347,0.0509431,0.0509082,-0.0509061,0.0881946
2.396,0.0499607,0.0500002,-0.0499991,0.0865795
2.449,0.0485012,0.0483973,-0.0483943,0.0838849
2.495,0.0475616,0.0476841,-0.0476844,0.0825208
2.551,0.0456024,0.0454347,-0.0454307,0.0787898
2.597,0.0445768,0.0445919,-0.0445909,0.0772261
2.652,0.0427541,0.0426276,-0.0426241,0.0739042
2.7,0.041351,0.0412263,-0.0412228,0.0714761
2.749,0.040099,0.040059,-0.0400571,0.0694062
2.796,0.0389871,0.0390585,-0.0390591,0.0676105
2.846,0.0375492,0.0376164,-0.037617,0.0651152
2.896,0.0361069,0.0361751,-0.0361759,0.0626182
2.946,0.0346669,0.0347306,-0.0347314,0.0601188
2.999,0.032811,0.0327793,-0.0327779,0.0567929
3.052,0.031193,0.031143,-0.0311411,0.053969
3.102,0.0296334,0.0295641,-0.0295617,0.0512452
3.148,0.0286591,0.028676,-0.028676,0.0496585
3.2,0.0268816,0.0268479,-0.0268465,0.0465206
3.249,0.0256487,0.0256523,-0.0256521,0.0444289
3.297,0.0244243,0.0244568,-0.0244575,0.0423421
3.348,0.0228821,0.0229031,-0.0229035,0.0396574
3.398,0.0213896,0.0214069,-0.0214072,0.037068
3.451,0.0196056,0.0196182,-0.0196185,0.0339726
3.498,0.0184711,0.0185371,-0.0185392,0.0320704
3.547,0.0172011,0.0172816,-0.0172842,0.0298877
3.6,0.0153058,0.0153156,-0.0153159,0.0265219
3.649,0.0140984,0.0141052,-0.0141053,0.0244271
3.698,0.0127362,0.0127414,-0.0127416,0.0220658
3.752,0.0109574,0.0109504,-0.0109502,0.0189706
3.801,0.00938725,0.00937794,-0.00937763,0.0162483
3.85,0.00819976,0.00819643,-0.00819633,0.0141985
3.899,0.00680945,0.00680838,-0.00680836,0.0117931
3.946,0.00583522,0.00583774,-0.00583785,0.0101099
3.999,0.00390966,0.00391047,-0.00391051,0.00677269
4.05,0.00244472,0.0024454,-0.00244543,0.00423518
timestamp,vx,vy,vz,vmag
0,9.80487e-06,9.82412e-06,-9.82488e-06,1.70052e-05
0.028,-0.000155838,0.000158514,-0.000158514,0.000273019
0.076,-0.000595911,0.000594788,-0.000594765,0.00103084
0.125,-0.00119935,0.00119874,-0.00119869,0.00207661
0.18,-0.00297804,0.00297774,-0.00297776,0.00515778
0.227,-0.00369922,0.00369982,-0.00369945,0.00640772
0.276,-0.00496863,0.00496863,-0.00496861,0.00860591
0.331,-0.00674062,0.0067394,-0.00674001,0.011674
0.376,-0.00773856,0.00773758,-0.00773809,0.0134027
0.426,-0.00910449,0.00910534,-0.00910499,0.0157702
0.482,-0.0112657,0.0112504,-0.0112579,0.0194994
0.528,-0.0122067,0.0122011,-0.0122039,0.0211378
0.58,-0.0141478,0.0141192,-0.0141332,0.0244798
0.63,-0.0153296,0.0153112,-0.0153202,0.0265356
0.677,-0.0165162,0.0164991,-0.0165075,0.028592
0.728,-0.0179833,0.0179506,-0.0179669,0.0311196
0.78,-0.0199774,0.0198231,-0.0198996,0.034468
0.829,-0.0210398,0.0209012,-0.02097,0.0363218
0.878,-0.0225107,0.0223841,-0.0224473,0.0388801
0.929,-0.023907,0.0238078,-0.0238577,0.0413224
0.977,-0.0252138,0.0251151,-0.0251652,0.0435866
1.027,-0.0265467,0.026466,-0.0265073,0.0459109
1.079,-0.0284706,0.0283091,-0.0283916,0.0491738
1.13,-0.0298202,0.0296778,-0.0297511,0.0515281
1.176,-0.0308148,0.0307211,-0.0307703,0.0532931
1.229,-0.0325893,0.032444,-0.0325198,0.0563224
1.28,-0.0344612,0.0342016,-0.0343372,0.0594673
1.327,-0.0352241,0.0351074,-0.0351697,0.0609112
1.377,-0.0367929,0.0366269,-0.0367157,0.0635868
1.425,-0.0378508,0.0377794,-0.0378192,0.0655001
1.479,-0.0400818,0.0397859,-0.0399449,0.0691742
1.526,-0.0408771,0.0407629,-0.0408263,0.070706
1.576,-0.0423891,0.0422372,-0.042322,0.0732937
1.627,-0.0439087,0.0437403,-0.0438342,0.0759119
1.676,-0.0452838,0.0451145,-0.0452106,0.078294
1.729,-0.0470882,0.0468051,-0.0469632,0.0813238
1.779,-0.0488059,0.0483734,-0.0486158,0.0841754
1.827,-0.049559,0.0493589,-0.0494742,0.0856744
1.875,-0.0503202,0.0502288,-0.050286,0.0870847
1.929,-0.0513997,0.0510987,-0.0512723,0.0887798
1.977,-0.0516024,0.0513578,-0.0515025,0.0891793
2.024,-0.0516183,0.0516349,-0.0516322,0.0894231
2.076,-0.0518411,0.0517109,-0.0517928,0.0896884
2.128,-0.051965,0.0517546,-0.0518817,0.0898366
2.177,-0.0520024,0.0517853,-0.0519185,0.0898972
2.224,-0.0518472,0.0518971,-0.0518755,0.0898471
2.278,-0.0516367,0.0513442,-0.0515229,0.089203
2.326,-0.0511143,0.0510691,-0.0511026,0.0884997
2.375,-0.050172,0.0502177,-0.0501985,0.0869421
2.427,-0.0488522,0.0487923,-0.0488342,0.0845695
2.478,-0.0473514,0.0471738,-0.0472867,0.0818753
2.528,-0.0460994,0.0460181,-0.0460725,0.0797841
2.579,-0.044449,0.0442342,-0.0443695,0.0768182
2.626,-0.0434687,0.0435058,-0.0434887,0.075323
2.675,-0.0421359,0.0422289,-0.042178,0.0730595
2.727,-0.0405113,0.0405133,-0.0405165,0.0701718
2.778,-0.0388436,0.038758,-0.0388147,0.067213
2.827,-0.0376311,0.0376414,-0.0376387,0.0651893
2.875,-0.0363914,0.0364795,-0.0364291,0.0631045
2.925,-0.0349539,0.0350333,-0.0349875,0.0606072
2.978,-0.0330607,0.0330129,-0.0330454,0.0572264
3.028,-0.0317515,0.0317455,-0.0317515,0.0549918
3.079,-0.030015,0.0299456,-0.029991,0.0519336
3.128,-0.0288618,0.0288636,-0.0288643,0.0499926
3.18,-0.0269638,0.0268836,-0.0269354,0.04664
3.228,-0.0259724,0.0259807,-0.0259769,0.0449929
3.278,-0.0243838,0.024376,-0.0243823,0.0422287
3.325,-0.02342,0.023478,-0.0234428,0.0406113
3.376,-0.0218151,0.0218552,-0.0218311,0.0378172
3.427,-0.0203041,0.0203436,-0.0203195,0.0351995
3.48,-0.0182469,0.0182933,-0.0182646,0.0316416
3.525,-0.0176218,0.0177356,-0.0176644,0.0306122
3.579,-0.0155425,0.0155611,-0.0155498,0.0269354
3.629,-0.0143095,0.0143128,-0.014311,0.0247875
3.677,-0.0130001,0.0130082,-0.0130034,0.0225234
3.725,-0.0118936,0.0119074,-0.011899,0.0206114
3.777,-0.0101161,0.0101181,-0.0101171,0.0175233
3.828,-0.00865721,0.00865537,-0.00865674,0.0149934
3.879,-0.00689226,0.00688898,-0.00689122,0.0119353
3.926,-0.00600661,0.00600864,-0.00600748,0.0104054
3.978,-0.00417327,0.00417453,-0.00417382,0.00722936
4.03,-0.00258417,0.00258428,-0.00258427,0.00447604
timestamp,vx,vy,vz,vmag
0,-1.32604e-05,1.32933e-05,-1.32727e-05,2.29938e-05
0.032,9.30539e-05,-9.30545e-05,9.30541e-05,0.000161174
0.079,0.000493504,-0.000493478,0.000493495,0.000854754
0.13,0.00114444,-0.00114431,0.0011444,0.00198213
0.178,0.00202761,-0.00202752,0.00202758,0.00351185
0.23,0.00343634,-0.00343508,0.00343588,0.00595092
0.279,0.0047029,-0.00470306,0.00470296,0.00814579
0.331,0.00622753,-0.00622684,0.00622727,0.0107858
0.379,0.00745859,-0.00746015,0.00745915,0.0129199
0.43,0.00893144,-0.00893148,0.00893144,0.0154697
0.48,0.0104679,-0.0104766,0.0104711,0.0181378
0.53,0.0117917,-0.0117942,0.0117926,0.0204258
0.578,0.0129994,-0.0129993,0.0129993,0.0225155
0.631,0.0147782,-0.0147967,0.014785,0.0256112
0.679,0.0160252,-0.0160859,0.0160476,0.0278045
0.733,0.0178421,-0.0179756,0.0178913,0.031009
0.782,0.0193927,-0.0195306,0.0194437,0.0336983
0.831,0.0205178,-0.0206025,0.0205492,0.035605
0.881,0.0221151,-0.0222331,0.0221591,0.0383982
0.93,0.0232914,-0.0233686,0.0233203,0.0404031
0.979,0.0246714,-0.0247562,0.0247034,0.0427996
1.032,0.026392,-0.026509,0.026436,0.0458053
1.081,0.0278695,-0.0280278,0.0279296,0.0483976
1.131,0.0291623,-0.0292794,0.0292069,0.050604
1.182,0.0308993,-0.0311213,0.0309843,0.0536966
1.233,0.0322519,-0.0324326,0.0323212,0.0560064
1.278,0.033163,-0.0332373,0.0331925,0.0575
1.329,0.034712,-0.0348095,0.0347504,0.0602014
1.383,0.0367869,-0.0371334,0.0369224,0.0639955
1.43,0.0376951,-0.0378348,0.0377506,0.0654026
1.482,0.0395069,-0.0398389,0.0396387,0.0686962
1.531,0.0406734,-0.0408654,0.0407504,0.0706038
1.581,0.0422341,-0.0425361,0.0423563,0.0733968
1.633,0.0437429,-0.0440404,0.043863,0.0760063
1.68,0.0449693,-0.0452243,0.045075,0.0780976
1.73,0.0463327,-0.0465182,0.0464103,0.0804026
1.78,0.047844,-0.0481229,0.0479618,0.0830975
1.832,0.0493038,-0.049606,0.0494306,0.0856446
1.878,0.0500501,-0.0501325,0.0500894,0.0867596
1.93,0.0509641,-0.0511439,0.0510432,0.088422
1.982,0.0512869,-0.0517238,0.0514763,0.0891937
2.032,0.0515516,-0.0518184,0.0516689,0.089512
2.079,0.0517039,-0.0518198,0.0517604,0.0896533
2.13,0.051787,-0.0519156,0.051848,0.0898072
2.18,0.0517979,-0.0519971,0.0518919,0.089886
2.23,0.0518224,-0.0519372,0.0518788,0.0898579
2.279,0.0515996,-0.0516772,0.0516418,0.0894423
2.33,0.0511587,-0.0512462,0.051204,0.0886862
2.378,0.0504355,-0.0503762,0.0504169,0.0873119
2.43,0.0490587,-0.0491011,0.0490843,0.0850114
2.48,0.0476492,-0.047723,0.0476902,0.0825971
2.53,0.0464466,-0.0464599,0.0464588,0.0804626
2.578,0.0453366,-0.0452399,0.0452989,0.0784477
2.632,0.0433923,-0.0434757,0.0434361,0.0752311
2.681,0.0419089,-0.0419974,0.0419562,0.0726668
2.732,0.0405439,-0.0406074,0.0405782,0.0702806
2.778,0.0396443,-0.0395515,0.0396055,0.06859
2.828,0.038201,-0.0381184,0.038166,0.0660982
2.879,0.0365677,-0.0365268,0.0365523,0.0633047
2.93,0.035057,-0.0350362,0.0350503,0.0607046
2.979,0.0336838,-0.0336428,0.0336673,0.0583088
3.028,0.0324277,-0.0323578,0.0323965,0.0561081
3.082,0.0302334,-0.0302889,0.0302633,0.0524151
3.132,0.0290362,-0.0290509,0.0290454,0.050306
3.18,0.0277256,-0.0277125,0.0277212,0.0480121
3.229,0.0265252,-0.0264841,0.0265064,0.0459084
3.279,0.0250236,-0.0249861,0.0250064,0.0433106
3.333,0.0231521,-0.0231563,0.0231552,0.0401049
3.378,0.0223348,-0.0222459,0.022291,0.0386084
3.429,0.0207868,-0.0206745,0.0207308,0.0359067
3.479,0.0192719,-0.0191903,0.0192313,0.0333094
3.53,0.0177416,-0.0177162,0.017729,0.0307073
3.579,0.0163537,-0.0163366,0.0163453,0.0283107
3.632,0.0146061,-0.0146143,0.0146106,0.0253058
3.679,0.0134615,-0.0134555,0.0134587,0.0233109
3.73,0.011955,-0.0119562,0.0119558,0.0207078
3.781,0.0102243,-0.0102291,0.010227,0.0177133
3.832,0.00883377,-0.00883967,0.00883691,0.0153058
3.881,0.00733906,-0.00734088,0.00734009,0.0127133
3.931,0.00606533,-0.00606674,0.00606612,0.0105067
3.978,0.00497215,-0.00496971,0.00497093,0.0086099
4.031,0.00310562,-0.00310511,0.00310539,0.00537866
timestamp,vx,vy,vz,vmag
0,1.21322e-05,-1.21091e-05,1.21203e-05,2.09934e-05
0.026,-0.000113609,0.000113617,0.000122151,0.000201833
0.081,-0.000861796,0.000861893,0.000860708,0.0014921
0.128,-0.00140208,0.0014021,0.00140135,0.00242807
0.177,-0.00254575,0.00254587,0.00254537,0.00440922
0.228,-0.00380245,0.00380308,0.00380249,0.00658642
0.279,-0.0054496,0.00544731,0.00544875,0.00943717
0.326,-0.00628685,0.00628824,0.00628738,0.0108903
0.377,-0.00790588,0.0079025,0.00790478,0.0136908
0.426,-0.00910454,0.00910535,0.009105,0.0157703
0.479,-0.0110964,0.0110807,0.0110909,0.0192073
0.529,-0.0123263,0.0123166,0.0123231,0.0213423
0.578,-0.0138036,0.0137838,0.0137967,0.0238932
0.629,-0.015209,0.0151924,0.0152033,0.0263299
0.677,-0.0165164,0.0164964,0.0165095,0.0285917
0.728,-0.0179836,0.0179459,0.0179701,0.031119
0.776,-0.0192615,0.0191729,0.0192292,0.0332922
0.83,-0.0211648,0.0209947,0.0211023,0.0365244
0.88,-0.0228633,0.0226909,0.0227995,0.0394642
0.929,-0.023908,0.0237944,0.0238658,0.0413201
0.978,-0.0253948,0.0252587,0.0253439,0.0438772
1.029,-0.0267994,0.0266754,0.0267527,0.0463195
1.08,-0.0286548,0.0284418,0.0285741,0.0494622
1.127,-0.0294388,0.0293368,0.0293999,0.0509082
1.177,-0.0310017,0.0308592,0.0309469,0.0535827
1.228,-0.0324614,0.0323213,0.0324072,0.0561128
1.279,-0.0342754,0.0340254,0.0341783,0.0591667
1.328,-0.0353575,0.0351969,0.0352945,0.061112
1.381,-0.0373672,0.0370382,0.0372379,0.0644577
1.428,-0.0382544,0.0380716,0.0381817,0.0661112
1.476,-0.0394967,0.0393458,0.0394359,0.0682882
1.529,-0.0412887,0.0410422,0.0411897,0.0713149
1.579,-0.0429926,0.0426172,0.0428414,0.0741619
1.63,-0.0443291,0.0440056,0.0441979,0.0765181
1.678,-0.0456963,0.0453524,0.0455558,0.078869
1.725,-0.0465224,0.0464219,0.0464797,0.0804965
1.775,-0.0479715,0.047858,0.047923,0.0829956
1.828,-0.0496871,0.0494124,0.0495723,0.0858359
1.88,-0.0510578,0.0504718,0.0508142,0.0879567
1.928,-0.0513242,0.051062,0.0512134,0.088681
1.975,-0.0514623,0.0514062,0.0514364,0.089088
2.028,-0.0517987,0.0515624,0.0516978,0.0895235
2.076,-0.0518423,0.0517089,0.0517841,0.0896829
2.129,-0.052003,0.0517165,0.0518804,0.0898359
2.176,-0.0519533,0.0518338,0.0519009,0.0898866
2.227,-0.0519068,0.0517686,0.0518463,0.0897905
2.277,-0.0516308,0.0514322,0.0515449,0.089263
2.324,-0.0511655,0.0512526,0.051201,0.0886921
2.379,-0.0498023,0.0494718,0.0496603,0.0859876
2.43,-0.0486379,0.0484024,0.0485362,0.0840488
2.48,-0.0471169,0.0467632,0.046965,0.0813174
2.528,-0.0460988,0.046021,0.046065,0.0797811
2.576,-0.0448374,0.0448588,0.0448467,0.0776784
2.625,-0.0435612,0.0436548,0.0436016,0.0755276
2.678,-0.0417241,0.0416185,0.0416791,0.0721813
2.728,-0.0404116,0.0403762,0.0403968,0.069966
2.78,-0.0385594,0.0383567,0.0384728,0.06662
2.83,-0.0373254,0.0372282,0.0372841,0.0645696
2.878,-0.0359522,0.0358907,0.0359266,0.0622208
2.927,-0.0347442,0.0347645,0.0347538,0.0601959
2.98,-0.0327606,0.032628,0.0327044,0.0566341
3.026,-0.0319635,0.0320145,0.0319864,0.055405
3.077,-0.0303197,0.030327,0.0303239,0.0525219
3.128,-0.0288609,0.0288649,0.0288635,0.0499924
3.178,-0.0272745,0.0272578,0.0272682,0.0472275
3.23,-0.0257508,0.0257236,0.0257398,0.0445796
3.276,-0.0247004,0.0247427,0.0247195,0.0428178
3.327,-0.0231951,0.0232242,0.0232084,0.0401995
3.375,-0.0219757,0.022035,0.022002,0.0381125
3.424,-0.0206468,0.020716,0.0206773,0.0358189
3.478,-0.0185775,0.018642,0.0186058,0.0322308
3.528,-0.0172767,0.0173629,0.0173142,0.0299956
3.579,-0.0155421,0.0155605,0.0155505,0.0269352
3.631,-0.0141933,0.0141897,0.0141921,0.0245807
3.675,-0.0133324,0.0133552,0.0133425,0.0231114
3.726,-0.0117764,0.0117854,0.0117806,0.0204049
3.777,-0.0101157,0.0101176,0.0101168,0.0175226
3.827,-0.00877452,0.00877527,0.0087751,0.0151987
3.879,-0.0068918,0.00688861,0.00689065,0.0119344
3.927,-0.00588784,0.00588853,0.00588831,0.0101987
3.976,-0.00451168,0.00451434,0.00451295,0.00781672
4.025,-0.00320779,0.00321012,0.00320888,0.00555802
timestamp,vx,vy,vz,vmag
0,-1.75694e-05,1.75175e-05,1.74982e-05,3.036e-05
0.054,0.000225466,-0.000223975,-0.000224052,0.000388843
0.106,0.000888313,-0.000888178,-0.000888255,0.00153849
0.155,0.00164729,-0.00164742,-0.00164734,0.0028533
0.202,0.00249481,-0.00249423,-0.00249456,0.00432066
0.257,0.00433631,-0.00433727,-0.00433672,0.00751151
0.302,0.00507913,-0.00507783,-0.00507857,0.00879624
0.354,0.00670421,-0.00670481,-0.00670446,0.0116125
0.401,0.00770137,-0.0076979,-0.00769988,0.0133363
0.456,0.00978793,-0.00979602,-0.00979138,0.0169599
0.503,0.0108567,-0.0108593,-0.0108578,0.0188065
0.558,0.0127828,-0.0128009,-0.0127905,0.0221553
0.606,0.0141912,-0.0142153,-0.0142015,0.0245997
0.656,0.0155165,-0.0155691,-0.0155391,0.0269188
0.704,0.0167289,-0.0168211,-0.0167685,0.0290515
0.752,0.0178578,-0.0179488,-0.0178969,0.0310057
0.804,0.0196119,-0.0197093,-0.0196537,0.0340493
0.857,0.0213895,-0.0215056,-0.0214394,0.0371436
0.906,0.0227998,-0.0229248,-0.0228536,0.0395937
0.958,0.0242691,-0.0244003,-0.0243256,0.0421438
1.004,0.0253822,-0.025485,-0.0254265,0.0440483
1.054,0.0267759,-0.0268751,-0.0268187,0.0464592
1.102,0.0279727,-0.0280358,-0.028,0.0485023
1.158,0.0300189,-0.0302016,-0.0300978,0.0521455
1.206,0.0314233,-0.0316282,-0.0315117,0.0545963
1.253,0.0324174,-0.0325176,-0.0324607,0.0562315
1.306,0.0342948,-0.0345332,-0.0343976,0.0595975
1.353,0.0352986,-0.0354111,-0.0353471,0.0612319
1.401,0.0364887,-0.0365237,-0.0365038,0.0632292
1.453,0.0381796,-0.0383048,-0.0382335,0.0662325
1.505,0.0399027,-0.0401598,-0.0400134,0.0693261
1.554,0.0411696,-0.0413569,-0.04125,0.0714625
1.606,0.042903,-0.0432562,-0.0430547,0.0746021
1.656,0.0442592,-0.0445787,-0.0443961,0.076923
1.703,0.0453989,-0.0455757,-0.0454742,0.0787789
1.752,0.0467193,-0.0468216,-0.0467623,0.0810041
1.806,0.0486358,-0.0490767,-0.0488235,0.0846032
1.854,0.0495827,-0.049818,-0.0496819,0.086073
1.907,0.050687,-0.0512267,-0.0509155,0.0882368
1.956,0.0511695,-0.0515277,-0.0513199,0.0889222
2.006,0.0513876,-0.0518102,-0.0515647,0.0893527
2.054,0.0516204,-0.0518048,-0.0516959,0.0895594
2.104,0.0517129,-0.0519257,-0.0518,0.0897427
2.156,0.0517386,-0.0520572,-0.0518694,0.0898737
2.201,0.0519385,-0.0518519,-0.0518992,0.0898875
2.253,0.0517791,-0.0518519,-0.0518061,0.0897416
2.303,0.0514833,-0.0515629,-0.0515128,0.0892347
2.354,0.0507928,-0.0508988,-0.0508328,0.08806
2.405,0.049503,-0.0497039,-0.0495818,0.0859033
2.457,0.0480955,-0.0483505,-0.048196,0.0835093
2.506,0.0467925,-0.0470211,-0.0468817,0.0812306
2.558,0.0454157,-0.0456035,-0.0454881,0.0788127
2.607,0.0438536,-0.0441077,-0.0439523,0.0761606
2.654,0.0430588,-0.0430665,-0.0430585,0.0745844
2.706,0.0412067,-0.0413546,-0.0412623,0.0714897
2.756,0.0399013,-0.039989,-0.039933,0.0691801
2.802,0.0390687,-0.0389718,-0.0390276,0.0675893
2.857,0.0368829,-0.0369899,-0.0369222,0.0639676
2.902,0.0361851,-0.0360942,-0.0361471,0.0626
2.953,0.0345938,-0.0345432,-0.0345719,0.0598764
3.004,0.0329487,-0.0329426,-0.0329443,0.0570628
3.053,0.0317075,-0.0316582,-0.0316867,0.0548785
3.103,0.0302365,-0.030192,-0.0302178,0.0523347
3.154,0.0286785,-0.0286543,-0.0286678,0.0496525
3.205,0.0270117,-0.0270218,-0.0270142,0.0467929
3.254,0.0257927,-0.0257665,-0.0257816,0.0446527
3.304,0.0242953,-0.0242752,-0.0242867,0.0420641
3.355,0.0227683,-0.022756,-0.0227629,0.0394256
3.406,0.0210806,-0.0210917,-0.021084,0.036521
3.458,0.0196215,-0.0196024,-0.0196139,0.03397
3.504,0.018547,-0.0184687,-0.0185177,0.0320623
3.554,0.0171578,-0.0170727,-0.0171262,0.0296509
3.603,0.0158074,-0.015752,-0.0157868,0.0273353
3.654,0.014241,-0.0142252,-0.014235,0.0246535
3.701,0.0132222,-0.0131962,-0.0132126,0.0228809
3.757,0.010949,-0.0109577,-0.0109521,0.018971
3.802,0.0101708,-0.0101618,-0.0101675,0.0176093
3.856,0.00819596,-0.0081996,-0.00819723,0.0141986
3.904,0.00696623,-0.00696538,-0.00696589,0.0120652
3.956,0.00531033,-0.00531139,-0.00531069,0.00919858
4.002,0.00438737,-0.00438439,-0.00438628,0.0075968
4.055,0.00257317,-0.00257202,-0.00257275,0.00445595
timestamp,vx,vy,vz,vmag
0,9.82697e-06,-9.80473e-06,-9.81896e-06,1.70034e-05
0.029,0.0001771,-0.000177098,-0.000177099,0.000306744
0.078,0.000727816,-0.000727745,-0.000727791,0.00126056
0.128,0.00140141,-0.0014014,-0.00140141,0.00242731
0.179,0.00283363,-0.00283361,-0.00283362,0.00490798
0.228,0.00380278,-0.00380214,-0.00380255,0.00658611
0.28,0.00560718,-0.00561022,-0.00560827,0.0097143
0.328,0.00651361,-0.00651383,-0.00651369,0.0112821
0.376,0.00773755,-0.00773878,-0.00773799,0.0134028
0.425,0.00898913,-0.00898654,-0.00898821,0.0155676
0.479,0.0110829,-0.0110985,-0.0110885,0.0192084
0.527,0.0120843,-0.0120877,-0.0120855,0.0209333
0.579,0.0139532,-0.0139794,-0.0139625,0.0241881
0.626,0.014845,-0.014847,-0.0148457,0.0257139
0.677,0.0164994,-0.0165191,-0.0165063,0.0285931
0.726,0.0177218,-0.0177401,-0.0177282,0.0307093
0.781,0.0198289,-0.019999,-0.019888,0.0344772
0.826,0.0205632,-0.0206849,-0.0206053,0.0357112
0.88,0.0227166,-0.0228841,-0.0227741,0.0394764
0.928,0.0236974,-0.0237964,-0.023731,0.0411217
0.98,0.0255999,-0.0257757,-0.0256592,0.0444763
1.028,0.0265824,-0.0266856,-0.0266167,0.0461215
1.079,0.0283175,-0.0284924,-0.0283754,0.0491819
1.125,0.0291321,-0.0291895,-0.0291502,0.0505019
1.176,0.0307275,-0.0308266,-0.030759,0.0532971
1.225,0.0320175,-0.0320784,-0.0320361,0.0555019
1.276,0.0336098,-0.03372,-0.0336438,0.0582972
1.326,0.0350099,-0.0351028,-0.0350378,0.0607087
1.377,0.0366412,-0.0368114,-0.036693,0.0635927
1.427,0.0379985,-0.0381325,-0.0380381,0.0659157
1.479,0.0398129,-0.0401138,-0.0399033,0.0691843
1.527,0.0408797,-0.0410279,-0.0409219,0.0709157
1.576,0.0422555,-0.0424027,-0.0422959,0.0732971
1.628,0.0438623,-0.0440668,-0.0439191,0.0761228
1.677,0.0452772,-0.0455089,-0.0453401,0.0785927
1.728,0.0467414,-0.0469658,-0.046801,0.0811226
1.775,0.047883,-0.0479753,-0.0479026,0.0830004
1.828,0.0494675,-0.049702,-0.0495264,0.0858497
1.88,0.050587,-0.0510922,-0.0507174,0.087987
1.927,0.0510877,-0.0512525,-0.051124,0.0886027
1.977,0.051401,-0.0516153,-0.0514479,0.0891801
2.026,0.0516282,-0.0517088,-0.0516398,0.0894759
2.077,0.0517147,-0.0519058,-0.0517522,0.0897046
2.129,0.0517795,-0.0520121,-0.0518269,0.0898466
2.179,0.0517662,-0.0521211,-0.0518399,0.0899095
2.23,0.0517052,-0.0519772,-0.0517586,0.0897441
2.278,0.0514063,-0.0516459,-0.0514489,0.0892014
2.329,0.05086,-0.051041,-0.0508897,0.0882138
2.375,0.0502216,-0.0501633,-0.0501975,0.0869388
2.429,0.0485774,-0.048711,-0.0485953,0.084226
2.478,0.0472193,-0.047353,-0.0472355,0.0818728
2.527,0.046173,-0.0461826,-0.0461654,0.0799752
2.58,0.044097,-0.0443245,-0.0441305,0.0765291
2.626,0.043507,-0.0434633,-0.0434903,0.0753214
2.68,0.0412672,-0.0414545,-0.0412921,0.0715996
2.729,0.0402571,-0.0403131,-0.0402598,0.0697613
2.776,0.0391604,-0.0391234,-0.039147,0.0677987
2.825,0.0379056,-0.0378301,-0.0378871,0.0656002
2.876,0.0362801,-0.0362422,-0.0362682,0.0628103
2.926,0.0348916,-0.0348469,-0.0348798,0.0604014
2.977,0.0332123,-0.0332086,-0.0332069,0.0575201
3.027,0.0318781,-0.0318564,-0.031871,0.0551978
3.08,0.0297856,-0.029862,-0.0297922,0.0516382
3.125,0.0292434,-0.029186,-0.0292325,0.0506117
3.175,0.0278004,-0.027742,-0.02779,0.048112
3.226,0.02623,-0.0261926,-0.0262229,0.0454059
3.278,0.0243805,-0.0243835,-0.0243786,0.0422289
3.329,0.0229776,-0.0229628,-0.0229744,0.039788
3.377,0.0216916,-0.0216222,-0.0216826,0.0375257
3.431,0.019993,-0.0199237,-0.0199846,0.0345841
3.477,0.0187965,-0.0187484,-0.0187905,0.0325252
3.53,0.0170764,-0.0170842,-0.0170768,0.0295819
3.576,0.0160661,-0.0160525,-0.0160643,0.0278184
3.631,0.0141883,-0.0141992,-0.0141891,0.0245816
3.679,0.0126604,-0.0126717,-0.0126612,0.0219354
3.725,0.0119024,-0.0118972,-0.0119017,0.0206122
3.777,0.010117,-0.0101183,-0.010117,0.0175239
3.826,0.00889504,-0.00889423,-0.00889486,0.0154061
3.878,0.00706041,-0.007062,-0.00706047,0.0122299
3.927,0.00588906,-0.00588907,-0.005889,0.0102001
3.975,0.00468436,-0.00468221,-0.00468414,0.00811218
4.029,0.00270973,-0.00270948,-0.00270968,0.00469322
timestamp,vx,vy,vz,vmag
0,6.46698e-06,-6.55867e-06,-6.21545e-06,1.11117e-05
0.031,-0.000176731,0.000177235,0.000175503,0.000305691
0.08,-0.000728637,0.000728692,0.000728641,0.00126207
0.129,-0.00133436,0.0013344,0.00133437,0.00231121
0.179,-0.00254567,0.00254577,0.00254568,0.00440929
0.23,-0.0038025,0.00380299,0.00380253,0.00658642
0.281,-0.0054493,0.00544752,0.00544915,0.00943735
0.329,-0.00640045,0.00640089,0.00640048,0.0110862
0.382,-0.00840639,0.00839886,0.00840576,0.0145556
0.431,-0.00945702,0.00945353,0.00945672,0.0163778
0.482,-0.0112642,0.0112488,0.0112628,0.0195004
0.53,-0.012206,0.0122008,0.0122055,0.0211381
0.579,-0.0136298,0.0136195,0.0136288,0.023601
0.628,-0.0148465,0.0148449,0.0148464,0.0257139
0.678,-0.0163413,0.0163334,0.0163405,0.028299
0.727,-0.0176136,0.0176064,0.0176129,0.0305031
0.781,-0.0197794,0.0196577,0.0197664,0.0341813
0.828,-0.0206534,0.0205554,0.0206427,0.0357101
0.882,-0.0228411,0.0227053,0.0228256,0.0394747
0.929,-0.0236489,0.0235766,0.0236401,0.0409143
0.978,-0.0250236,0.0249528,0.0250144,0.043296
1.032,-0.0269076,0.0267965,0.0268929,0.0465328
1.078,-0.0279126,0.0278363,0.0279015,0.0482956
1.128,-0.0293011,0.0292353,0.029291,0.0507072
1.179,-0.0309841,0.0308697,0.0309665,0.0535899
1.227,-0.0320645,0.0320104,0.0320548,0.0555005
1.28,-0.0340614,0.0338947,0.0340343,0.0588843
1.331,-0.0354662,0.0353128,0.0354403,0.0613258
1.381,-0.0371448,0.0369107,0.0371046,0.0641786
1.43,-0.0382327,0.0380835,0.038205,0.066119
1.479,-0.0396683,0.0394953,0.0396349,0.0685885
1.53,-0.0411281,0.0409581,0.0410942,0.0711184
1.582,-0.0431411,0.042776,0.0430701,0.0744713
1.629,-0.0438904,0.0437355,0.0438562,0.0759113
1.681,-0.0458533,0.0455022,0.0457793,0.0791753
1.73,-0.0469213,0.0467046,0.0468718,0.0811165
1.782,-0.0489587,0.0484879,0.0488545,0.0844677
1.83,-0.0496581,0.0494252,0.0496013,0.0858432
1.877,-0.0503138,0.0502282,0.0502859,0.0870806
1.931,-0.0513703,0.051093,0.0512997,0.0887753
1.978,-0.0515202,0.05138,0.0514776,0.0891301
2.029,-0.0517385,0.0515871,0.0516931,0.0895002
2.079,-0.0518781,0.0516686,0.0518164,0.0896991
2.129,-0.0519193,0.0517809,0.0518748,0.0898213
2.181,-0.0520665,0.0516856,0.0519585,0.0899
2.232,-0.0519376,0.05164,0.0518505,0.0897368
2.279,-0.0516163,0.0514357,0.0515572,0.0892637
2.331,-0.0510186,0.0508099,0.0509525,0.0882083
2.379,-0.0499784,0.0498503,0.0499325,0.0864648
2.431,-0.0486971,0.048536,0.0486429,0.0842216
2.479,-0.0474656,0.0473788,0.0474313,0.0821429
2.529,-0.0461876,0.04616,0.0461714,0.079974
2.58,-0.0445713,0.044443,0.0445253,0.0770992
2.629,-0.0433766,0.0433666,0.0433667,0.075119
2.678,-0.0420041,0.042027,0.0420043,0.0727666
2.729,-0.040514,0.0405153,0.0405087,0.07017
2.782,-0.0385473,0.038359,0.0384831,0.0666202
2.831,-0.0374252,0.0373667,0.0374023,0.0647754
2.88,-0.0359508,0.0358903,0.0359271,0.06222
2.931,-0.0345352,0.0344916,0.0345176,0.0597814
2.982,-0.0327539,0.032629,0.0327098,0.0566339
3.031,-0.031644,0.0316133,0.0316312,0.0547839
3.083,-0.0298535,0.0297622,0.0298206,0.0516361
3.129,-0.0289728,0.028995,0.0289781,0.0501982
3.18,-0.0272751,0.0272573,0.0272671,0.0472269
3.229,-0.0260851,0.0261095,0.0260918,0.0451987
3.277,-0.0248643,0.0249243,0.0248833,0.0431119
3.328,-0.0233108,0.0233502,0.0233231,0.0404054
3.379,-0.0216556,0.0216745,0.0216611,0.0375227
3.429,-0.0203065,0.0203425,0.0203182,0.0351995
3.477,-0.0190796,0.0191653,0.0191088,0.0331133
3.528,-0.0175127,0.0176089,0.0175459,0.0304077
3.581,-0.0155434,0.0155602,0.0155489,0.0269348
3.63,-0.0144248,0.0144356,0.0144284,0.0249929
3.679,-0.0130002,0.0130074,0.0130026,0.0225226
3.728,-0.0117769,0.0117852,0.0117797,0.0204046
3.778,-0.0102838,0.0102896,0.0102858,0.0178165
3.828,-0.00889245,0.00889545,0.00889345,0.0154045
3.88,-0.00706047,0.00705945,0.00706007,0.0122283
3.928,-0.00600623,0.00600801,0.00600684,0.0104045
3.982,-0.00383393,0.0038336,0.00383379,0.00664029
4.026,-0.00333264,0.00333522,0.00333355,0.00577432
timestamp,vx,vy,vz,vmag
0,-1.32596e-05,1.32896e-05,1.32703e-05,2.29898e-05
0.037,0.000104866,-0.00010487,0.000101193,0.00017954
0.083,0.000493499,-0.000493479,0.000490725,0.000853155
0.133,0.00108846,-0.00108834,0.00108679,0.00188424
0.182,0.00202759,-0.00202752,0.00202657,0.00351126
0.234,0.00343624,-0.00343524,0.00343525,0.0059506
0.286,0.00518694,-0.00518921,0.00518794,0.00898593
0.335,0.00622744,-0.00622689,0.0062271,0.0107857
0.385,0.00779432,-0.00779939,0.00779701,0.0135046
0.437,0.00927122,-0.00927478,0.0092732,0.0160614
0.485,0.0106379,-0.0106483,0.0106435,0.0184346
0.536,0.0120202,-0.0120266,0.0120238,0.0208254
0.587,0.0138454,-0.0138748,0.0138611,0.024007
0.636,0.0148965,-0.0149082,0.0149029,0.025812
0.684,0.0162163,-0.016234,0.0162259,0.0281032
0.734,0.0175467,-0.0175621,0.0175552,0.0304056
0.783,0.0189056,-0.0189701,0.0189405,0.0328029
0.834,0.020385,-0.0204967,0.020445,0.0354071
0.885,0.0221051,-0.0222342,0.0221748,0.038402
0.934,0.0232886,-0.0233654,0.0233304,0.0404055
0.982,0.0245103,-0.0245654,0.0245409,0.0425026
1.035,0.0262872,-0.0263724,0.0263342,0.0456071
1.085,0.0278787,-0.028007,0.0279498,0.0484025
1.136,0.029278,-0.0293876,0.0293391,0.0508096
1.184,0.0305988,-0.030715,0.0306643,0.0531036
1.239,0.0322707,-0.032401,0.0323441,0.0560122
1.288,0.0339464,-0.0341784,0.0340774,0.0590067
1.337,0.0351406,-0.0353053,0.0352343,0.0610146
1.383,0.0362049,-0.0363106,0.036267,0.0628057
1.433,0.0376021,-0.0376871,0.0376527,0.0652071
1.487,0.0396813,-0.0399924,0.0398614,0.0690139
1.537,0.0408918,-0.0411026,0.041015,0.0710196
1.583,0.0419679,-0.0420955,0.0420454,0.072809
1.634,0.0434678,-0.0436023,0.0435493,0.0754132
1.685,0.045133,-0.0453976,0.0452923,0.0784176
1.733,0.0462513,-0.04636,0.0463197,0.0802119
1.786,0.0481454,-0.048507,0.0483652,0.0837263
1.833,0.0490745,-0.0491874,0.0491471,0.0851067
1.886,0.0503428,-0.0507114,0.0505709,0.0875411
1.938,0.0511036,-0.051366,0.0512675,0.0887604
1.984,0.0513447,-0.0515358,0.0514688,0.0891138
2.033,0.0515944,-0.0516654,0.0516449,0.0894342
2.083,0.0517176,-0.05181,0.0517831,0.0896687
2.134,0.0518014,-0.0519039,0.0518724,0.0898229
2.184,0.0518201,-0.0519789,0.0519285,0.0899094
2.233,0.0518627,-0.0519074,0.0518987,0.0898754
2.282,0.0516852,-0.0516714,0.0516853,0.0895135
2.335,0.0511078,-0.0512238,0.0511893,0.0886354
2.386,0.049762,-0.0499982,0.0499229,0.0864198
2.435,0.0489517,-0.0490291,0.049009,0.0848646
2.486,0.0472823,-0.0474698,0.0474128,0.082079
2.533,0.0465771,-0.04655,0.0465663,0.080652
2.584,0.0449407,-0.0449776,0.0449723,0.0778791
2.635,0.0435332,-0.0435662,0.043561,0.0754368
2.683,0.0423096,-0.0422823,0.0422977,0.0732598
2.734,0.0408115,-0.0408027,0.0408109,0.0706822
2.787,0.0386766,-0.0388176,0.0387772,0.0671294
2.838,0.0375578,-0.0376154,0.0376009,0.0651101
2.882,0.0367543,-0.0366858,0.0367121,0.0635964
2.933,0.0351825,-0.0351441,0.03516,0.0609027
2.987,0.0329337,-0.0330253,0.0330005,0.0571343
3.036,0.031922,-0.0319419,0.0319387,0.0553117
3.084,0.03061,-0.0306038,0.0306087,0.0530138
3.134,0.0292856,-0.0292664,0.0292747,0.0507068
3.182,0.0280894,-0.0280374,0.0280553,0.0486026
3.239,0.0260367,-0.0260481,0.0260465,0.0451091
3.285,0.0246595,-0.0246633,0.0246641,0.0427164
3.333,0.0236351,-0.0236003,0.023612,0.0409038
3.382,0.0223243,-0.0222527,0.0222747,0.0385969
3.437,0.0202971,-0.0202325,0.020252,0.0350923
3.487,0.0185452,-0.0185388,0.0185415,0.0321154
3.534,0.0177388,-0.0177183,0.0177248,0.0307045
3.586,0.0158238,-0.0158334,0.0158313,0.0274175
3.638,0.0144899,-0.0145002,0.0144978,0.0251078
3.684,0.0132864,-0.0132865,0.013287,0.0230131
3.736,0.0117206,-0.0117278,0.0117262,0.0203081
3.781,0.0109208,-0.0109132,0.0109156,0.018908
3.834,0.00906877,-0.00906993,0.00906988,0.0157089
3.882,0.00785936,-0.00785654,0.00785754,0.0136101
3.935,0.00606594,-0.0060671,0.00606695,0.0105078
3.986,0.00428106,-0.00428109,0.0042812,0.00741512
4.033,0.00335696,-0.00335586,0.00335625,0.00581338
timestamp,vx,vy,vz,vmag
0,1.2131e-05,-1.21122e-05,1.21177e-05,2.0993e-05
0.027,-0.000134567,0.000134572,-0.00013457,0.000233082
0.078,-0.000728941,0.000728991,-0.000728977,0.00126261
0.127,-0.00133455,0.00133459,-0.00133458,0.00231155
0.176,-0.00240167,0.0024018,-0.00240176,0.00415994
0.23,-0.00400885,0.00400898,-0.00400895,0.00694366
0.279,-0.00544936,0.00544774,-0.00544818,0.00943696
0.329,-0.00662726,0.00662653,-0.00662673,0.011478
0.377,-0.00790553,0.00790314,-0.00790379,0.0136904
0.428,-0.00933962,0.00933769,-0.00933821,0.0161748
0.476,-0.0105851,0.0105826,-0.0105833,0.0183314
0.525,-0.0118484,0.0118504,-0.0118499,0.0205241
0.579,-0.0139728,0.0139541,-0.0139592,0.0241829
0.627,-0.0149667,0.0149618,-0.0149632,0.0259182
0.676,-0.0163414,0.0163343,-0.0163363,0.0282971
0.726,-0.0177309,0.0177281,-0.0177289,0.0307081
0.778,-0.0195759,0.0195463,-0.0195547,0.0338771
0.828,-0.0208694,0.0208333,-0.0208437,0.0361112
0.877,-0.022325,0.022223,-0.0222529,0.0385676
0.929,-0.023924,0.0237787,-0.0238212,0.0412945
0.977,-0.0252187,0.0251016,-0.0251362,0.0435649
1.027,-0.0265435,0.0264642,-0.026488,0.0458969
1.077,-0.0280964,0.0280002,-0.0280296,0.0485703
1.128,-0.029555,0.0294636,-0.0294918,0.0511016
1.179,-0.03135,0.0311948,-0.0312431,0.0541486
1.227,-0.0323199,0.0322357,-0.0322626,0.0558981
1.276,-0.0336965,0.0336099,-0.0336382,0.0582805
1.328,-0.0353403,0.0352251,-0.0352626,0.0610999
1.378,-0.0369618,0.0367917,-0.0368476,0.0638557
1.425,-0.037844,0.0377865,-0.0378068,0.0654931
1.48,-0.0402396,0.0399601,-0.0400533,0.0694284
1.528,-0.0411304,0.0409818,-0.0410329,0.0710979
1.58,-0.0431461,0.0428266,-0.0429358,0.0744257
1.63,-0.0442954,0.0440621,-0.0441433,0.0764995
1.678,-0.0456612,0.0454123,-0.0455008,0.0788514
1.726,-0.0466501,0.046538,-0.0465803,0.0806953
1.78,-0.0489642,0.0485551,-0.0487026,0.0844218
1.827,-0.049541,0.0493819,-0.0494425,0.0856589
1.878,-0.0507259,0.0504396,-0.0505477,0.0875918
1.925,-0.0510808,0.0510226,-0.051049,0.0884225
1.98,-0.051766,0.0513488,-0.0515082,0.0892721
2.029,-0.0518165,0.051592,-0.0516809,0.0895411
2.076,-0.0518327,0.0517296,-0.0517755,0.0896843
2.125,-0.0518608,0.0518407,-0.0518549,0.0898105
2.176,-0.0519458,0.0518515,-0.0518954,0.0898892
2.226,-0.0518831,0.0518243,-0.0518539,0.0898134
2.278,-0.0516149,0.051383,-0.0514821,0.0891892
2.324,-0.0511767,0.0512358,-0.0512193,0.0886994
2.376,-0.0500785,0.0500418,-0.0500641,0.086709
2.425,-0.049003,0.0490454,-0.0490349,0.0849185
2.48,-0.0470902,0.0468156,-0.0469354,0.0813149
2.527,-0.0461865,0.0461631,-0.0461787,0.0799793
2.575,-0.0449787,0.0450486,-0.0450257,0.0779729
2.629,-0.0431794,0.0430961,-0.0431363,0.074716
2.679,-0.0415768,0.0414361,-0.0415015,0.0718885
2.725,-0.0407167,0.0407837,-0.0407597,0.0705869
2.779,-0.0386928,0.0385773,-0.038632,0.0669162
2.826,-0.0377375,0.0377739,-0.0377619,0.0653984
2.876,-0.0362493,0.0362779,-0.0362692,0.0628136
2.928,-0.0346409,0.0346281,-0.0346368,0.0599901
2.977,-0.0332109,0.0332071,-0.0332119,0.0575214
3.025,-0.0320769,0.0321354,-0.0321118,0.0556127
3.077,-0.0303216,0.0303244,-0.0303256,0.0525225
3.128,-0.0288622,0.028863,-0.0288646,0.0499926
3.176,-0.0275903,0.0276227,-0.0276099,0.0478178
3.225,-0.0263081,0.0263582,-0.0263368,0.0456124
3.277,-0.0245435,0.0245563,-0.0245519,0.0425229
3.328,-0.0230777,0.0231013,-0.0230913,0.0399932
3.375,-0.0219577,0.0220492,-0.0220075,0.0381135
3.43,-0.01993,0.0200006,-0.0199682,0.0345826
3.48,-0.0182688,0.0182656,-0.0182675,0.0316399
3.529,-0.0171968,0.0171971,-0.0171972,0.0297861
3.576,-0.0160525,0.0160666,-0.0160602,0.0278164
3.627,-0.0145467,0.0145493,-0.0145483,0.025198
3.676,-0.0131703,0.013175,-0.013173,0.022816
3.726,-0.0117791,0.0117812,-0.0117804,0.0204039
3.776,-0.010285,0.0102869,-0.0102861,0.0178159
3.828,-0.00865715,0.00865388,-0.00865554,0.0149918
3.877,-0.00722952,0.00722935,-0.00722951,0.0125218
3.929,-0.00565091,0.00564882,-0.00564987,0.00978586
3.977,-0.00434212,0.0043433,-0.00434277,0.00752183
4.025,-0.00320761,0.00320925,-0.00320849,0.0055572
timestamp,vx,vy,vz,vmag
0,-6.03085e-06,8.32177e-06,-8.31533e-06,1.322e-05
0.051,0.000258157,0.000258253,-0.000258253,0.000447252
0.103,0.000950387,0.000949246,-0.000949251,0.0016448
0.152,0.0017342,0.00173327,-0.00173326,0.00300264
0.202,0.00303257,0.00303252,-0.00303254,0.00525252
0.251,0.00410283,0.00410252,-0.00410252,0.00710595
0.301,0.00552393,0.00552316,-0.00552314,0.00956683
0.348,0.00645068,0.0064523,-0.00645236,0.0111748
0.401,0.00831846,0.00831484,-0.0083147,0.0144037
0.449,0.00940263,0.00940241,-0.00940239,0.0162856
0.502,0.0113336,0.0113222,-0.0113218,0.019617
0.548,0.0121353,0.0121373,-0.0121374,0.0210213
0.6,0.0138947,0.0138854,-0.013885,0.0240553
0.651,0.0154188,0.0154044,-0.0154038,0.0266891
0.701,0.016943,0.0169205,-0.0169195,0.0293196
0.75,0.0181878,0.0181494,-0.0181478,0.0314569
0.802,0.0200638,0.0199239,-0.0199182,0.0345869
0.85,0.0211302,0.0210074,-0.0210021,0.0364539
0.902,0.0229421,0.0228153,-0.0228097,0.0395873
0.95,0.0239918,0.0239073,-0.0239033,0.0414552
1.003,0.0260019,0.0258526,-0.0258456,0.0448603
1.048,0.0265955,0.0265414,-0.0265385,0.0460007
1.101,0.0285606,0.028433,-0.0284265,0.0493175
1.149,0.0296307,0.0295527,-0.0295484,0.0512294
1.2,0.0312856,0.0311662,-0.0311597,0.0540468
1.253,0.0331231,0.0329306,-0.0329202,0.0571428
1.301,0.0343672,0.0341949,-0.0341852,0.0593213
1.35,0.035574,0.0354435,-0.0354356,0.0614608
1.402,0.0374601,0.0372199,-0.0372056,0.0645975
1.449,0.0383174,0.0382058,-0.0381983,0.0662346
1.5,0.0399919,0.0398127,-0.0398009,0.0690544
1.552,0.041701,0.041447,-0.0414302,0.0719256
1.601,0.0430949,0.0428355,-0.0428177,0.074333
1.648,0.0439468,0.0438573,-0.0438494,0.0760102
1.699,0.0456011,0.0454379,-0.0454249,0.0787876
1.751,0.0473594,0.0470906,-0.0470698,0.0817068
1.801,0.0489246,0.0485944,-0.0485684,0.0843441
1.85,0.0498571,0.0496358,-0.0496164,0.0860885
1.898,0.0505329,0.0504423,-0.0504318,0.0874149
1.949,0.0513076,0.0511692,-0.0511544,0.0886991
2,0.051711,0.0514823,-0.05146,0.0892893
2.049,0.0517808,0.0516678,-0.051654,0.0895486
2.102,0.0521268,0.0517377,-0.0517002,0.089816
2.149,0.0519485,0.0518504,-0.0518368,0.0898564
2.201,0.0521427,0.0518487,-0.0518174,0.0899566
2.25,0.0519205,0.0517656,-0.0517459,0.0897388
2.3,0.05163,0.0514483,-0.0514258,0.0892032
2.351,0.0509161,0.0507306,-0.050707,0.0879616
2.401,0.0497653,0.0495543,-0.0495279,0.0859373
2.448,0.0487364,0.0487942,-0.0487949,0.0844811
2.499,0.0473442,0.0473394,-0.0473341,0.0819939
2.551,0.0458342,0.0457357,-0.0457202,0.0792645
2.603,0.0441865,0.0439183,-0.043884,0.0762042
2.651,0.0429973,0.0429247,-0.0429123,0.0743825
2.702,0.0414083,0.0412462,-0.0412234,0.071521
2.751,0.0401192,0.040066,-0.0400561,0.0694213
2.8,0.0387349,0.0387136,-0.0387078,0.0670629
2.85,0.0373259,0.0373291,-0.0373266,0.0646526
2.898,0.0360791,0.0361654,-0.0361737,0.0625954
2.949,0.0345381,0.0345839,-0.0345874,0.0598766
3.004,0.0325736,0.0324578,-0.0324403,0.0562754
3.05,0.0315441,0.0315607,-0.0315609,0.0546553
3.101,0.0299287,0.0299011,-0.0298956,0.051803
3.15,0.0286532,0.0286744,-0.0286758,0.0496541
3.202,0.0268982,0.0268542,-0.0268467,0.0465339
3.249,0.0258776,0.0259226,-0.0259278,0.0448763
3.301,0.0241356,0.0241308,-0.0241291,0.0417976
3.35,0.0228738,0.0229009,-0.0229039,0.0396516
3.399,0.0215249,0.0215652,-0.0215705,0.0373318
3.449,0.0201066,0.0201473,-0.0201528,0.0348758
3.501,0.0183486,0.018359,-0.0183601,0.0317934
3.553,0.0167127,0.0167305,-0.0167328,0.0289692
3.601,0.0154193,0.0154795,-0.0154885,0.0267817
3.651,0.0140503,0.0141133,-0.0141229,0.0244142
3.702,0.0124151,0.0124282,-0.0124301,0.0215198
3.751,0.0112091,0.0112183,-0.0112196,0.0194262
3.802,0.00954076,0.00953913,-0.00953885,0.016523
3.85,0.00845729,0.00846233,-0.00846314,0.0146547
3.904,0.00649823,0.0064949,-0.00649439,0.0112511
3.95,0.00557266,0.00557517,-0.0055756,0.00965527
4.003,0.0035937,0.00359394,-0.003594,0.00622478
4.048,0.0029537,0.00295658,-0.00295707,0.00511957
timestamp,vx,vy,vz,vmag
0,1.65929e-05,1.6638e-05,-1.66455e-05,2.87962e-05
0.028,-0.000154917,-0.00015491,0.000154909,0.000268316
0.077,-0.000662838,-0.000662769,0.000662758,0.00114798
0.127,-0.00133477,-0.00133471,0.0013347,0.00231182
0.178,-0.00269006,-0.00268999,0.00268998,0.00465923
0.228,-0.00380341,-0.0038027,0.00380258,0.00658681
0.279,-0.00544646,-0.00544905,0.00544946,0.00943677
0.327,-0.00640122,-0.00640057,0.00640046,0.0110864
0.378,-0.00806551,-0.00807174,0.00807272,0.0139776
0.425,-0.00899054,-0.00898763,0.00898716,0.0155684
0.479,-0.0110745,-0.0110923,0.0110951,0.0192038
0.527,-0.0120824,-0.0120864,0.012087,0.0209322
0.579,-0.0139392,-0.0139689,0.0139735,0.0241804
0.628,-0.0150583,-0.0150877,0.0150922,0.0261183
0.68,-0.0168946,-0.0170385,0.0170608,0.0294416
0.728,-0.0178644,-0.017986,0.0180046,0.0310934
0.778,-0.0194587,-0.019582,0.0196004,0.0338566
0.827,-0.0206673,-0.0207472,0.0207588,0.0358958
0.876,-0.0220428,-0.0221226,0.0221339,0.038278
0.926,-0.0234445,-0.0235136,0.023523,0.0406923
0.976,-0.0249242,-0.0250109,0.0250227,0.043277
1.027,-0.026431,-0.0265237,0.026536,0.045894
1.078,-0.0280895,-0.0282503,0.0282719,0.0488508
1.13,-0.0296113,-0.0297812,0.0298035,0.0514975
1.179,-0.0310943,-0.0313192,0.0313485,0.0541339
1.226,-0.0320868,-0.0321801,0.032191,0.0556901
1.274,-0.033294,-0.033324,0.0333263,0.0577029
1.325,-0.0348728,-0.0349453,0.0349526,0.0604894
1.377,-0.0365614,-0.0367503,0.0367722,0.0635571
1.426,-0.0378464,-0.0379598,0.0379714,0.0656895
1.479,-0.0396724,-0.0400064,0.0400445,0.0691228
1.527,-0.0408123,-0.0409769,0.0409936,0.0708889
1.576,-0.0421904,-0.0423529,0.0423688,0.0732728
1.625,-0.0435252,-0.0436122,0.0436185,0.075492
1.675,-0.0449619,-0.0450584,0.0450655,0.0779919
1.726,-0.0464877,-0.0466314,0.0466428,0.0806917
1.777,-0.0480468,-0.0483256,0.0483509,0.0835564
1.83,-0.049476,-0.0498499,0.0498834,0.0861467
1.876,-0.0502522,-0.0504276,0.0504404,0.0872494
1.927,-0.0510206,-0.0512027,0.0512151,0.0885879
1.978,-0.0512651,-0.0515984,0.0516248,0.0891943
2.026,-0.0515998,-0.0516883,0.0516912,0.0894774
2.076,-0.0517054,-0.0518166,0.0518215,0.0896877
2.128,-0.0517283,-0.0519225,0.051934,0.089827
2.179,-0.0516244,-0.052015,0.0520427,0.0898837
2.229,-0.0516533,-0.0518922,0.0519065,0.0897505
2.278,-0.0513142,-0.0515777,0.0515937,0.0891926
2.33,-0.0506923,-0.0509514,0.0509663,0.0881097
2.378,-0.0496498,-0.0498485,0.049859,0.0862317
2.429,-0.0485276,-0.0486755,0.048682,0.0842268
2.481,-0.0467522,-0.0470425,0.047059,0.0813223
2.524,-0.0466143,-0.0464776,0.0464653,0.0805735
2.576,-0.0448745,-0.0448449,0.0448402,0.077688
2.63,-0.0429373,-0.0430631,0.0430683,0.0745179
2.677,-0.0418329,-0.0418561,0.0418553,0.072483
2.728,-0.0403826,-0.0404068,0.0404061,0.0699722
2.777,-0.0389708,-0.0389822,0.0389812,0.067512
2.828,-0.0375119,-0.0375258,0.037525,0.0649881
2.878,-0.0358944,-0.0359422,0.0359435,0.0622268
2.925,-0.0350476,-0.0349702,0.0349649,0.0606119
2.977,-0.0332146,-0.0332106,0.0332093,0.057524
3.026,-0.0320215,-0.0319742,0.0319709,0.0554064
3.078,-0.0301404,-0.0301624,0.0301627,0.0522302
3.129,-0.0287362,-0.0287496,0.0287496,0.049788
3.176,-0.0276347,-0.0275952,0.0275928,0.0478177
3.225,-0.0263727,-0.0263155,0.0263124,0.0456111
3.28,-0.0240116,-0.0240563,0.0240579,0.0416419
3.325,-0.0234811,-0.0234302,0.0234277,0.0406103
3.377,-0.0216769,-0.0216575,0.0216564,0.0375224
3.427,-0.0203447,-0.0203106,0.020309,0.0351978
3.48,-0.0182933,-0.0182544,0.0182526,0.031639
3.529,-0.0172406,-0.017175,0.0171722,0.0297843
3.579,-0.0155608,-0.0155449,0.0155442,0.0269333
3.626,-0.0146828,-0.0146587,0.0146577,0.025403
3.679,-0.0126596,-0.0126653,0.0126655,0.0219338
3.727,-0.0116637,-0.0116597,0.0116596,0.0201975
3.778,-0.00994501,-0.00994692,0.00994702,0.0172275
3.826,-0.00889509,-0.00889222,0.00889213,0.0154034
3.876,-0.00740085,-0.007398,0.00739792,0.0128153
3.93,-0.0055291,-0.00553159,0.0055317,0.00957962
3.977,-0.00434354,-0.00434189,0.00434184,0.0075213
4.03,-0.00258323,-0.00258311,0.00258312,0.00447415
timestamp,vx,vy,vz,vmag
0,-6.29399e-06,-6.28144e-06,6.281e-06,1.08868e-05
0.04,0.000116015,0.00011602,0.000119744,0.000203123
0.092,0.000729,0.000729081,0.000727557,0.00126188
0.142,0.00140213,0.00140215,0.00140129,0.00242809
0.194,0.00297813,0.00297809,0.00297772,0.00515801
0.24,0.00359597,0.00359724,0.0035958,0.00622904
0.291,0.0051291,0.00512826,0.0051289,0.00888326
0.34,0.00628669,0.0062883,0.00628682,0.0108899
0.392,0.00807387,0.00806753,0.00807329,0.0139804
0.44,0.00910446,0.00910541,0.00910464,0.01577
0.493,0.0110985,0.0110803,0.0110967,0.0192116
0.541,0.0120877,0.0120837,0.0120874,0.020934
0.59,0.01346,0.0134526,0.0134594,0.0233088
0.643,0.0152207,0.015182,0.0152166,0.0263384
0.69,0.0163758,0.0162986,0.0163671,0.0283142
0.743,0.018154,0.0180152,0.0181382,0.0313546
0.792,0.0196272,0.0194954,0.0196116,0.0339103
0.841,0.0207767,0.0206904,0.0207661,0.0359304
0.891,0.022333,0.0222235,0.0223189,0.0386106
0.942,0.0237924,0.0236856,0.023778,0.0411398
0.993,0.0255954,0.0254129,0.0255702,0.0442128
1.042,0.0266883,0.0265635,0.0266701,0.046143
1.091,0.0281262,0.0279778,0.0281037,0.0486175
1.139,0.0291936,0.0291194,0.029181,0.0505147
1.195,0.0315965,0.0312998,0.0315497,0.0545289
1.241,0.0323531,0.0322097,0.0323283,0.0559402
1.293,0.0343214,0.0340109,0.0342684,0.059237
1.343,0.0355257,0.0352878,0.035483,0.0613706
1.389,0.0364291,0.0363201,0.0364058,0.0630207
1.439,0.0378709,0.0377658,0.0378476,0.0655203
1.49,0.039531,0.0393336,0.0394891,0.0683317
1.542,0.0411984,0.0409294,0.0411419,0.0711701
1.593,0.0430765,0.0425878,0.0429744,0.0742705
1.643,0.0442554,0.043889,0.0441747,0.076395
1.691,0.0455581,0.0452023,0.0454751,0.078656
1.739,0.0465543,0.0464102,0.0465136,0.0805278
1.793,0.0489335,0.0482934,0.0487815,0.0842993
1.845,0.0500294,0.0495217,0.0499034,0.0862884
1.895,0.0512043,0.0504265,0.0510095,0.0881288
1.944,0.0515961,0.0510556,0.0514536,0.0889736
1.991,0.0516923,0.0513132,0.0515826,0.0892519
2.041,0.0518176,0.0515594,0.0517366,0.0895551
2.094,0.052246,0.0514556,0.0520237,0.0899099
2.14,0.0519406,0.0517927,0.0518839,0.0898457
2.191,0.0520953,0.0517471,0.0519814,0.0899653
2.243,0.052053,0.0516396,0.0519206,0.0898438
2.295,0.0518288,0.0510921,0.0515996,0.089214
2.341,0.0511449,0.0509657,0.051075,0.0884418
2.393,0.049942,0.0494238,0.0497691,0.0861039
2.441,0.0488932,0.0487834,0.048843,0.0845932
2.496,0.0472421,0.0467353,0.0470683,0.0814336
2.541,0.046215,0.0461541,0.0461805,0.0799917
2.597,0.0444166,0.0440129,0.0442721,0.0766158
2.641,0.0433937,0.0433641,0.0433706,0.0751297
2.695,0.0415601,0.0411772,0.0414204,0.071683
2.742,0.0404432,0.0403677,0.0404067,0.0699851
2.792,0.0388953,0.0387453,0.0388331,0.0672462
2.844,0.0373824,0.0372117,0.0373147,0.0646107
2.892,0.0359949,0.0358786,0.0359452,0.0622492
2.943,0.0345682,0.0344836,0.0345309,0.0598035
2.991,0.0332215,0.0332064,0.0332088,0.0575253
3.04,0.0319491,0.0320203,0.0319687,0.0553899
3.093,0.0300565,0.0299358,0.0300068,0.0519611
3.144,0.0286721,0.0285953,0.0286394,0.0495984
3.191,0.0274314,0.0274446,0.027432,0.0475206
3.241,0.0260739,0.0261139,0.0260854,0.045191
3.291,0.0245382,0.0245617,0.0245439,0.0425183
3.339,0.0233934,0.0234864,0.0234261,0.0405911
3.393,0.0213447,0.0213117,0.0213298,0.0369425
3.442,0.0201887,0.0202147,0.020197,0.0349877
3.49,0.0189113,0.0189726,0.0189336,0.0328036
3.54,0.0175129,0.0175837,0.0175394,0.0303895
3.592,0.0156692,0.0157564,0.0157027,0.0272096
3.642,0.0143638,0.0144751,0.0144072,0.0249682
3.692,0.0128052,0.0128536,0.0128239,0.022218
3.74,0.0117583,0.0117962,0.0117731,0.0203965
3.794,0.00961393,0.00960328,0.00960953,0.0166431
3.842,0.00865409,0.00865754,0.0086554,0.0149921
3.891,0.00722631,0.00723252,0.00722876,0.0125213
3.942,0.0057686,0.0057699,0.00576912,0.00999256
3.993,0.00400257,0.00400457,0.00400337,0.00693427
4.043,0.00270793,0.0027096,0.0027086,0.00469162
timestamp,vx,vy,vz,vmag
0,1.32382e-05,1.32973e-05,1.32621e-05,2.29772e-05
0.011,1.62031e-06,1.6558e-06,1.63464e-06,2.83534e-06
0.064,-0.000377716,-0.000377705,-0.000377711,0.000654214
0.114,-0.000924181,-0.000923895,-0.000924066,0.0016005
0.164,-0.00191868,-0.00191912,-0.00191886,0.00332361
0.213,-0.00297727,-0.00297567,-0.00297662,0.00515549
0.267,-0.00468864,-0.00469225,-0.0046901,0.00812389
0.313,-0.00561445,-0.00561329,-0.00561398,0.00972357
0.363,-0.0070167,-0.0070203,-0.00701814,0.0121562
0.413,-0.00840936,-0.00841143,-0.00841019,0.0145671
0.463,-0.00984693,-0.00985629,-0.00985066,0.0170629
0.512,-0.0111255,-0.0111284,-0.0111266,0.0192722
0.565,-0.0129651,-0.0130529,-0.0129998,0.022527
0.612,-0.013942,-0.0140435,-0.0139821,0.0242301
0.665,-0.0157987,-0.0159668,-0.0158648,0.0274996
0.715,-0.0172241,-0.0173593,-0.0172769,0.0299417
0.766,-0.0188279,-0.0190045,-0.0188961,0.0327525
0.817,-0.0202321,-0.0203976,-0.0202957,0.0351755
0.863,-0.0212933,-0.0214271,-0.0213438,0.0369876
0.915,-0.0229697,-0.0231518,-0.0230383,0.0399296
0.961,-0.0239103,-0.0239969,-0.0239417,0.0414821
1.014,-0.0257156,-0.0259008,-0.0257838,0.0446872
1.062,-0.026917,-0.0270542,-0.0269661,0.0467293
1.114,-0.0285854,-0.0288015,-0.0286631,0.0496812
1.165,-0.030153,-0.0304601,-0.0302624,0.0524675
1.216,-0.0316794,-0.0320229,-0.0318011,0.0551395
1.262,-0.0326726,-0.0328443,-0.0327302,0.0567231
1.311,-0.0340014,-0.0341144,-0.034037,0.058978
1.363,-0.0356596,-0.0359188,-0.0357451,0.0619636
1.414,-0.0371927,-0.0375093,-0.037297,0.064663
1.465,-0.0387394,-0.0391867,-0.0388852,0.0674418
1.512,-0.0398671,-0.0400684,-0.0399278,0.0692033
1.564,-0.0415038,-0.0419089,-0.0416295,0.0721937
1.611,-0.0426552,-0.0427862,-0.0426888,0.073976
1.661,-0.0440969,-0.0442321,-0.0441299,0.0764752
1.713,-0.0457144,-0.0460411,-0.0458068,0.0794219
1.762,-0.0470689,-0.0473221,-0.0471345,0.08171
1.812,-0.0485018,-0.0487457,-0.0485626,0.0841837
1.863,-0.0497158,-0.0500772,-0.049808,0.0863726
1.912,-0.0506048,-0.0508188,-0.0506515,0.0878008
1.965,-0.0510974,-0.051659,-0.05124,0.0889108
2.016,-0.0513085,-0.0519274,-0.0514653,0.0893179
2.061,-0.0516997,-0.0517167,-0.0516855,0.0895481
2.112,-0.0517604,-0.0518774,-0.0517727,0.0897263
2.161,-0.0518835,-0.0518729,-0.0518609,0.0898457
2.215,-0.0516868,-0.0521257,-0.0517795,0.0898317
2.265,-0.0514552,-0.0518958,-0.0515431,0.0894287
2.314,-0.0512382,-0.0515201,-0.0512869,0.0889383
2.363,-0.0505483,-0.0506815,-0.0505596,0.0876358
2.415,-0.0491435,-0.0494418,-0.0491934,0.0853204
2.462,-0.0484087,-0.048379,-0.0483839,0.0838149
2.514,-0.0467573,-0.0468917,-0.0467696,0.0810708
2.562,-0.0457389,-0.0456804,-0.0457104,0.0791719
2.616,-0.0436441,-0.043898,-0.0436813,0.0757621
2.665,-0.0423718,-0.0425295,-0.0423885,0.0734909
2.713,-0.0413366,-0.0413337,-0.0413235,0.0715878
2.761,-0.040248,-0.0401103,-0.0402109,0.0696107
2.812,-0.0386373,-0.0385653,-0.0386139,0.0668667
2.861,-0.0373637,-0.0372371,-0.0373322,0.0646246
2.915,-0.0352592,-0.0353403,-0.0352645,0.0611206
2.964,-0.0339574,-0.0339815,-0.0339535,0.0588276
3.012,-0.0328663,-0.0328003,-0.032849,0.056878
3.063,-0.0312454,-0.0312188,-0.0312352,0.0540973
3.113,-0.0298206,-0.0297933,-0.0298113,0.0516297
3.165,-0.0280312,-0.0280642,-0.0280313,0.0485706
3.218,-0.02648,-0.0265223,-0.026482,0.0458903
3.261,-0.0257964,-0.0257151,-0.0257818,0.0446254
3.316,-0.0235958,-0.0236326,-0.0235978,0.0408916
3.365,-0.0222706,-0.0222771,-0.0222688,0.0385765
3.414,-0.0210138,-0.0209992,-0.0210098,0.0363862
3.464,-0.01956,-0.0195106,-0.0195526,0.0338461
3.511,-0.0185971,-0.0184785,-0.018582,0.032134
3.562,-0.0169982,-0.0168928,-0.0169851,0.0293734
3.613,-0.0153926,-0.0153517,-0.0153873,0.0266341
3.665,-0.0136123,-0.0136141,-0.013612,0.0235781
3.716,-0.0120599,-0.0120734,-0.0120609,0.0208967
3.762,-0.0111776,-0.0111682,-0.0111763,0.019354
3.811,-0.00988313,-0.00987372,-0.00988193,0.017112
3.861,-0.00843838,-0.00843179,-0.00843754,0.0146114
3.912,-0.00685342,-0.00685055,-0.00685302,0.0118686
3.964,-0.00510206,-0.00510138,-0.00510192,0.00883655
4.013,-0.00378861,-0.00378681,-0.00378838,0.00656089
4.062,-0.00259345,-0.00259134,-0.0025932,0.00449063
