timestamp,vx,vy,vz,vmag
0,-1.9822e-05,-1.95901e-05,-1.9796e-05,3.41843e-05
0.029,0.000305707,-5.54172e-07,-5.60878e-07,0.000305708
0.077,0.00114744,1.15049e-06,1.10854e-06,0.00114744
0.128,0.00242847,6.07005e-07,5.99813e-07,0.00242847
0.176,0.00415983,5.08955e-07,3.51958e-07,0.00415983
0.225,0.00605051,1.20961e-06,5.57606e-08,0.00605051
0.28,0.00971531,-2.27991e-06,3.20487e-07,0.00971531
0.326,0.0108898,1.01878e-06,-1.71442e-07,0.0108898
0.377,0.013692,-2.63028e-06,2.43196e-07,0.013692
0.426,0.01577,4.7823e-07,-2.15028e-07,0.01577
0.474,0.0177466,3.44965e-06,-6.45453e-07,0.0177466
0.528,0.0211399,-5.15825e-06,4.47171e-07,0.0211399
0.578,0.0238996,-1.5086e-05,1.69329e-06,0.0238997
0.625,0.02551,-4.92145e-06,3.097e-07,0.02551
0.676,0.0283171,-4.95331e-05,5.77499e-06,0.0283172
0.726,0.030735,-6.98622e-05,8.28126e-06,0.0307351
0.777,0.0336179,-7.5859e-05,8.79378e-06,0.033618
0.828,0.0361413,-6.1063e-05,6.74605e-06,0.0361413
0.877,0.0386135,-6.86929e-05,7.35801e-06,0.0386135
0.929,0.0413516,-7.59606e-05,7.98003e-06,0.0413516
0.978,0.0439162,-9.56077e-05,9.82932e-06,0.0439163
1.028,0.0461448,-7.66109e-05,7.43274e-06,0.0461449
1.078,0.0489208,-0.000112286,1.08483e-05,0.048921
1.126,0.0507256,-5.91621e-05,4.88125e-06,0.0507257
1.179,0.0542293,-0.000158018,1.4595e-05,0.0542295
1.225,0.055515,-4.86012e-05,3.12933e-06,0.055515
1.282,0.0595362,-0.000202354,1.75839e-05,0.0595365
1.326,0.0607286,-7.4846e-05,4.90489e-06,0.0607286
1.379,0.0642423,-0.000212125,1.67196e-05,0.0642427
1.427,0.0659439,-0.000108623,6.94475e-06,0.0659439
1.476,0.0683245,-0.00011032,6.15855e-06,0.0683246
1.527,0.0709456,-0.000121527,6.74896e-06,0.0709457
1.58,0.074563,-0.000324673,2.14848e-05,0.0745637
1.626,0.0757308,-0.000101412,3.81605e-06,0.0757309
1.675,0.078015,-7.67842e-05,9.88076e-07,0.078015
1.727,0.0809474,-0.000149288,5.71367e-06,0.0809476
1.777,0.0836374,-0.000213357,8.37548e-06,0.0836377
1.825,0.0853407,-7.20698e-05,-6.56277e-07,0.0853407
1.875,0.0870908,-6.87941e-05,-1.8874e-06,0.0870908
1.925,0.0884267,-5.4173e-05,-2.62216e-06,0.0884267
1.977,0.0892115,-0.000188305,3.11026e-06,0.0892117
2.025,0.0894445,-2.95052e-05,-4.4356e-06,0.0894445
2.077,0.0897291,-0.000171901,1.00364e-06,0.0897293
2.126,0.0898166,-6.29893e-05,-3.30664e-06,0.0898166
2.176,0.0898938,-8.68643e-05,-3.09416e-06,0.0898938
2.226,0.089809,-5.22216e-05,-3.89533e-06,0.089809
2.275,0.0893888,5.43759e-06,-6.09914e-06,0.0893888
2.325,0.0885766,1.62897e-05,-5.7862e-06,0.0885766
2.379,0.0860244,-0.000239759,6.83759e-07,0.0860247
2.429,0.084235,-0.000127453,-1.5477e-06,0.0842351
2.476,0.0824059,-2.31154e-06,-4.60487e-06,0.0824059
2.527,0.0799668,-1.78591e-05,-3.62619e-06,0.0799668
2.578,0.077105,-9.98271e-05,-2.2134e-06,0.077105
2.625,0.0755039,6.6137e-05,-4.36969e-06,0.0755039
2.677,0.0724682,-2.77744e-05,-2.78325e-06,0.0724682
2.728,0.0699607,-2.69116e-05,-2.28556e-06,0.0699607
2.776,0.0677867,2.67519e-05,-2.78925e-06,0.0677867
2.83,0.0645723,-7.15304e-05,-1.34466e-06,0.0645723
2.879,0.0619289,-8.36011e-05,-1.28484e-06,0.061929
2.93,0.0595764,-5.61855e-05,-1.18421e-06,0.0595765
2.978,0.0572225,-3.33794e-05,-1.32464e-06,0.0572225
3.027,0.0551906,1.62855e-05,-1.38237e-06,0.0551906
3.08,0.0516396,-7.60094e-05,-8.3057e-07,0.0516397
3.126,0.0503973,3.46507e-05,-1.16329e-06,0.0503973
3.177,0.0475174,8.79652e-06,-9.54832e-07,0.0475174
3.226,0.045399,3.30617e-05,-8.99518e-07,0.045399
3.277,0.0425183,1.23884e-05,-7.51397e-07,0.0425184
3.327,0.0401948,2.0446e-05,-6.68321e-07,0.0401948
3.38,0.0366389,-2.64793e-05,-5.08534e-07,0.0366389
3.426,0.0354011,3.53721e-05,-5.43712e-07,0.0354011
3.477,0.0325191,5.32347e-05,-4.81491e-07,0.0325191
3.529,0.0297835,5.61984e-05,-4.19245e-07,0.0297836
3.575,0.0281074,6.00913e-05,-3.95592e-07,0.0281074
3.624,0.0258146,3.25267e-05,-3.27965e-07,0.0258146
3.678,0.0222274,-2.66298e-08,-2.59294e-07,0.0222274
3.725,0.0206094,9.50911e-06,-2.40789e-07,0.0206094
3.777,0.0175216,1.1527e-06,-1.99156e-07,0.0175216
3.827,0.0151977,3.47018e-07,-1.70036e-07,0.0151977
3.879,0.0119337,-2.48128e-06,-1.31876e-07,0.0119337
3.929,0.00978591,-1.44067e-06,-1.07372e-07,0.00978591
3.976,0.00781579,1.84203e-06,-8.59294e-08,0.00781579
4.025,0.00555715,1.62931e-06,-6.10441e-08,0.00555715
timestamp,vx,vy,vz,vmag
0,3.89635e-05,-6.04094e-08,2.97026e-07,3.89647e-05
0.013,-3.69375e-06,5.06289e-07,-1.49232e-06,4.01586e-06
0.063,-0.000654579,-9.93721e-08,3.86171e-07,0.000654579
0.114,-0.00169963,1.27074e-07,-1.21014e-12,0.00169963
0.165,-0.00370579,-3.02556e-07,2.35145e-11,0.00370579
0.211,-0.00494836,6.67301e-07,-4.56635e-11,0.00494836
0.259,-0.00671599,1.24124e-06,-7.26863e-11,0.00671599
0.313,-0.00995179,8.29152e-08,-8.06133e-11,0.00995179
0.361,-0.0119073,-2.10383e-07,6.09068e-11,0.0119073
0.41,-0.014093,1.52804e-06,-4.14713e-10,0.014093
0.463,-0.0173201,-6.37813e-06,1.16853e-09,0.0173201
0.511,-0.0192729,-8.07073e-07,-6.3336e-10,0.0192729
0.559,-0.0212624,5.13607e-06,-1.97486e-09,0.0212624
0.611,-0.0242528,-2.9212e-06,-5.92126e-10,0.0242528
0.665,-0.0277926,-6.29864e-05,4.76488e-08,0.0277927
0.711,-0.029244,-6.06107e-05,4.94431e-08,0.029244
0.763,-0.0322728,-8.98578e-05,8.83665e-08,0.0322729
0.812,-0.0344832,-6.41051e-05,7.90344e-08,0.0344832
0.863,-0.0372711,-7.45814e-05,1.3764e-07,0.0372711
0.916,-0.0402067,-8.96171e-05,1.79302e-07,0.0402068
0.964,-0.0425263,-9.95235e-05,2.7719e-07,0.0425264
1.011,-0.0442387,-5.49808e-05,2.07827e-07,0.0442387
1.064,-0.0475237,-0.000117169,4.76634e-07,0.0475239
1.116,-0.0502019,-0.000125727,5.44926e-07,0.050202
1.166,-0.0527772,-0.000154487,8.60634e-07,0.0527774
1.215,-0.055198,-0.000153904,9.19722e-07,0.0551982
1.263,-0.0572606,-0.000133173,1.09015e-06,0.0572607
1.311,-0.0592329,-7.89398e-05,8.65741e-07,0.0592329
1.364,-0.0625112,-0.000184115,1.91579e-06,0.0625114
1.415,-0.0651877,-0.000206465,2.21682e-06,0.065188
1.464,-0.0675048,-0.000209843,2.85625e-06,0.0675051
1.51,-0.0689882,-6.32657e-05,1.53689e-06,0.0689883
1.562,-0.0719917,-0.000152125,3.03318e-06,0.0719918
1.61,-0.0739854,-6.80298e-05,2.16275e-06,0.0739854
1.666,-0.0777407,-0.000302604,6.50004e-06,0.0777413
1.715,-0.0801618,-0.000299062,6.73676e-06,0.0801624
1.761,-0.0817289,-0.000131506,4.75019e-06,0.081729
1.813,-0.0846637,-0.000230685,7.20178e-06,0.084664
1.863,-0.0865668,-0.00024852,9.03923e-06,0.0865672
1.912,-0.0879424,-0.000173732,7.56024e-06,0.0879425
1.962,-0.0888393,-0.000170321,8.6666e-06,0.0888395
2.015,-0.0893607,-0.000324338,1.38115e-05,0.0893612
2.063,-0.089561,-0.000214338,1.19795e-05,0.0895613
2.111,-0.0897181,-7.51477e-05,7.18388e-06,0.0897182
2.166,-0.0897978,-0.000316503,1.83135e-05,0.0897983
2.211,-0.089875,-6.60068e-05,7.80068e-06,0.089875
2.262,-0.0895584,-0.000123541,1.13575e-05,0.0895585
2.315,-0.0887897,-0.000284,1.94835e-05,0.0887902
2.363,-0.0874363,-0.000147462,1.37537e-05,0.0874364
2.411,-0.0859493,-1.12364e-05,5.98171e-06,0.0859493
2.464,-0.0830667,-0.000162189,1.56471e-05,0.0830669
2.511,-0.081538,1.22647e-05,4.34656e-06,0.081538
2.561,-0.0791555,1.93603e-05,3.76206e-06,0.0791555
2.61,-0.0770009,6.98123e-05,-2.34098e-07,0.077001
2.665,-0.0732144,-0.000145359,1.57652e-05,0.0732145
2.711,-0.0718288,3.08455e-05,1.7842e-06,0.0718288
2.76,-0.0695989,7.018e-05,-1.81746e-06,0.0695989
2.817,-0.0658536,-8.84756e-05,1.09784e-05,0.0658537
2.859,-0.064884,9.9078e-05,-5.47935e-06,0.0648841
2.912,-0.0616165,4.4796e-06,2.60629e-06,0.0616165
2.962,-0.059088,6.8544e-06,2.18101e-06,0.059088
3.012,-0.0566222,8.85757e-06,1.60448e-06,0.0566222
3.066,-0.0532967,-5.35456e-05,7.7101e-06,0.0532967
3.111,-0.0518749,3.33738e-05,-1.46307e-06,0.0518749
3.164,-0.048566,-2.4169e-05,4.38347e-06,0.048566
3.214,-0.0461313,-1.9894e-05,3.67167e-06,0.0461313
3.262,-0.0440973,1.66557e-05,-4.83487e-07,0.0440973
3.314,-0.0411351,-1.1265e-05,2.41872e-06,0.0411351
3.361,-0.0393611,3.04209e-05,-2.51393e-06,0.0393611
3.41,-0.0371229,4.00871e-05,-3.86593e-06,0.0371229
3.461,-0.034367,4.37867e-05,-4.65762e-06,0.034367
3.512,-0.0316486,6.35394e-05,-7.36369e-06,0.0316487
3.561,-0.029376,6.6402e-05,-7.8212e-06,0.0293761
3.613,-0.026389,1.60696e-05,-1.75503e-06,0.026389
3.661,-0.0243572,1.52319e-05,-1.75252e-06,0.0243572
3.71,-0.0221142,1.29056e-05,-1.49331e-06,0.0221142
3.764,-0.0185762,-3.72179e-06,6.27759e-07,0.0185762
3.812,-0.0166254,7.06675e-07,2.05551e-08,0.0166254
3.862,-0.0140939,8.85103e-07,-3.6508e-08,0.0140939
3.913,-0.0113828,-8.53882e-07,1.73476e-07,0.0113828
3.964,-0.00857773,-2.97584e-07,7.89954e-08,0.00857773
4.011,-0.00681192,1.60605e-06,-1.84668e-07,0.00681192
4.061,-0.00449016,1.34777e-06,-1.60113e-07,0.00449016
timestamp,vx,vy,vz,vmag
0,-1.53091e-05,1.51106e-08,-1.97488e-09,1.53091e-05
0.025,-0.000177191,7.28677e-09,-9.68992e-10,0.000177191
0.077,-0.00114547,4.67792e-08,-6.38123e-09,0.00114547
0.129,-0.0025444,-1.22168e-08,1.68771e-09,0.0025444
0.179,-0.00490801,1.0714e-08,-1.57884e-09,0.00490801
0.23,-0.00694333,1.36702e-07,-1.80104e-08,0.00694333
0.279,-0.00943644,-1.72165e-06,2.34004e-07,0.00943644
0.328,-0.011282,-1.75246e-07,2.35016e-08,0.011282
0.377,-0.0136899,-2.53967e-06,3.47341e-07,0.0136899
0.427,-0.0159724,-7.35366e-07,9.62252e-08,0.0159724
0.475,-0.0180402,4.80905e-07,-7.16493e-08,0.0180402
0.526,-0.0207283,-2.91086e-07,2.46525e-08,0.0207283
0.577,-0.0235966,-9.86743e-06,1.38586e-06,0.0235966
0.627,-0.0259134,-1.47066e-05,2.14816e-06,0.0259134
0.682,-0.0294354,-9.34973e-05,1.37968e-05,0.0294355
0.727,-0.0308836,-7.55285e-05,1.1193e-05,0.0308837
0.775,-0.0329774,-5.9244e-05,8.91082e-06,0.0329774
0.827,-0.0358904,-5.40147e-05,8.36137e-06,0.0358905
0.879,-0.0391368,-9.49298e-05,1.49482e-05,0.0391369
0.926,-0.0406864,-4.70191e-05,7.6917e-06,0.0406864
0.978,-0.043842,-9.43224e-05,1.55324e-05,0.0438421
1.025,-0.0454829,-3.95917e-05,6.95947e-06,0.0454829
1.076,-0.0482647,-6.69546e-05,1.18297e-05,0.0482648
1.126,-0.0506804,-5.80087e-05,1.05486e-05,0.0506805
1.178,-0.0538252,-0.000129013,2.31553e-05,0.0538253
1.226,-0.0556766,-6.52808e-05,1.25172e-05,0.0556767
1.277,-0.0585351,-0.000117475,2.23995e-05,0.0585352
1.328,-0.0610658,-0.000115468,2.24135e-05,0.0610659
1.377,-0.0635268,-0.000133385,2.66984e-05,0.063527
1.427,-0.065863,-0.000105967,2.20009e-05,0.0658631
1.481,-0.0693458,-0.000270516,5.46345e-05,0.0693464
1.525,-0.0704706,-6.05456e-05,1.45874e-05,0.0704706
1.578,-0.0737798,-0.000217439,4.70545e-05,0.0737801
1.625,-0.0754679,-6.4909e-05,1.671e-05,0.0754679
1.675,-0.077963,-7.2872e-05,1.96136e-05,0.077963
1.726,-0.0806537,-0.000106756,2.70434e-05,0.0806537
1.78,-0.08428,-0.000396668,9.21316e-05,0.084281
1.828,-0.0857524,-0.000191975,4.78745e-05,0.0857527
1.879,-0.0876332,-0.000341051,8.43688e-05,0.0876339
1.924,-0.0883282,-6.39463e-06,7.53932e-06,0.0883282
1.977,-0.0890888,-0.000178974,4.99398e-05,0.089089
2.028,-0.0894502,-0.000162763,4.60917e-05,0.0894504
2.078,-0.0896038,-0.000234762,6.62784e-05,0.0896042
2.129,-0.0897473,-0.000197018,5.67966e-05,0.0897475
2.179,-0.0897588,-0.00029874,8.56562e-05,0.0897593
2.227,-0.089747,-9.30205e-05,3.17997e-05,0.089747
2.279,-0.0889955,-0.000277744,8.31421e-05,0.0889959
2.328,-0.0882522,-0.000113395,3.80728e-05,0.0882523
2.378,-0.0861549,-0.000158,5.209e-05,0.0861551
2.429,-0.0841681,-0.000118672,4.01617e-05,0.0841682
2.477,-0.0821177,-5.84137e-05,2.42215e-05,0.0821177
2.528,-0.079758,-5.12986e-05,2.10786e-05,0.079758
2.58,-0.076432,-0.000199442,6.5801e-05,0.0764323
2.628,-0.0749028,-3.43733e-05,1.56661e-05,0.0749028
2.679,-0.071835,-0.000117977,4.16598e-05,0.0718351
2.728,-0.0699564,-2.2739e-05,1.15371e-05,0.0699564
2.777,-0.0675004,-1.27836e-05,8.69147e-06,0.0675004
2.827,-0.0651957,1.15338e-05,1.50324e-07,0.0651957
2.877,-0.0625149,-5.22304e-06,5.49525e-06,0.0625149
2.926,-0.0604203,3.66272e-05,-8.72031e-06,0.0604203
2.98,-0.056595,-8.94698e-05,3.23336e-05,0.0565951
3.025,-0.0556373,5.39268e-05,-1.52716e-05,0.0556373
3.076,-0.0528322,3.07554e-05,-7.87388e-06,0.0528322
3.126,-0.0504223,3.40058e-05,-9.49868e-06,0.0504224
3.178,-0.0472241,-1.08195e-05,5.49508e-06,0.0472241
3.223,-0.0460582,6.95271e-05,-2.21854e-05,0.0460583
3.277,-0.04253,1.27606e-05,-3.03096e-06,0.0425301
3.326,-0.0404209,3.00649e-05,-9.32509e-06,0.0404209
3.377,-0.0375313,1.49366e-05,-4.22083e-06,0.0375313
3.427,-0.0352134,2.69606e-05,-8.76166e-06,0.0352134
3.481,-0.0316583,3.29385e-05,-1.12111e-05,0.0316583
3.525,-0.0306496,7.58046e-05,-2.64197e-05,0.0306497
3.577,-0.0275411,3.46067e-05,-1.19437e-05,0.0275411
3.628,-0.0249981,7.97055e-06,-2.67682e-06,0.0249981
3.68,-0.0216369,-9.91156e-06,3.77927e-06,0.0216369
3.731,-0.0195794,-5.34566e-06,2.08116e-06,0.0195794
3.776,-0.0178201,4.33861e-06,-1.42614e-06,0.0178201
3.828,-0.0149934,-1.16756e-06,5.21007e-07,0.0149934
3.879,-0.0119348,-2.11224e-06,8.4409e-07,0.0119348
3.93,-0.00958107,-2.05108e-06,7.96283e-07,0.00958108
3.979,-0.00693608,3.29647e-07,-8.29727e-08,0.00693608
4.028,-0.00490999,7.01311e-07,-2.29238e-07,0.00490999
timestamp,vx,vy,vz,vmag
0,-1.84561e-05,1.72785e-08,-6.22445e-09,1.84562e-05
0.041,0.0002349,3.47365e-09,-1.27268e-09,0.0002349
0.092,0.00126359,4.91929e-08,-1.8071e-08,0.00126359
0.14,0.00219522,5.84051e-08,-2.15071e-08,0.00219522
0.192,0.0046594,4.72198e-08,-1.7277e-08,0.0046594
0.242,0.00658654,4.51179e-07,-1.65897e-07,0.00658654
0.293,0.00943826,-1.63008e-06,5.97725e-07,0.00943826
0.34,0.0108899,9.95508e-07,-3.62914e-07,0.0108899
0.39,0.0134033,-8.76237e-07,3.21818e-07,0.0134033
0.439,0.0155669,1.86482e-06,-6.71843e-07,0.0155669
0.491,0.0186266,-5.39183e-06,1.96617e-06,0.0186266
0.544,0.021552,-9.07455e-06,3.30516e-06,0.021552
0.591,0.0236052,-9.33819e-06,3.38744e-06,0.0236052
0.644,0.02655,-2.83005e-05,1.01039e-05,0.02655
0.69,0.0283218,-4.68103e-05,1.65643e-05,0.0283218
0.744,0.0315767,-9.008e-05,3.19507e-05,0.0315769
0.793,0.0342206,-8.69012e-05,3.05823e-05,0.0342208
0.841,0.0359386,-5.16085e-05,1.79931e-05,0.0359387
0.891,0.038621,-6.50205e-05,2.2418e-05,0.0386211
0.941,0.0409393,-5.40433e-05,1.84501e-05,0.0409394
0.992,0.0439275,-9.0692e-05,3.07493e-05,0.0439276
1.04,0.0457311,-4.96361e-05,1.64742e-05,0.0457311
1.09,0.0483265,-6.47252e-05,2.12098e-05,0.0483265
1.139,0.0505211,-4.17349e-05,1.32899e-05,0.0505212
1.189,0.0530242,-4.81352e-05,1.49764e-05,0.0530242
1.244,0.0565962,-0.000132132,4.26379e-05,0.0565964
1.292,0.0589545,-0.000144959,4.59561e-05,0.0589547
1.343,0.0613906,-0.000132727,4.15766e-05,0.0613907
1.388,0.0627169,-2.16971e-05,4.97751e-06,0.0627169
1.441,0.065964,-0.000103559,3.08921e-05,0.0659641
1.492,0.0689766,-0.000189653,5.67655e-05,0.0689769
1.544,0.07163,-0.000199983,5.94094e-05,0.0716303
1.591,0.0736704,-0.000165712,4.72129e-05,0.0736706
1.642,0.0761986,-0.000161495,4.54382e-05,0.0761988
1.691,0.0786794,-0.000184895,5.06065e-05,0.0786797
1.744,0.0816557,-0.00025317,7.00435e-05,0.0816561
1.792,0.0840139,-0.000268059,7.17538e-05,0.0840144
1.839,0.0853637,-6.90153e-05,1.46033e-05,0.0853637
1.891,0.0875407,-0.000203696,5.02977e-05,0.087541
1.942,0.0887792,-0.00018224,4.40919e-05,0.0887794
1.992,0.0893453,-0.000252903,6.05487e-05,0.0893456
2.041,0.089561,-0.000119009,2.48307e-05,0.0895611
2.093,0.0898876,-0.000311312,7.23271e-05,0.0898881
2.145,0.0899661,-0.00023085,5.16568e-05,0.0899664
2.19,0.0899281,-8.41986e-05,1.26128e-05,0.0899281
2.244,0.0898545,-0.000235334,5.00742e-05,0.0898548
2.292,0.0892996,-0.000212275,4.18451e-05,0.0892999
2.343,0.0882882,-0.000161924,3.05874e-05,0.0882884
2.392,0.0863076,-0.000164677,2.92202e-05,0.0863078
2.441,0.0845829,-3.94753e-05,1.8212e-06,0.0845829
2.493,0.0816845,-0.000187371,3.31568e-05,0.0816847
2.541,0.0799801,-1.7208e-05,-2.719e-06,0.0799801
2.594,0.0766221,-0.00020768,3.65014e-05,0.0766224
2.642,0.0749325,-3.8116e-05,2.26279e-06,0.0749325
2.689,0.0730221,6.99947e-05,-1.9741e-05,0.0730221
2.744,0.0695933,-8.63621e-05,1.23971e-05,0.0695934
2.793,0.0669609,-0.000101486,1.45527e-05,0.066961
2.842,0.0649872,-1.67739e-05,-7.53934e-07,0.0649872
2.892,0.0622385,-4.47652e-05,4.24121e-06,0.0622386
2.941,0.0601857,1.32024e-05,-5.61534e-06,0.0601857
2.991,0.0575172,-1.46435e-06,-2.93064e-06,0.0575172
3.041,0.0551872,1.59992e-05,-5.3482e-06,0.0551872
3.092,0.0522339,-2.18536e-05,1.22013e-06,0.0522339
3.143,0.0497895,-1.37992e-05,3.9934e-07,0.0497895
3.194,0.046661,-5.55267e-05,7.22152e-06,0.0466611
3.244,0.0445867,-1.97667e-05,1.78766e-06,0.0445867
3.289,0.0430885,4.63739e-05,-8.80921e-06,0.0430885
3.344,0.0395834,-1.1262e-05,7.28269e-07,0.0395834
3.394,0.0366491,-2.56796e-05,2.94441e-06,0.0366491
3.44,0.0353886,3.47008e-05,-6.05043e-06,0.0353886
3.489,0.0330823,6.52226e-05,-1.03658e-05,0.0330824
3.543,0.0297629,5.50473e-05,-8.55241e-06,0.0297629
3.593,0.0269281,1.29063e-05,-2.2436e-06,0.0269281
3.641,0.0251919,1.42225e-05,-2.27072e-06,0.0251919
3.691,0.0225193,5.48472e-06,-9.83521e-07,0.0225193
3.743,0.019787,-3.34106e-06,3.21974e-07,0.019787
3.79,0.0178138,4.33995e-06,-7.45528e-07,0.0178138
3.841,0.0151975,4.32412e-07,-1.53663e-07,0.0151975
3.892,0.012228,-7.94883e-07,4.04681e-08,0.012228
3.945,0.00958068,-2.07174e-06,2.42165e-07,0.00958068
3.99,0.00781502,1.85049e-06,-2.90159e-07,0.00781502
4.04,0.00534006,1.31867e-06,-2.06645e-07,0.00534006
timestamp,vx,vy,vz,vmag
0,1.88866e-05,1.84474e-08,-2.62167e-09,1.88866e-05
0.026,6.6522e-06,0.000204183,-1.30775e-09,0.000204292
0.08,-8.69632e-07,0.00149176,-5.97708e-08,0.00149176
0.126,-6.44146e-07,0.00219382,-5.44639e-08,0.00219382
0.177,-3.225e-07,0.00440906,-8.13702e-08,0.00440906
0.227,-1.04129e-07,0.00640767,-5.61236e-07,0.00640767
0.278,-1.20335e-07,0.00916028,9.79785e-07,0.00916028
0.326,1.13536e-07,0.01089,-9.01419e-07,0.01089
0.379,-3.50122e-07,0.014268,4.90719e-06,0.014268
0.429,-1.24638e-07,0.0163782,2.88945e-06,0.0163782
0.476,-3.78543e-08,0.0183323,2.24321e-06,0.0183323
0.526,1.84393e-07,0.0207284,2.26666e-07,0.0207284
0.58,-1.75384e-06,0.0244841,2.13043e-05,0.0244842
0.626,1.47592e-07,0.025714,1.26303e-06,0.025714
0.676,-3.2338e-07,0.0282998,6.48621e-06,0.0282998
0.727,-1.4315e-06,0.0309177,1.81589e-05,0.0309178
0.777,-6.56546e-06,0.0336022,7.12502e-05,0.0336023
0.828,-8.81296e-06,0.0361357,9.47401e-05,0.0361359
0.879,-9.56974e-06,0.0391951,0.000101876,0.0391952
0.925,-3.9733e-06,0.0405086,4.42312e-05,0.0405086
0.976,-5.31451e-06,0.043305,5.71279e-05,0.0433051
1.028,-6.53578e-06,0.0461313,6.91081e-05,0.0461313
1.078,-9.59846e-06,0.0489011,9.86295e-05,0.0489012
1.129,-8.85315e-06,0.0513417,9.057e-05,0.0513418
1.177,-9.03019e-06,0.0536061,9.07775e-05,0.0536062
1.226,-5.71481e-06,0.055718,5.79032e-05,0.055718
1.277,-1.06581e-05,0.0586092,0.000103833,0.0586093
1.33,-1.44398e-05,0.0615583,0.000138968,0.0615585
1.376,-9.05761e-06,0.0633121,8.54217e-05,0.0633122
1.428,-1.24083e-05,0.0661425,0.000115787,0.0661426
1.479,-2.30027e-05,0.0692201,0.000209695,0.0692204
1.529,-1.73198e-05,0.0713575,0.000155912,0.0713576
1.576,-1.2209e-05,0.0733176,0.000105816,0.0733177
1.626,-1.03014e-05,0.0757262,8.77988e-05,0.0757263
1.676,-1.41224e-05,0.0783206,0.000116723,0.0783207
1.73,-2.74359e-05,0.081581,0.000229069,0.0815814
1.78,-4.34498e-05,0.0845491,0.000355564,0.0845498
1.825,-8.53074e-06,0.0853458,6.23066e-05,0.0853458
1.879,-3.94772e-05,0.0878694,0.000307414,0.08787
1.927,-1.71078e-05,0.0886315,0.000125212,0.0886316
1.981,-4.58799e-05,0.0893913,0.000342657,0.089392
2.029,-2.64015e-05,0.0896042,0.000188898,0.0896044
2.078,-3.09874e-05,0.0897728,0.000214239,0.089773
2.129,-2.64945e-05,0.0898892,0.000179378,0.0898894
2.178,-3.15504e-05,0.0899525,0.000206732,0.0899528
2.227,-1.47441e-05,0.0898171,8.6055e-05,0.0898172
2.279,-4.0026e-05,0.0891963,0.000254536,0.0891967
2.327,-1.2328e-05,0.0884212,6.45279e-05,0.0884213
2.38,-4.37725e-05,0.0858286,0.000268024,0.0858291
2.43,-2.53343e-05,0.0840931,0.00014714,0.0840933
2.478,-2.08272e-05,0.0819027,0.000110898,0.0819028
2.528,-1.05794e-05,0.0797964,4.83144e-05,0.0797964
2.578,-1.71796e-05,0.077126,8.51357e-05,0.0771261
2.627,-3.11912e-06,0.0751226,2.1958e-06,0.0751226
2.678,-1.4224e-05,0.0722017,6.60934e-05,0.0722017
2.726,2.94627e-06,0.070369,-3.17744e-05,0.070369
2.777,-4.9914e-06,0.06751,1.32343e-05,0.06751
2.827,-4.56082e-07,0.0651873,-9.53714e-06,0.0651873
2.878,-9.30649e-06,0.0622327,3.84741e-05,0.0622327
2.926,4.19735e-06,0.0603935,-3.27055e-05,0.0603936
2.98,-1.75551e-05,0.0566589,8.29116e-05,0.056659
3.029,-5.01973e-06,0.0547905,1.88152e-05,0.0547905
3.075,8.31114e-06,0.0530979,-5.03661e-05,0.0530979
3.127,2.11961e-06,0.0501945,-1.66634e-05,0.0501945
3.179,-7.07568e-06,0.0469415,2.93437e-05,0.0469415
3.227,2.71458e-06,0.0451945,-1.76896e-05,0.0451945
3.275,7.69799e-06,0.0431008,-4.14568e-05,0.0431008
3.327,5.14396e-06,0.0401924,-2.71521e-05,0.0401925
3.376,1.3243e-05,0.0378016,-6.4115e-05,0.0378017
3.427,1.59971e-05,0.0351809,-7.58047e-05,0.035181
3.48,-5.55143e-07,0.0316414,1.97411e-06,0.0316414
3.527,3.31149e-06,0.0301956,-1.49938e-05,0.0301956
3.575,3.98681e-06,0.0281068,-1.78905e-05,0.0281068
3.63,-2.25739e-06,0.0245835,1.03344e-05,0.0245835
3.679,-2.15024e-06,0.0219372,9.64735e-06,0.0219372
3.727,-1.42993e-07,0.0201993,9.35186e-07,0.0201993
3.778,-7.91084e-07,0.0172298,3.7339e-06,0.0172298
3.826,2.13172e-07,0.0154049,-6.03217e-07,0.0154049
3.879,-5.65477e-07,0.0119356,2.70619e-06,0.0119356
3.929,-3.01484e-07,0.00978752,1.55388e-06,0.00978752
3.978,1.52532e-07,0.00722891,-4.73807e-07,0.00722891
4.026,2.62627e-07,0.0053416,-9.97703e-07,0.0053416
timestamp,vx,vy,vz,vmag
0,7.70384e-09,3.89295e-05,-3.20548e-08,3.89295e-05
0.019,1.78403e-09,-5.11906e-05,-7.45075e-09,5.11906e-05
0.068,1.76204e-09,-0.00077271,-7.58044e-09,0.00077271
0.118,2.3355e-08,-0.00171675,-9.94136e-08,0.00171675
0.17,-5.62894e-08,-0.00402987,2.40337e-07,0.00402987
0.219,1.69963e-07,-0.00572014,-7.2476e-07,0.00572014
0.271,-4.67713e-07,-0.00872645,2.00217e-06,0.00872645
0.321,-3.41348e-08,-0.0107531,1.31805e-07,0.0107531
0.367,-1.60724e-07,-0.0124193,6.98467e-07,0.0124193
0.416,3.73935e-07,-0.0145841,-1.6461e-06,0.0145841
0.471,-2.79459e-06,-0.0184589,1.21493e-05,0.0184589
0.517,-1.24754e-08,-0.0197427,-3.44998e-08,0.0197427
0.57,-3.69627e-06,-0.0231499,1.62762e-05,0.0231499
0.616,3.74123e-07,-0.0245106,-1.8113e-06,0.0245106
0.667,-1.36773e-06,-0.0272893,6.08193e-06,0.0272893
0.719,-3.04752e-06,-0.0301448,1.35391e-05,0.0301448
0.77,-1.71286e-05,-0.0331226,7.98175e-05,0.0331227
0.821,-2.38942e-05,-0.0355494,0.000111107,0.0355496
0.868,-1.96281e-05,-0.0375486,9.27329e-05,0.0375487
0.918,-1.32502e-05,-0.0399153,6.36569e-05,0.0399153
0.966,-8.59989e-06,-0.0419899,4.33223e-05,0.0419899
1.019,-1.37729e-05,-0.0451287,6.91362e-05,0.0451287
1.069,-1.87622e-05,-0.0478319,9.66571e-05,0.047832
1.118,-1.2267e-05,-0.0499146,6.49176e-05,0.0499146
1.17,-2.5016e-05,-0.053108,0.000133281,0.0531082
1.217,-1.02137e-05,-0.0547012,5.7886e-05,0.0547012
1.267,-1.27719e-05,-0.0572671,7.44024e-05,0.0572671
1.317,-1.08143e-05,-0.0596996,6.46754e-05,0.0596996
1.37,-3.08456e-05,-0.0630971,0.000178154,0.0630973
1.419,-1.94199e-05,-0.0651173,0.000115933,0.0651175
1.472,-3.87993e-05,-0.0683692,0.000232171,0.0683696
1.517,-1.19362e-05,-0.0696961,7.98269e-05,0.0696961
1.568,-2.22122e-05,-0.0725351,0.000145451,0.0725353
1.619,-2.23967e-05,-0.0751103,0.000146877,0.0751104
1.67,-3.92103e-05,-0.0780783,0.000258567,0.0780787
1.716,-7.2681e-06,-0.0794857,6.2401e-05,0.0794857
1.768,-2.46862e-05,-0.0825278,0.000178941,0.082528
1.817,-1.28716e-05,-0.0846462,0.000103332,0.0846463
1.869,-3.21683e-05,-0.0869289,0.000239031,0.0869292
1.918,-1.66233e-05,-0.0881851,0.000134558,0.0881852
1.969,-2.81776e-05,-0.0890015,0.000222853,0.0890018
2.018,-1.27684e-05,-0.0893687,0.000114243,0.0893688
2.068,-1.60683e-05,-0.0896036,0.000144909,0.0896038
2.117,-4.22928e-06,-0.0897612,5.72058e-05,0.0897612
2.171,-3.93036e-05,-0.0898221,0.00032554,0.0898227
2.219,-1.48059e-05,-0.0898637,0.000138018,0.0898638
2.268,-1.16117e-05,-0.0894639,0.000119875,0.089464
2.316,4.66085e-06,-0.0890211,-1.0432e-05,0.0890211
2.366,7.20758e-06,-0.0876776,-3.13489e-05,0.0876776
2.419,-7.58031e-06,-0.0852172,8.50035e-05,0.0852173
2.468,-3.43795e-06,-0.083068,5.35683e-05,0.0830681
2.517,4.46726e-06,-0.0811112,-1.63987e-05,0.0811112
2.568,-1.28368e-06,-0.0783727,3.26649e-05,0.0783727
2.617,5.09103e-06,-0.0763009,-2.60477e-05,0.0763009
2.671,-1.4257e-05,-0.0726093,0.000144906,0.0726095
2.717,5.06958e-06,-0.0713672,-3.02221e-05,0.0713672
2.77,-7.45122e-06,-0.0679367,8.2892e-05,0.0679367
2.818,1.95105e-06,-0.0661705,-5.85032e-06,0.0661705
2.87,-5.76448e-06,-0.0629516,6.58084e-05,0.0629516
2.92,-2.73181e-06,-0.0607403,3.49357e-05,0.0607403
2.969,-1.5721e-06,-0.0582486,2.43612e-05,0.0582486
3.02,-1.90186e-06,-0.0557444,2.5476e-05,0.0557444
3.07,-3.147e-06,-0.0529624,3.78636e-05,0.0529624
3.12,-1.20295e-06,-0.0507466,1.7286e-05,0.0507466
3.169,-2.88237e-07,-0.0482533,8.27231e-06,0.0482533
3.217,3.30711e-06,-0.0464003,-2.86272e-05,0.0464003
3.271,-2.72542e-06,-0.0426791,3.14317e-05,0.0426791
3.316,4.1392e-06,-0.0416169,-3.87279e-05,0.041617
3.368,4.41828e-06,-0.0385475,-4.29962e-05,0.0385475
3.417,7.91929e-06,-0.036409,-7.98037e-05,0.0364091
3.468,5.4256e-06,-0.0335493,-5.4501e-05,0.0335493
3.521,-4.78236e-07,-0.0305336,5.6068e-06,0.0305336
3.566,2.07561e-06,-0.0291132,-2.10155e-05,0.0291132
3.618,3.24435e-07,-0.0261799,-2.75201e-06,0.0261799
3.669,-3.25609e-07,-0.0232537,4.02835e-06,0.0232537
3.716,5.39801e-07,-0.0216103,-5.2732e-06,0.0216103
3.769,-2.96033e-07,-0.0182537,3.47779e-06,0.0182537
3.818,-8.96192e-08,-0.0161792,1.1996e-06,0.0161792
3.867,1.28537e-07,-0.0138246,-1.19431e-06,0.0138246
3.921,-2.90508e-07,-0.0105339,3.23862e-06,0.0105339
3.968,7.9806e-08,-0.00853947,-7.6417e-07,0.00853947
4.02,2.37759e-09,-0.00561481,3.96064e-08,0.00561481
timestamp,vx,vy,vz,vmag
0,1.78794e-09,-2.3327e-05,-1.90107e-08,2.3327e-05
0.029,1.31342e-10,-0.000306923,-1.44104e-09,0.000306923
0.077,3.69567e-09,-0.00114501,-3.99364e-08,0.00114501
0.125,7.16564e-09,-0.00207596,-7.71538e-08,0.00207596
0.177,7.51972e-09,-0.00440862,-8.11059e-08,0.00440862
0.227,5.20841e-08,-0.00640759,-5.61295e-07,0.00640759
0.278,-9.06729e-08,-0.0091598,9.80245e-07,0.0091598
0.33,-1.08136e-07,-0.0116738,1.17044e-06,0.0116738
0.38,-5.76771e-07,-0.0145542,6.24954e-06,0.0145542
0.427,-5.87832e-08,-0.0159726,6.27247e-07,0.0159726
0.481,-1.11141e-06,-0.0194978,1.20954e-05,0.0194978
0.526,-2.5443e-08,-0.0207283,2.40566e-07,0.0207283
0.576,-3.80734e-07,-0.0233066,4.15318e-06,0.0233066
0.628,-6.92234e-07,-0.0261237,7.55143e-06,0.0261237
0.68,-2.87555e-06,-0.0294686,3.17404e-05,0.0294686
0.727,-1.60594e-06,-0.0309117,1.7986e-05,0.0309117
0.779,-8.73344e-06,-0.0341619,9.84461e-05,0.0341621
0.828,-8.30019e-06,-0.0361042,9.36538e-05,0.0361043
0.876,-6.54643e-06,-0.0382832,7.4388e-05,0.0382833
0.928,-5.6209e-06,-0.0411087,6.4633e-05,0.0411087
0.976,-4.79338e-06,-0.0432862,5.5971e-05,0.0432862
1.025,-3.14958e-06,-0.0454951,3.74019e-05,0.0454951
1.078,-8.14084e-06,-0.0488687,9.62811e-05,0.0488688
1.125,-3.10412e-06,-0.0504953,3.80073e-05,0.0504953
1.179,-1.1085e-05,-0.0541583,0.000133093,0.0541585
1.23,-9.61579e-06,-0.0565149,0.000116528,0.056515
1.276,-5.8354e-06,-0.0582854,7.31058e-05,0.0582854
1.329,-9.36379e-06,-0.06131,0.000116086,0.0613101
1.377,-8.96125e-06,-0.0635752,0.000113244,0.0635753
1.429,-1.0425e-05,-0.0663093,0.000131843,0.0663094
1.476,-6.87556e-06,-0.0682852,9.03954e-05,0.0682853
1.529,-1.1502e-05,-0.0713088,0.000148515,0.071309
1.579,-1.74217e-05,-0.0741533,0.000225976,0.0741536
1.625,-3.77094e-06,-0.0754971,5.42217e-05,0.0754971
1.677,-1.16205e-05,-0.0785752,0.000157007,0.0785753
1.728,-1.12284e-05,-0.0811065,0.000152738,0.0811066
1.777,-1.24974e-05,-0.0835761,0.000172823,0.0835763
1.83,-1.68306e-05,-0.0861735,0.000230383,0.0861738
1.875,-3.17095e-06,-0.0870849,5.29415e-05,0.0870849
1.926,-5.08159e-06,-0.0885115,7.81879e-05,0.0885116
1.978,-1.46055e-05,-0.0892142,0.000210149,0.0892145
2.031,-1.38612e-05,-0.089579,0.000199854,0.0895792
2.079,-1.77283e-05,-0.0897298,0.000257637,0.0897302
2.13,-1.38246e-05,-0.089851,0.000203273,0.0898513
2.179,-1.68537e-05,-0.0899039,0.000250019,0.0899043
2.229,-1.01253e-05,-0.0897613,0.000154371,0.0897615
2.276,-2.73396e-06,-0.0893445,5.14657e-05,0.0893445
2.329,-8.37525e-06,-0.0882187,0.000131036,0.0882188
2.378,-8.25949e-06,-0.086241,0.000131817,0.0862411
2.427,-1.3291e-06,-0.0845769,2.9161e-05,0.0845769
2.479,-9.45399e-06,-0.0816097,0.000150132,0.0816099
2.529,-4.41313e-06,-0.0795979,7.39156e-05,0.079598
2.574,7.54259e-06,-0.0782595,-0.000104365,0.0782596
2.627,4.53398e-07,-0.0751289,4.59651e-07,0.0751289
2.678,-3.37952e-06,-0.0721937,5.87991e-05,0.0721937
2.73,-4.09175e-06,-0.0695661,6.81779e-05,0.0695662
2.775,4.15222e-06,-0.0680983,-5.78372e-05,0.0680984
2.828,-4.49703e-07,-0.0649901,1.1737e-05,0.0649901
2.879,-3.79054e-06,-0.0619376,6.37866e-05,0.0619377
2.926,2.19707e-06,-0.0604054,-3.03754e-05,0.0604054
2.977,2.67813e-07,-0.0575258,-4.16626e-07,0.0575258
3.028,1.04443e-07,-0.0549963,1.29981e-06,0.0549963
3.077,4.69969e-07,-0.0525262,-4.53439e-06,0.0525262
3.131,-1.08248e-06,-0.0495855,1.93356e-05,0.0495855
3.179,-1.51501e-06,-0.0469399,2.63954e-05,0.0469399
3.231,-6.62433e-07,-0.0445849,1.21937e-05,0.0445849
3.278,-1.04641e-07,-0.0422322,3.29658e-06,0.0422322
3.329,7.03235e-07,-0.0397889,-1.03186e-05,0.0397889
3.382,2.20479e-06,-0.0366404,-3.50483e-05,0.0366405
3.425,5.05474e-06,-0.0356067,-8.13475e-05,0.0356068
3.478,1.46536e-06,-0.0322291,-2.32694e-05,0.0322291
3.528,4.50318e-07,-0.0299943,-7.0744e-06,0.0299943
3.581,-8.29044e-07,-0.026644,1.39312e-05,0.026644
3.626,3.67587e-07,-0.0254062,-5.74522e-06,0.0254062
3.679,-5.15844e-07,-0.0219374,8.72425e-06,0.0219374
3.727,-3.98363e-08,-0.0202007,8.25953e-07,0.0202007
3.776,9.05984e-08,-0.0178184,-1.35594e-06,0.0178184
3.827,-4.27785e-08,-0.0152007,8.04988e-07,0.0152007
3.875,1.41075e-07,-0.0131123,-2.25515e-06,0.0131123
3.931,-1.15406e-07,-0.00958284,1.95692e-06,0.00958284
3.979,3.86764e-09,-0.00693645,-2.62699e-08,0.00693645
4.03,-2.85252e-09,-0.00447707,7.18788e-08,0.00447707
timestamp,vx,vy,vz,vmag
0,8.61305e-10,-1.8903e-05,-1.41831e-08,1.8903e-05
0.029,6.27776e-11,0.000305733,-1.06465e-09,0.000305733
0.077,2.20746e-09,0.00114741,-3.66263e-08,0.00114741
0.126,2.97479e-09,0.0021945,-4.95869e-08,0.0021945
0.18,-1.21091e-09,0.00515819,2.04299e-08,0.00515819
0.226,3.96864e-08,0.00622951,-6.59372e-07,0.00622951
0.277,-2.63626e-08,0.00888312,4.37038e-07,0.00888312
0.325,7.98008e-08,0.0106944,-1.32214e-06,0.0106944
0.379,-2.72722e-07,0.0142667,4.51899e-06,0.0142667
0.424,1.59147e-07,0.0153655,-2.62576e-06,0.0153655
0.477,-2.72376e-07,0.0186235,4.50631e-06,0.0186235
0.526,-1.188e-08,0.0207284,2.13777e-07,0.0207284
0.578,-7.13157e-07,0.0238927,1.17624e-05,0.0238927
0.626,-6.90238e-08,0.0257137,1.17172e-06,0.0257137
0.68,-1.78731e-06,0.029471,2.93653e-05,0.029471
0.73,-2.05356e-06,0.0315292,3.34959e-05,0.0315292
0.779,-5.63371e-06,0.0341699,9.15372e-05,0.03417
0.825,-4.11481e-06,0.0354957,6.68276e-05,0.0354957
0.88,-6.29083e-06,0.039463,0.000101718,0.0394632
0.928,-3.75555e-06,0.0411142,6.04072e-05,0.0411143
0.977,-4.15018e-06,0.0435843,6.63298e-05,0.0435843
1.031,-4.95575e-06,0.0465256,7.89844e-05,0.0465257
1.079,-6.80683e-06,0.0491706,0.00010796,0.0491707
1.125,-2.32251e-06,0.0504991,3.61267e-05,0.0504991
1.176,-4.00165e-06,0.0532922,6.21857e-05,0.0532923
1.23,-7.08077e-06,0.0565262,0.000110538,0.0565263
1.278,-7.81409e-06,0.0588789,0.000120985,0.058879
1.329,-7.20305e-06,0.0613218,0.000110887,0.0613219
1.379,-1.10143e-05,0.0641732,0.000168893,0.0641734
1.427,-5.74974e-06,0.0659123,8.65902e-05,0.0659123
1.475,-3.63652e-06,0.068002,5.27453e-05,0.0680021
1.53,-1.11273e-05,0.0715305,0.000167123,0.0715307
1.577,-9.37983e-06,0.0735906,0.00013833,0.0735907
1.627,-7.43926e-06,0.0759156,0.000108276,0.0759156
1.68,-1.99222e-05,0.0794755,0.000293273,0.079476
1.729,-1.25307e-05,0.0813302,0.000181438,0.0813304
1.78,-2.2749e-05,0.0844805,0.000329184,0.0844812
1.829,-1.36887e-05,0.0860273,0.000194385,0.0860275
1.878,-1.6273e-05,0.0876333,0.000228201,0.0876336
1.929,-1.3683e-05,0.0887917,0.000189832,0.0887919
1.979,-1.9712e-05,0.0892856,0.000272027,0.0892861
2.024,3.03923e-07,0.0894283,-1.35116e-05,0.0894283
2.077,-1.07466e-05,0.0897196,0.000139974,0.0897197
2.126,-4.45142e-06,0.0898259,5.18911e-05,0.0898259
2.176,-6.04244e-06,0.0899032,7.13939e-05,0.0899033
2.228,-9.64182e-06,0.0897933,0.000121236,0.0897934
2.279,-1.87027e-05,0.0891604,0.000240429,0.0891607
2.33,-1.38366e-05,0.08814,0.000175188,0.0881402
2.38,-2.00842e-05,0.0857921,0.000254094,0.0857925
2.428,-6.10581e-06,0.0844099,6.96423e-05,0.0844099
2.476,-1.13597e-06,0.0824264,2.70351e-06,0.0824264
2.528,-4.47597e-06,0.0797931,4.76589e-05,0.0797931
2.575,3.60253e-06,0.077963,-5.7253e-05,0.077963
2.628,-3.32838e-06,0.0749271,3.2964e-05,0.0749271
2.677,-2.66051e-06,0.0724831,2.34592e-05,0.0724831
2.725,3.63912e-06,0.0705773,-5.402e-05,0.0705773
2.779,-7.7086e-06,0.0669337,8.65864e-05,0.0669337
2.83,-5.39227e-06,0.0645825,5.94058e-05,0.0645825
2.88,-8.8921e-06,0.0616509,0.000100754,0.061651
2.929,-2.75374e-06,0.059789,2.74629e-05,0.059789
2.977,-6.26756e-07,0.0575223,1.45286e-06,0.0575223
3.027,7.1505e-07,0.0551968,-1.34063e-05,0.0551968
3.08,-5.78458e-06,0.0516498,6.32966e-05,0.0516498
3.127,9.6414e-07,0.0501967,-1.52218e-05,0.0501968
3.177,2.94707e-07,0.0475218,-7.27266e-06,0.0475218
3.226,2.11464e-06,0.0454007,-2.7563e-05,0.0454008
3.279,-1.91801e-06,0.0419375,1.90651e-05,0.0419375
3.327,2.08853e-06,0.0401947,-2.59164e-05,0.0401947
3.375,5.96354e-06,0.0380998,-6.92665e-05,0.0380998
3.426,7.00422e-06,0.0353918,-8.03605e-05,0.0353919
3.477,3.2915e-06,0.0325162,-3.81558e-05,0.0325162
3.526,1.86878e-06,0.0304008,-2.15132e-05,0.0304008
3.575,1.5152e-06,0.0281073,-1.73849e-05,0.0281073
3.628,-2.28666e-07,0.0249924,2.03604e-06,0.0249924
3.679,-9.08078e-07,0.0219355,9.54532e-06,0.0219355
3.728,-3.50202e-07,0.0199926,3.54354e-06,0.0199926
3.776,1.04923e-07,0.0178157,-1.40558e-06,0.0178157
3.825,1.68149e-07,0.0156096,-2.03107e-06,0.0156096
3.875,2.08146e-07,0.0131096,-2.41031e-06,0.0131096
3.927,-1.56873e-08,0.010198,6.65152e-08,0.010198
3.976,1.14413e-07,0.00781573,-1.31754e-06,0.00781573
4.027,6.08717e-08,0.00512412,-7.14599e-07,0.00512412
timestamp,vx,vy,vz,vmag
0,2.35897e-09,3.19939e-05,-2.58845e-08,3.19939e-05
0.027,-7.45787e-08,7.84518e-06,0.0002382,0.000238329
0.076,4.5826e-07,-2.04711e-06,0.00103119,0.00103119
0.128,2.71898e-07,-1.06691e-06,0.00242785,0.00242785
0.179,1.58292e-07,-5.28645e-07,0.00490828,0.00490828
0.227,1.10192e-07,3.87294e-07,0.00640784,0.00640784
0.278,-1.32671e-08,-1.25821e-06,0.00915999,0.00915999
0.327,2.51796e-08,5.11192e-07,0.0110862,0.0110862
0.377,-1.2688e-07,-2.48518e-06,0.0136906,0.0136906
0.431,-1.75177e-07,-4.07883e-06,0.0165797,0.0165797
0.477,-2.9523e-07,-5.62888e-06,0.0186233,0.0186233
0.53,-4.14107e-07,-9.64209e-06,0.0215464,0.0215464
0.578,-7.22871e-07,-1.50338e-05,0.0238923,0.0238923
0.629,-1.17093e-06,-2.51858e-05,0.0263279,0.026328
0.677,-2.7907e-06,-6.2707e-05,0.0285864,0.0285864
0.724,-2.60186e-06,-5.80467e-05,0.0302915,0.0302916
0.778,-3.78151e-06,-8.53301e-05,0.0338758,0.0338759
0.829,-3.05735e-06,-6.82114e-05,0.036319,0.036319
0.877,-3.10286e-06,-6.90909e-05,0.0385831,0.0385832
0.928,-3.0113e-06,-6.67037e-05,0.0411133,0.0411134
0.98,-5.65761e-06,-0.000131732,0.0444607,0.0444609
1.029,-3.96465e-06,-8.84681e-05,0.0463183,0.0463184
1.076,-3.08006e-06,-6.71796e-05,0.0482905,0.0482906
1.127,-3.14474e-06,-7.29656e-05,0.0509085,0.0509086
1.177,-4.61299e-06,-0.000102953,0.0535834,0.0535835
1.226,-2.97626e-06,-6.45892e-05,0.0557042,0.0557042
1.277,-5.25102e-06,-0.000117376,0.0585843,0.0585844
1.331,-6.46848e-06,-0.000150612,0.0615254,0.0615256
1.38,-1.05434e-05,-0.000245492,0.0644631,0.0644635
1.429,-6.87511e-06,-0.000154505,0.0663218,0.0663219
1.477,-6.62356e-06,-0.00014847,0.0685878,0.0685879
1.529,-7.71038e-06,-0.000173521,0.0713242,0.0713244
1.578,-9.49121e-06,-0.000214808,0.0738837,0.073884
1.628,-7.16677e-06,-0.000160431,0.0761219,0.076122
1.675,-3.2449e-06,-6.89361e-05,0.0780065,0.0780066
1.73,-1.07921e-05,-0.000251283,0.0815379,0.0815383
1.777,-8.88224e-06,-0.000199763,0.0835989,0.0835991
1.826,-4.77708e-06,-0.000103924,0.0855125,0.0855126
1.876,-5.77583e-06,-0.000127031,0.0872766,0.0872767
1.927,-5.96361e-06,-0.000131248,0.0886161,0.0886162
1.978,-1.07138e-05,-0.000241776,0.089246,0.0892463
2.028,-6.97826e-06,-0.000154758,0.0895513,0.0895514
2.076,-3.89356e-06,-8.291e-05,0.0897061,0.0897061
2.127,-4.49441e-06,-9.68856e-05,0.0898451,0.0898451
2.179,-1.26566e-05,-0.000286924,0.089946,0.0899464
2.227,-4.02435e-06,-8.59267e-05,0.0898158,0.0898159
2.278,-8.74635e-06,-0.000195888,0.0892368,0.089237
2.328,-4.87044e-06,-0.0001057,0.0883341,0.0883342
2.378,-6.74383e-06,-0.000149402,0.0862671,0.0862673
2.427,-1.64304e-06,-3.08396e-05,0.0845857,0.0845857
2.479,-7.64255e-06,-0.000170679,0.0816396,0.0816397
2.527,-7.38136e-07,-1.01533e-05,0.0799904,0.0799904
2.58,-8.15222e-06,-0.000189816,0.0765736,0.0765739
2.625,2.5534e-06,6.60716e-05,0.0755246,0.0755246
2.677,-1.13494e-06,-1.99817e-05,0.072491,0.0724911
2.731,-2.93086e-06,-6.82418e-05,0.0695796,0.0695797
2.779,-4.13324e-06,-9.02227e-05,0.0669467,0.0669468
2.825,2.39118e-06,6.14378e-05,0.0655962,0.0655963
2.88,-4.55771e-06,-0.000106121,0.0616655,0.0616656
2.931,-1.78039e-06,-4.14545e-05,0.0595932,0.0595932
2.978,-1.38198e-06,-2.70258e-05,0.0572392,0.0572392
3.026,1.2687e-06,3.50046e-05,0.0554011,0.0554011
3.079,-1.83334e-06,-4.17891e-05,0.051949,0.051949
3.129,-4.67785e-07,-1.08026e-05,0.0497933,0.0497933
3.176,1.08524e-06,2.9556e-05,0.0478133,0.0478133
3.225,1.69091e-06,4.34042e-05,0.0456032,0.0456032
3.28,-1.49089e-06,-3.47137e-05,0.0416528,0.0416528
3.328,2.83516e-07,1.02022e-05,0.0399928,0.0399928
3.377,4.88118e-07,1.47879e-05,0.0375212,0.0375212
3.425,1.54964e-06,3.92501e-05,0.035602,0.035602
3.477,1.95706e-06,4.85582e-05,0.0325107,0.0325107
3.526,2.78208e-06,6.75138e-05,0.0303869,0.030387
3.579,4.25461e-07,1.24643e-05,0.0269323,0.0269323
3.627,4.82433e-07,1.35366e-05,0.0251958,0.0251958
3.677,1.46426e-07,5.53493e-06,0.0225219,0.0225219
3.73,-2.38089e-07,-5.54363e-06,0.0195832,0.0195832
3.777,-6.59987e-09,1.53951e-06,0.0175229,0.0175229
3.827,-2.95983e-08,7.49775e-07,0.0151991,0.0151991
3.878,-7.29834e-08,-4.38508e-07,0.0122293,0.0122293
3.927,-1.62732e-08,6.27687e-07,0.0101991,0.0101991
3.982,2.30098e-09,5.35759e-08,0.00664106,0.00664106
4.026,3.20948e-08,1.32153e-06,0.0053415,0.0053415
timestamp,vx,vy,vz,vmag
0,8.9759e-10,2.08995e-08,2.29857e-05,2.29857e-05
0.034,-1.14617e-10,-2.66813e-09,-0.000181637,0.000181637
0.082,1.21553e-09,2.80324e-08,-0.00119132,0.00119132
0.131,3.29433e-09,7.65485e-08,-0.0020791,0.0020791
0.178,2.40672e-09,5.59456e-08,-0.00351187,0.00351187
0.231,3.07697e-08,7.16387e-07,-0.00612262,0.00612262
0.283,-1.00353e-07,-2.3366e-06,-0.00926538,0.00926538
0.331,1.85888e-08,4.32808e-07,-0.010786,0.010786
0.382,-2.35227e-07,-5.47701e-06,-0.0137952,0.0137952
0.43,-9.60132e-10,-2.23474e-08,-0.0154697,0.0154697
0.48,-2.33118e-07,-5.42788e-06,-0.0181361,0.0181361
0.532,-2.15397e-07,-5.01528e-06,-0.0208237,0.0208237
0.578,2.93429e-09,6.83356e-08,-0.0225155,0.0225155
0.634,-4.66832e-07,-1.08697e-05,-0.026009,0.026009
0.68,-6.04433e-07,-1.40735e-05,-0.0280986,0.0280986
0.732,-9.60773e-07,-2.23705e-05,-0.0308005,0.0308005
0.78,-2.87139e-06,-6.68571e-05,-0.0330809,0.033081
0.831,-4.19635e-06,-9.77074e-05,-0.0355771,0.0355773
0.878,-3.18798e-06,-7.42286e-05,-0.0374806,0.0374807
0.932,-3.20324e-06,-7.45839e-05,-0.0407853,0.0407854
0.982,-4.69877e-06,-0.000109406,-0.0436684,0.0436685
1.031,-2.99479e-06,-6.97303e-05,-0.0455867,0.0455867
1.079,-2.78487e-06,-6.48424e-05,-0.0477845,0.0477846
1.128,-1.76314e-06,-4.10528e-05,-0.0499919,0.0499919
1.182,-6.29688e-06,-0.000146616,-0.0536636,0.0536638
1.23,-3.19813e-06,-7.44649e-05,-0.0553876,0.0553876
1.28,-4.76434e-06,-0.000110932,-0.0580766,0.0580767
1.331,-4.41028e-06,-0.000102688,-0.0605845,0.0605846
1.38,-5.43425e-06,-0.00012653,-0.063076,0.0630762
1.429,-3.18304e-06,-7.41135e-05,-0.0651906,0.0651907
1.48,-6.15864e-06,-0.000143397,-0.068076,0.0680762
1.529,-3.5383e-06,-8.23854e-05,-0.0701915,0.0701915
1.579,-4.88714e-06,-0.000113791,-0.0727859,0.072786
1.632,-7.63769e-06,-0.000177835,-0.0757814,0.0757816
1.681,-1.01066e-05,-0.000235321,-0.0783685,0.0783688
1.73,-5.73571e-06,-0.000133549,-0.0803905,0.0803906
1.781,-1.13122e-05,-0.000263391,-0.0833707,0.0833711
1.832,-9.36987e-06,-0.000218167,-0.0856249,0.0856252
1.879,-5.79071e-06,-0.00013483,-0.086942,0.0869421
1.934,-1.04386e-05,-0.00024305,-0.0887172,0.0887176
1.983,-1.69411e-05,-0.000394454,-0.0892183,0.0892191
2.03,-5.01533e-06,-0.000116776,-0.0894528,0.0894529
2.082,-1.34305e-05,-0.000312714,-0.0896982,0.0896987
2.13,-4.51414e-06,-0.000105107,-0.0898111,0.0898112
2.178,-5.95233e-07,-1.38593e-05,-0.0898852,0.0898852
2.232,-7.96158e-06,-0.000185376,-0.089845,0.0898452
2.28,-6.20133e-06,-0.000144391,-0.0893834,0.0893835
2.333,-8.93679e-06,-0.000208083,-0.0884771,0.0884774
2.382,-1.03094e-05,-0.000240043,-0.0863886,0.0863889
2.431,-3.66567e-06,-8.5351e-05,-0.0848568,0.0848568
2.482,-8.37398e-06,-0.000194979,-0.0820554,0.0820556
2.532,-4.16451e-06,-9.69659e-05,-0.0800967,0.0800967
2.58,-2.0177e-06,-4.69797e-05,-0.0778767,0.0778768
2.632,-3.24472e-06,-7.55497e-05,-0.0752385,0.0752385
2.682,-5.63424e-06,-0.000131187,-0.0723801,0.0723802
2.73,6.57319e-08,1.53056e-06,-0.0706849,0.0706849
2.78,-8.59498e-07,-2.00124e-05,-0.068002,0.068002
2.831,-8.29935e-07,-1.93241e-05,-0.0655032,0.0655032
2.879,1.14479e-06,2.66551e-05,-0.063309,0.063309
2.931,-4.95876e-07,-1.15459e-05,-0.0605084,0.0605084
2.98,-1.5731e-07,-3.66272e-06,-0.0580146,0.0580146
3.034,-1.65783e-06,-3.86008e-05,-0.0551091,0.0551091
3.08,1.08118e-07,2.51746e-06,-0.0530146,0.0530146
3.133,-1.40327e-06,-3.26735e-05,-0.050109,0.050109
3.18,3.27234e-07,7.61931e-06,-0.0480139,0.0480139
3.233,-9.58731e-07,-2.2323e-05,-0.045108,0.045108
3.28,5.01871e-07,1.16856e-05,-0.043013,0.0430131
3.33,8.51384e-07,1.98236e-05,-0.0407077,0.0407077
3.381,2.35527e-08,5.48438e-07,-0.0377145,0.0377145
3.432,3.42767e-07,7.98097e-06,-0.0353059,0.0353059
3.479,2.36521e-06,5.50714e-05,-0.0333068,0.0333069
3.53,3.03211e-06,7.05993e-05,-0.0307018,0.0307018
3.582,8.61348e-07,2.00555e-05,-0.0274129,0.0274129
3.632,1.69539e-07,3.94755e-06,-0.0253055,0.0253055
3.68,2.89936e-07,6.75083e-06,-0.0230117,0.0230117
3.732,-1.60252e-07,-3.73126e-06,-0.0203061,0.0203061
3.78,7.26256e-08,1.69102e-06,-0.0180121,0.0180121
3.832,-1.664e-07,-3.87443e-06,-0.0153061,0.0153061
3.883,-1.78813e-07,-4.16345e-06,-0.0121159,0.0121159
3.934,-1.17459e-07,-2.7349e-06,-0.0101048,0.0101048
3.979,8.5064e-08,1.98063e-06,-0.00831086,0.00831086
4.031,2.66138e-08,6.19675e-07,-0.00537863,0.00537863
timestamp,vx,vy,vz,vmag
0,9.20425e-10,2.14311e-08,-2.09917e-05,2.09917e-05
0.028,1.62187e-10,3.77672e-09,-0.000275094,0.000275094
0.078,2.40735e-09,5.60529e-08,-0.00126034,0.00126034
0.125,4.0336e-09,9.39178e-08,-0.00207602,0.00207602
0.179,4.90211e-10,1.14148e-08,-0.00490791,0.00490791
0.227,2.93305e-08,6.82927e-07,-0.00640744,0.00640744
0.274,5.68599e-08,1.32392e-06,-0.00805146,0.00805146
0.326,4.71635e-08,1.09815e-06,-0.01089,0.01089
0.379,-2.56741e-07,-5.97791e-06,-0.0142678,0.0142678
0.426,2.76426e-08,6.43627e-07,-0.0157701,0.0157701
0.475,2.22688e-08,5.18504e-07,-0.0180399,0.0180399
0.528,-2.23044e-07,-5.19332e-06,-0.0211385,0.0211385
0.577,-4.44461e-07,-1.03488e-05,-0.0236018,0.0236018
0.63,-1.34714e-06,-3.13668e-05,-0.0265399,0.0265399
0.675,-1.68068e-06,-3.91327e-05,-0.0280098,0.0280098
0.725,-2.86225e-06,-6.66444e-05,-0.0305113,0.0305114
0.78,-4.51001e-06,-0.00010501,-0.0344851,0.0344853
0.826,-2.17893e-06,-5.07339e-05,-0.0357139,0.035714
0.875,-1.87084e-06,-4.35604e-05,-0.0380069,0.038007
0.93,-3.88606e-06,-9.04825e-05,-0.0415432,0.0415433
0.977,-3.56319e-06,-8.29648e-05,-0.0436007,0.0436008
1.025,-1.85038e-06,-4.30841e-05,-0.0455073,0.0455073
1.08,-7.1669e-06,-0.000166873,-0.049496,0.0494963
1.126,-2.72982e-06,-6.35609e-05,-0.050717,0.050717
1.177,-4.83466e-06,-0.00011257,-0.0536072,0.0536073
1.226,-3.10358e-06,-7.22633e-05,-0.0557194,0.0557194
1.279,-8.55543e-06,-0.000199204,-0.0592109,0.0592112
1.328,-5.50765e-06,-0.000128239,-0.0611419,0.061142
1.379,-9.927e-06,-0.000231139,-0.0642188,0.0642192
1.427,-5.12461e-06,-0.000119321,-0.0659362,0.0659363
1.478,-9.35978e-06,-0.000217932,-0.0689253,0.0689256
1.527,-5.78351e-06,-0.000134663,-0.070941,0.0709411
1.577,-8.25242e-06,-0.000192148,-0.0736293,0.0736296
1.627,-6.48804e-06,-0.000151067,-0.0759465,0.0759466
1.68,-1.74981e-05,-0.000407423,-0.0795578,0.0795588
1.727,-7.24015e-06,-0.000168579,-0.0809527,0.0809529
1.78,-1.97513e-05,-0.000459886,-0.0845744,0.0845757
1.827,-7.68063e-06,-0.000178835,-0.0857197,0.0857199
1.876,-6.95299e-06,-0.000161893,-0.0873067,0.0873069
1.927,-7.17599e-06,-0.000167085,-0.0886473,0.0886475
1.978,-1.29688e-05,-0.000301963,-0.0893027,0.0893032
2.029,-1.08274e-05,-0.000252103,-0.089628,0.0896283
2.075,-1.29623e-06,-3.01813e-05,-0.0896875,0.0896875
2.127,-5.68332e-06,-0.00013233,-0.0898679,0.089868
2.177,-8.30243e-06,-0.000193313,-0.0899557,0.0899559
2.228,-7.56451e-06,-0.000176131,-0.089833,0.0898332
2.276,-3.72093e-06,-8.66376e-05,-0.0893707,0.0893708
2.325,5.79585e-07,1.3495e-05,-0.0885999,0.0885999
2.38,-1.58027e-05,-0.000367949,-0.0858754,0.0858762
2.429,-6.62304e-06,-0.00015421,-0.08428,0.0842801
2.48,-1.32109e-05,-0.0003076,-0.0814269,0.0814275
2.528,-3.09381e-06,-7.20358e-05,-0.079813,0.079813
2.576,4.93217e-07,1.1484e-05,-0.0776827,0.0776827
2.628,-2.1757e-06,-5.06587e-05,-0.0749423,0.0749423
2.678,-4.16936e-06,-9.70789e-05,-0.0722217,0.0722218
2.726,1.65818e-06,3.86089e-05,-0.0703708,0.0703708
2.776,1.23001e-06,2.86393e-05,-0.0677968,0.0677968
2.829,-2.40216e-06,-5.59316e-05,-0.0648013,0.0648013
2.879,-4.44797e-06,-0.000103566,-0.0619673,0.0619674
2.927,6.08128e-07,1.41596e-05,-0.0601955,0.0601955
2.98,-5.16011e-06,-0.000120147,-0.0566818,0.0566819
3.026,1.79957e-06,4.19009e-05,-0.0553938,0.0553938
3.077,1.49558e-07,3.48229e-06,-0.0525244,0.0525244
3.127,9.11271e-07,2.12179e-05,-0.0501947,0.0501947
3.178,-7.38714e-07,-1.72001e-05,-0.0472372,0.0472372
3.226,1.70272e-06,3.96458e-05,-0.0453942,0.0453942
3.277,6.18596e-07,1.44033e-05,-0.0425204,0.0425204
3.328,4.92537e-07,1.14682e-05,-0.0399914,0.0399914
3.376,1.49826e-06,3.48854e-05,-0.0378072,0.0378072
3.429,1.91426e-07,4.45715e-06,-0.0347875,0.0347875
3.478,3.17857e-07,7.40095e-06,-0.0322282,0.0322282
3.528,1.04044e-06,2.42254e-05,-0.0299865,0.0299865
3.58,1.43824e-06,3.34879e-05,-0.0266309,0.026631
3.626,2.98404e-06,6.948e-05,-0.0253825,0.0253826
3.678,1.09542e-06,2.55056e-05,-0.0222216,0.0222216
3.728,4.11445e-07,9.58003e-06,-0.0199912,0.0199912
3.781,-2.01593e-07,-4.69387e-06,-0.0166439,0.0166439
3.828,8.21621e-08,1.91305e-06,-0.0149937,0.0149937
3.879,-3.91052e-08,-9.10519e-07,-0.0119366,0.0119366
3.928,3.16225e-08,7.36294e-07,-0.00999415,0.00999415
3.979,4.63549e-08,1.07932e-06,-0.00693589,0.00693589
4.028,5.71993e-08,1.33182e-06,-0.00490951,0.00490951
timestamp,vx,vy,vz,vmag
0,1.49873e-09,3.48964e-08,-2.47498e-05,2.47498e-05
0.054,3.36953e-11,7.87725e-10,0.000504305,0.000504305
0.101,3.7177e-09,8.65626e-08,0.00121287,0.00121287
0.151,2.13343e-10,4.9677e-09,0.00255173,0.00255173
0.2,2.22762e-08,5.18677e-07,0.00432086,0.00432086
0.25,4.96405e-08,1.15582e-06,0.0064994,0.0064994
0.303,-3.18199e-08,-7.4089e-07,0.00956691,0.00956691
0.351,2.6671e-08,6.21005e-07,0.0113939,0.0113939
0.4,5.66525e-08,1.31909e-06,0.0136038,0.0136038
0.453,-2.16895e-07,-5.05016e-06,0.0167332,0.0167332
0.504,-5.44288e-07,-1.26731e-05,0.0196131,0.0196131
0.553,-4.22295e-07,-9.83267e-06,0.0216979,0.0216979
0.602,-4.54754e-07,-1.05884e-05,0.0240521,0.0240521
0.655,-2.40722e-06,-5.60493e-05,0.027125,0.027125
0.701,-2.96538e-06,-6.90456e-05,0.0287525,0.0287526
0.75,-3.51772e-06,-8.19061e-05,0.0309744,0.0309745
0.803,-4.13456e-06,-9.62686e-05,0.0342852,0.0342853
0.854,-4.00563e-06,-9.32666e-05,0.0368804,0.0368805
0.901,-2.8046e-06,-6.53019e-05,0.038751,0.038751
0.952,-3.32749e-06,-7.74769e-05,0.0414302,0.0414303
1.004,-5.60974e-06,-0.000130616,0.0445458,0.044546
1.052,-3.75894e-06,-8.75228e-05,0.0464273,0.0464274
1.099,-1.30067e-06,-3.02846e-05,0.0482187,0.0482188
1.154,-6.21382e-06,-0.000144682,0.0518647,0.0518649
1.203,-6.43586e-06,-0.000149852,0.0542691,0.0542693
1.254,-7.18024e-06,-0.000167184,0.0568586,0.0568588
1.3,-2.79583e-06,-6.50977e-05,0.0584809,0.0584809
1.351,-4.1439e-06,-9.64861e-05,0.0611992,0.0611992
1.401,-4.81063e-06,-0.00011201,0.0637393,0.0637394
1.45,-2.98981e-06,-6.96143e-05,0.065981,0.065981
1.502,-7.37692e-06,-0.000171763,0.0689945,0.0689947
1.554,-1.04198e-05,-0.000242614,0.0718407,0.0718412
1.601,-5.80109e-06,-0.000135072,0.0737354,0.0737355
1.653,-9.54286e-06,-0.000222195,0.0766218,0.0766221
1.704,-1.43554e-05,-0.00033425,0.0794958,0.0794965
1.753,-1.0496e-05,-0.000244387,0.0816183,0.0816187
1.804,-1.58462e-05,-0.000368962,0.0844876,0.0844884
1.852,-8.3144e-06,-0.000193591,0.0860165,0.0860167
1.904,-1.60189e-05,-0.000372981,0.0879572,0.087958
1.953,-1.00432e-05,-0.000233844,0.088776,0.0887763
2.003,-1.15481e-05,-0.000268885,0.0892342,0.0892346
2.051,-3.65611e-06,-8.51284e-05,0.0895131,0.0895131
2.103,-1.06857e-05,-0.000248805,0.0896952,0.0896955
2.153,-8.34981e-06,-0.000194416,0.0898128,0.089813
2.2,-2.97979e-08,-6.93813e-07,0.0899048,0.0899048
2.252,-4.95197e-06,-0.000115301,0.08969,0.0896901
2.301,-2.52626e-06,-5.88211e-05,0.0892274,0.0892275
2.349,3.94862e-06,9.19392e-05,0.0884798,0.0884799
2.398,8.52436e-06,0.00019848,0.0870525,0.0870527
2.453,-4.10076e-06,-9.54816e-05,0.0838783,0.0838783
2.499,6.06133e-06,0.000141131,0.0825252,0.0825253
2.553,-2.79044e-06,-6.49723e-05,0.0792325,0.0792326
2.6,3.63831e-06,8.47141e-05,0.0775025,0.0775025
2.652,-1.13752e-07,-2.64859e-06,0.0745907,0.0745907
2.705,-7.11087e-06,-0.000165569,0.0711893,0.0711895
2.756,-4.05723e-06,-9.4468e-05,0.0689388,0.0689389
2.801,1.59535e-06,3.71459e-05,0.0673343,0.0673343
2.851,1.84499e-06,4.29585e-05,0.0648852,0.0648853
2.9,3.20172e-06,7.45484e-05,0.0626212,0.0626213
2.953,-4.92575e-07,-1.14691e-05,0.0594255,0.0594255
3,2.93871e-06,6.84245e-05,0.0576224,0.0576224
3.053,-1.86166e-07,-4.33467e-06,0.0544277,0.0544277
3.103,-6.55761e-07,-1.52687e-05,0.0517928,0.0517929
3.152,8.61423e-07,2.00573e-05,0.0496592,0.0496592
3.202,5.99655e-07,1.39623e-05,0.0470692,0.0470692
3.251,1.55602e-06,3.62301e-05,0.0448888,0.0448888
3.304,-7.52762e-07,-1.75272e-05,0.0415199,0.0415199
3.352,9.42016e-07,2.19338e-05,0.0396584,0.0396584
3.4,1.90799e-06,4.44254e-05,0.0376168,0.0376168
3.452,1.49304e-06,3.47637e-05,0.0346596,0.0346596
3.502,2.66335e-06,6.20131e-05,0.0320739,0.0320739
3.552,2.89256e-06,6.73501e-05,0.0296632,0.0296632
3.603,9.04132e-07,2.10517e-05,0.0267961,0.0267961
3.651,7.91015e-07,1.84179e-05,0.0248844,0.0248845
3.703,-1.07139e-10,-2.49508e-09,0.0217932,0.0217932
3.753,-4.37154e-09,-1.01786e-07,0.0194265,0.0194265
3.802,4.7204e-08,1.09909e-06,0.0170655,0.0170655
3.853,-4.35184e-08,-1.01328e-06,0.0144263,0.0144263
3.901,9.50237e-08,2.21252e-06,0.0123378,0.0123378
3.956,-6.31657e-08,-1.47074e-06,0.00897065,0.00897065
4,1.01664e-07,2.36713e-06,0.00759722,0.00759722
4.053,3.95312e-08,9.2044e-07,0.00445613,0.00445613
timestamp,vx,vy,vz,vmag
0,7.54197e-10,1.75613e-08,1.70062e-05,1.70062e-05
0.029,-0.000176824,-0.000176822,-0.000176342,0.000305989
0.081,-0.000861332,-0.00086122,-0.000862109,0.00149226
0.128,-0.00140173,-0.00140172,-0.00140225,0.00242816
0.178,-0.00268974,-0.00268966,-0.00269001,0.00465887
0.229,-0.00390595,-0.00390548,-0.00390602,0.00676507
0.277,-0.00512824,-0.00512908,-0.00512836,0.00888293
0.33,-0.00673907,-0.00674115,-0.00673921,0.0116737
0.376,-0.00773746,-0.00773888,-0.00773751,0.0134025
0.428,-0.00933729,-0.00934042,-0.00933745,0.0161746
0.475,-0.0104158,-0.0104151,-0.0104156,0.0180402
0.528,-0.0122004,-0.012208,-0.0122009,0.0211364
0.579,-0.0139501,-0.0139801,-0.0139525,0.0241809
0.626,-0.014839,-0.0148535,-0.0148399,0.0257107
0.677,-0.016464,-0.0165551,-0.0164708,0.028573
0.728,-0.0179086,-0.0180308,-0.0179177,0.0310946
0.777,-0.0193395,-0.0194511,-0.0193472,0.0335659
0.829,-0.0209252,-0.0210235,-0.0209312,0.0363038
0.877,-0.0222319,-0.022331,-0.0222374,0.0385673
0.927,-0.023582,-0.0236637,-0.0235858,0.0408947
0.977,-0.0251132,-0.0252239,-0.0251179,0.0435641
1.025,-0.0262434,-0.0262992,-0.0262446,0.0454878
1.079,-0.0283025,-0.0284914,-0.0283094,0.0491347
1.127,-0.0293462,-0.0294483,-0.0293482,0.0508893
1.178,-0.0310237,-0.0312048,-0.0310275,0.0538416
1.227,-0.0322274,-0.032342,-0.0322278,0.055886
1.279,-0.034048,-0.0342985,-0.0340507,0.0591194
1.324,-0.034794,-0.0348319,-0.0347902,0.0602847
1.379,-0.03692,-0.0372035,-0.036919,0.0641108
1.428,-0.0380925,-0.0382675,-0.0380885,0.066077
1.478,-0.0396498,-0.0399079,-0.0396434,0.0688211
1.525,-0.0406698,-0.0407448,-0.0406622,0.0704811
1.578,-0.042525,-0.0428098,-0.0425129,0.0738133
1.626,-0.0436541,-0.0437763,-0.0436428,0.0756752
1.678,-0.0454003,-0.0457121,-0.0453811,0.078805
1.725,-0.0464419,-0.0465222,-0.0464281,0.0804782
1.777,-0.0481444,-0.0483999,-0.0481202,0.0835223
1.828,-0.0494575,-0.0496936,-0.0494325,0.085785
1.879,-0.0505005,-0.0509234,-0.0504593,0.0876906
1.925,-0.0510314,-0.0510811,-0.0510129,0.088407
1.976,-0.0514105,-0.0515299,-0.0513838,0.0890991
2.027,-0.0516189,-0.0517502,-0.0515912,0.0894664
2.078,-0.0516803,-0.0519544,-0.0516352,0.0896455
2.128,-0.0517936,-0.0519632,-0.0517587,0.089787
2.179,-0.0517567,-0.0521034,-0.0516972,0.0898116
2.226,-0.0518378,-0.0518789,-0.051815,0.0897962
2.28,-0.0512475,-0.0516493,-0.0511739,0.0889535
2.325,-0.0511692,-0.0511315,-0.051157,0.0885988
2.379,-0.0495444,-0.049794,-0.0494876,0.0859251
2.427,-0.0488159,-0.0488444,-0.0487952,0.0845561
2.478,-0.0472185,-0.0473431,-0.0471803,0.0818348
2.527,-0.0461751,-0.0461793,-0.0461599,0.0799713
2.577,-0.0446706,-0.0447014,-0.0446501,0.0773777
2.629,-0.0431111,-0.0431789,-0.0430856,0.074695
2.676,-0.0420305,-0.0419934,-0.0420256,0.0727747
2.729,-0.0402572,-0.0403082,-0.0402361,0.0697448
2.779,-0.0385955,-0.0386943,-0.0385632,0.0668878
2.828,-0.0375157,-0.0375251,-0.0375049,0.0649783
2.88,-0.0355367,-0.0356537,-0.0355005,0.0615981
2.93,-0.0343767,-0.0344278,-0.0343575,0.0595606
2.979,-0.0328457,-0.0329056,-0.0328239,0.0569124
3.027,-0.0318786,-0.0318563,-0.0318786,0.0552025
3.077,-0.0303284,-0.0303187,-0.0303255,0.052523
3.128,-0.0288664,-0.0288601,-0.0288637,0.0499929
3.178,-0.0272641,-0.0272731,-0.0272575,0.0472241
3.226,-0.0262301,-0.0261937,-0.0262367,0.0454147
3.279,-0.0242031,-0.0242227,-0.0241944,0.0419273
3.328,-0.0230952,-0.0230831,-0.0230961,0.0399956
3.377,-0.0216711,-0.021654,-0.0216737,0.0375271
3.428,-0.0202125,-0.0201904,-0.0202174,0.0349991
3.477,-0.0187992,-0.018746,-0.018814,0.032539
3.53,-0.0170991,-0.0170495,-0.0171133,0.0295961
3.579,-0.0155564,-0.0155428,-0.0155596,0.0269385
3.629,-0.0143118,-0.0143092,-0.014312,0.0247874
3.681,-0.0124904,-0.0124996,-0.0124869,0.0216373
3.729,-0.0114227,-0.0114256,-0.0114213,0.0197855
3.778,-0.00994626,-0.00994782,-0.00994537,0.0172278
3.826,-0.00889486,-0.00889241,-0.00889534,0.0154052
3.878,-0.00705988,-0.00706048,-0.00705946,0.0122282
3.928,-0.00576911,-0.00576943,-0.00576884,0.00999242
3.978,-0.00417373,-0.00417285,-0.0041739,0.0072287
4.029,-0.00270895,-0.00270853,-0.00270901,0.00469183
timestamp,vx,vy,vz,vmag
0,-1.3282e-05,-1.32598e-05,-1.32889e-05,2.29962e-05
0.028,3.73051e-05,3.73081e-05,3.73041e-05,6.46155e-05
0.075,0.000388162,0.00038817,0.00038816,0.00067232
0.129,0.00115012,0.00115025,0.00115008,0.00199212
0.18,0.00245721,0.00245691,0.00245731,0.0042559
0.224,0.00298496,0.00298582,0.00298468,0.00517044
0.278,0.00488661,0.00488491,0.00488716,0.00846319
0.326,0.00585698,0.00585783,0.0058567,0.0101449
0.375,0.00717066,0.00716988,0.00717091,0.0124196
0.425,0.00854116,0.00854203,0.00854088,0.0147941
0.477,0.010336,0.010328,0.0103386,0.0178994
0.524,0.0112744,0.0112764,0.0112737,0.0195286
0.574,0.0127115,0.0127119,0.0127114,0.0220171
0.629,0.0147769,0.0147603,0.0147822,0.0255879
0.674,0.0156014,0.0155785,0.0156083,0.0270132
0.726,0.017311,0.0172407,0.0173327,0.0299555
0.779,0.0193425,0.0192374,0.0193742,0.03346
0.827,0.0203175,0.0202552,0.020336,0.0351658
0.879,0.0222292,0.0221234,0.0222598,0.0384588
0.93,0.0234597,0.0233797,0.0234825,0.0406004
0.977,0.0247818,0.0246883,0.0248075,0.0428842
1.025,0.0258386,0.025786,0.0258524,0.0447314
1.075,0.0273289,0.0272609,0.0273461,0.0473058
1.124,0.0285984,0.028553,0.028609,0.0495138
1.175,0.0302203,0.0301419,0.0302388,0.0523085
1.23,0.0321441,0.0320085,0.0321772,0.0556162
1.277,0.0334685,0.0333146,0.033504,0.0579009
1.326,0.0346443,0.0345432,0.0346662,0.05996
1.377,0.0363666,0.0361873,0.0364049,0.0629076
1.425,0.0374026,0.0373126,0.0374193,0.064741
1.478,0.0394497,0.0391978,0.0395002,0.068213
1.526,0.0404324,0.0402995,0.040456,0.069968
1.576,0.0419796,0.0417941,0.0420109,0.072622
1.627,0.0434675,0.0432802,0.0434986,0.0751979
1.675,0.0446871,0.0445372,0.0447069,0.0773253
1.728,0.0465088,0.0462537,0.0465476,0.080431
1.775,0.0475827,0.0474143,0.0476009,0.082329
1.828,0.0493716,0.0490846,0.0494091,0.0853704
1.877,0.0503652,0.0500419,0.0504015,0.0870698
1.927,0.0511112,0.05087,0.0511345,0.0884016
1.977,0.0515547,0.0512442,0.0515813,0.0891319
2.025,0.0516442,0.0515351,0.0516437,0.0893872
2.074,0.0517492,0.0517055,0.0517379,0.0896005
2.127,0.051943,0.0517294,0.0519513,0.0898495
2.173,0.0518527,0.0519092,0.0518301,0.0898311
2.225,0.0519417,0.0518553,0.0519331,0.0899108
2.275,0.0517487,0.0516465,0.0517387,0.0895666
2.328,0.0513725,0.0511216,0.0513748,0.0888365
2.378,0.0502756,0.049965,0.0502763,0.0869014
2.427,0.0492773,0.0491357,0.0492695,0.0852646
2.478,0.0477864,0.0475309,0.0477805,0.0826178
2.528,0.0465572,0.0463973,0.0465492,0.0805426
2.577,0.0451591,0.0450194,0.0451478,0.0781308
2.627,0.0438449,0.0437663,0.043834,0.0758899
2.674,0.0427156,0.0427959,0.0427017,0.074024
2.726,0.0410848,0.0410708,0.0410739,0.0711466
2.777,0.0394388,0.0393511,0.0394275,0.0682529
2.826,0.0382055,0.0382018,0.0381962,0.0661664
2.877,0.0365496,0.0364819,0.0365394,0.0632608
2.926,0.0353191,0.0353235,0.0353116,0.0611726
2.981,0.0333598,0.0332421,0.0333493,0.057707
3.024,0.0326501,0.0327215,0.032646,0.0565905
3.077,0.0307634,0.0307291,0.0307563,0.0532598
3.126,0.0295415,0.0295579,0.0295374,0.0511745
3.175,0.0281708,0.0282103,0.0281682,0.0488146
3.226,0.0266527,0.0266733,0.0266502,0.0461743
3.277,0.0249779,0.0249691,0.024974,0.0432557
3.327,0.0236487,0.0236548,0.0236464,0.0409629
3.375,0.0223969,0.0224367,0.022397,0.0388156
3.427,0.0207578,0.0207723,0.0207569,0.0359614
3.476,0.0193358,0.0193957,0.0193387,0.0335269
3.528,0.0177137,0.017797,0.017719,0.0307322
3.575,0.0165996,0.0166882,0.0166055,0.028806
3.625,0.0152187,0.0152615,0.0152215,0.0263859
3.673,0.0140669,0.0141036,0.0140695,0.0243873
3.727,0.0121046,0.0121038,0.0121042,0.0209651
3.777,0.0105405,0.0105385,0.0105401,0.0182553
3.827,0.00921896,0.00921583,0.00921849,0.0159656
3.875,0.00798014,0.00798375,0.00798032,0.0138242
3.926,0.00645468,0.00645497,0.00645461,0.01118
3.98,0.00443734,0.00443651,0.0044372,0.00768513
4.026,0.00350692,0.0035084,0.00350702,0.00607507
4.077,0.00212291,0.00212451,0.00212303,0.00367798
timestamp,vx,vy,vz,vmag
0,1.34512e-05,1.34857e-05,1.34543e-05,2.33199e-05
0.026,-0.000113145,-0.000113132,0.000122621,0.000201585
0.081,-0.000861956,-0.000861872,0.000860621,0.00149213
0.127,-0.00133463,-0.00133459,0.00133372,0.0023111
0.177,-0.0025459,-0.00254579,0.00254531,0.00440922
0.23,-0.00400899,-0.00400883,0.00400867,0.0069435
0.279,-0.00544731,-0.0054493,0.00544935,0.00943734
0.328,-0.00651361,-0.00651381,0.00651387,0.0112822
0.38,-0.00839793,-0.00840638,0.00840684,0.0145557
0.425,-0.00898944,-0.00898718,0.00898728,0.0155676
0.478,-0.0109144,-0.0109246,0.0109252,0.0189164
0.528,-0.0122001,-0.0122059,0.0122064,0.0211382
0.58,-0.0141152,-0.0141438,0.0141451,0.024482
0.629,-0.0151925,-0.0152069,0.0152077,0.0263313
0.678,-0.0166607,-0.0166865,0.0166877,0.0288877
0.728,-0.0179466,-0.0179788,0.0179803,0.0311224
0.776,-0.019175,-0.0192503,0.0192533,0.0333008
0.827,-0.0206604,-0.020776,0.0207803,0.0359209
0.877,-0.0222085,-0.0223195,0.0223235,0.0385969
0.93,-0.0239113,-0.024016,0.0240197,0.0415387
0.978,-0.025264,-0.0253777,0.0253815,0.0438921
1.025,-0.0262388,-0.0262883,0.0262901,0.0455052
1.08,-0.0284519,-0.0286282,0.0286337,0.0494871
1.128,-0.0294515,-0.0295514,0.0295545,0.0511287
1.176,-0.0307171,-0.030803,0.0308056,0.0533043
1.228,-0.0323309,-0.0324443,0.0324475,0.0561316
1.279,-0.0340427,-0.0342449,0.0342502,0.0592005
1.327,-0.0351054,-0.0352099,0.0352126,0.0609266
1.376,-0.0364806,-0.0365865,0.0365892,0.0633102
1.425,-0.0377819,-0.0378428,0.0378443,0.0655114
1.48,-0.039926,-0.0402352,0.0402418,0.0695152
1.526,-0.0407672,-0.0408643,0.0408663,0.0707242
1.579,-0.0426559,-0.0429491,0.0429546,0.0742243
1.626,-0.0436507,-0.0437562,0.043758,0.0757281
1.678,-0.0453932,-0.0456576,0.045662,0.0789315
1.726,-0.0465344,-0.0466485,0.0466501,0.0807327
1.777,-0.0481384,-0.04836,0.048363,0.083636
1.83,-0.0495992,-0.0498954,0.0498989,0.0862527
1.878,-0.0504303,-0.0507227,0.050726,0.0876877
1.928,-0.0511039,-0.0512979,0.0512996,0.0887397
1.977,-0.0513904,-0.0515807,0.0515823,0.0892316
2.029,-0.0515934,-0.051815,0.0518165,0.0896193
2.08,-0.0516096,-0.0520162,0.052019,0.0898622
2.125,-0.0518531,-0.0518615,0.0518613,0.0898218
2.177,-0.0518264,-0.0519869,0.0519876,0.0899517
2.227,-0.0518012,-0.0518977,0.0518979,0.0898339
2.278,-0.0513982,-0.0516158,0.0516165,0.0892761
2.326,-0.0510913,-0.0511151,0.051115,0.0885201
2.376,-0.050057,-0.0500806,0.0500807,0.0867286
2.427,-0.048816,-0.0488519,0.0488519,0.0845933
2.48,-0.0468387,-0.0470934,0.0470936,0.0814215
2.528,-0.0460445,-0.0460976,0.0460977,0.0798128
2.578,-0.044478,-0.0445737,0.0445739,0.0771488
2.629,-0.0431109,-0.0431822,0.0431823,0.0747527
2.68,-0.0412637,-0.0414391,0.041439,0.0716734
2.729,-0.0402574,-0.0403123,0.0403125,0.0697914
2.779,-0.0385954,-0.0386966,0.0386967,0.0669661
2.83,-0.0372541,-0.0373231,0.0373233,0.0646058
2.878,-0.0359097,-0.0359529,0.0359533,0.0622476
2.927,-0.0347646,-0.034749,0.0347497,0.0601964
2.977,-0.0332135,-0.0332129,0.0332135,0.0575271
3.025,-0.0321341,-0.0320772,0.0320782,0.0555928
3.077,-0.0303289,-0.0303232,0.0303238,0.052525
3.125,-0.0292446,-0.0291926,0.0291936,0.0505937
3.176,-0.0276225,-0.0275908,0.0275917,0.0478075
3.227,-0.0261058,-0.0260853,0.026086,0.0451933
3.277,-0.0245575,-0.0245443,0.024545,0.0425201
3.328,-0.0230953,-0.023085,0.0230856,0.0399907
3.377,-0.0216712,-0.0216557,0.0216563,0.0375181
3.425,-0.0205782,-0.0205354,0.0205363,0.0355936
3.478,-0.0186265,-0.0185801,0.018581,0.032209
3.525,-0.0177059,-0.0176256,0.0176268,0.0305755
3.579,-0.0155563,-0.0155431,0.0155436,0.0269293
3.627,-0.0145544,-0.0145399,0.0145404,0.0251925
3.676,-0.0131777,-0.0131666,0.0131671,0.0228119
3.728,-0.0115429,-0.0115429,0.0115432,0.019993
3.777,-0.0101173,-0.0101159,0.0101162,0.0175222
3.828,-0.00865554,-0.00865686,0.00865708,0.0149935
3.88,-0.00671916,-0.00672306,0.00672321,0.0116425
3.93,-0.00553057,-0.0055328,0.00553293,0.00958188
3.975,-0.00468361,-0.00468119,0.00468134,0.00810955
4.025,-0.00320951,-0.00320784,0.00320795,0.00555717
timestamp,vx,vy,vz,vmag
0,-7.07752e-06,-7.06367e-06,7.06403e-06,1.22428e-05
0.051,0.000225523,0.000225526,-0.000225526,0.00039062
0.103,0.000887738,0.000887836,-0.000887835,0.00153772
0.15,0.00147291,0.00147291,-0.00147291,0.00255115
0.201,0.00276345,0.00276382,-0.00276382,0.00478686
0.251,0.00398581,0.00398607,-0.00398606,0.00690392
0.305,0.00582079,0.00581943,-0.00581944,0.0100803
0.352,0.00683128,0.00682992,-0.00682993,0.0118306
0.4,0.00800809,0.00800771,-0.00800771,0.01387
0.452,0.00966346,0.00965946,-0.0096595,0.016733
0.504,0.0114872,0.0114745,-0.0114746,0.0198818
0.551,0.0124002,0.0123955,-0.0123956,0.0214724
0.605,0.014367,0.0143465,-0.0143467,0.0248608
0.652,0.0154143,0.0154016,-0.0154017,0.0266838
0.7,0.0166165,0.0166103,-0.0166103,0.0287735
0.75,0.0180403,0.0180169,-0.0180172,0.0312199
0.805,0.0201817,0.020049,-0.0200503,0.0348034
0.85,0.020956,0.0208598,-0.0208607,0.0361863
0.902,0.022741,0.0226415,-0.0226424,0.0392743
0.948,0.0235567,0.0235176,-0.0235178,0.0407564
1.003,0.0257907,0.0256795,-0.0256804,0.044543
1.05,0.0267162,0.0266556,-0.026656,0.0462041
1.104,0.0288513,0.0287039,-0.0287049,0.0498024
1.153,0.030024,0.029904,-0.0299047,0.051865
1.201,0.0312476,0.0311477,-0.0311482,0.0540074
1.249,0.0323559,0.0323049,-0.032305,0.0559832
1.301,0.0341421,0.0340279,-0.0340284,0.0590044
1.354,0.0359619,0.0357758,-0.0357766,0.0620735
1.403,0.0373832,0.0371843,-0.037185,0.0645205
1.451,0.0384272,0.0383052,-0.0383054,0.0664172
1.501,0.0399344,0.0397874,-0.0397877,0.0689989
1.553,0.0416193,0.0414114,-0.0414117,0.071847
1.6,0.0426529,0.0425345,-0.0425343,0.0737403
1.65,0.0440688,0.0439565,-0.0439561,0.0761996
1.701,0.0457311,0.0455466,-0.0455462,0.0789954
1.753,0.0474263,0.0471634,-0.0471628,0.0818411
1.802,0.0488171,0.0485514,-0.0485505,0.0842467
1.85,0.0496595,0.049534,-0.0495328,0.0858673
1.904,0.0511429,0.0507407,-0.0507389,0.0881173
1.954,0.0515497,0.0512261,-0.051224,0.0889122
2.003,0.0517522,0.0514331,-0.0514307,0.0892679
2.052,0.0518305,0.0516315,-0.0516292,0.0895421
2.102,0.0519514,0.0517148,-0.0517121,0.0897079
2.151,0.0519507,0.0518188,-0.0518164,0.0898276
2.201,0.0520022,0.0518441,-0.0518414,0.0898865
2.251,0.0518676,0.051748,-0.0517454,0.0896978
2.301,0.0515678,0.0514276,-0.0514246,0.0891545
2.353,0.0508068,0.050609,-0.0506051,0.0877695
2.401,0.0497821,0.0496866,-0.0496838,0.0861133
2.45,0.0486695,0.0486671,-0.0486655,0.0842944
2.503,0.0470084,0.0468222,-0.046818,0.0812036
2.551,0.0458971,0.0458685,-0.0458666,0.079462
2.601,0.0444563,0.0444158,-0.0444138,0.0769526
2.65,0.0431806,0.0432086,-0.0432078,0.0748228
2.703,0.0413514,0.0412266,-0.0412231,0.0714767
2.752,0.0400993,0.0400593,-0.0400574,0.0694068
2.801,0.0387259,0.0387109,-0.0387096,0.0670572
2.852,0.0372134,0.0371853,-0.0371837,0.0644221
2.903,0.0355703,0.0354885,-0.0354858,0.0615136
2.95,0.0345524,0.0345889,-0.034589,0.0598887
3.001,0.0329488,0.0329491,-0.0329485,0.057069
3.054,0.0311972,0.0311409,-0.0311388,0.053969
3.101,0.0300584,0.0300645,-0.0300642,0.0520696
3.151,0.0286594,0.0286763,-0.0286763,0.0496591
3.205,0.0267359,0.0266844,-0.0266825,0.0462474
3.251,0.0257707,0.02579,-0.0257902,0.0446586
3.301,0.0242788,0.0242934,-0.0242935,0.042069
3.352,0.0227589,0.0227673,-0.0227673,0.0394292
3.401,0.0213899,0.0214072,-0.0214075,0.0370686
3.45,0.0201123,0.0201559,-0.0201572,0.0348866
3.504,0.0180132,0.0180584,-0.0180598,0.0312528
3.55,0.0172014,0.0172819,-0.0172846,0.0298883
3.603,0.0153061,0.0153159,-0.0153162,0.0265225
3.654,0.0138441,0.0138378,-0.0138375,0.0239713
3.7,0.01289,0.0129009,-0.0129012,0.0223389
3.75,0.0114749,0.0114816,-0.0114819,0.019883
3.802,0.00969749,0.009695,-0.00969493,0.0167936
3.849,0.00872103,0.00872556,-0.00872574,0.0151106
3.903,0.00665371,0.00665095,-0.00665087,0.0115213
3.955,0.00518077,0.00517903,-0.00517899,0.00897133
3.999,0.0043848,0.00438733,-0.00438743,0.00759767
4.054,0.00231766,0.00231805,-0.00231807,0.00401476
timestamp,vx,vy,vz,vmag
0,2.02031e-05,2.02427e-05,-2.02443e-05,3.50395e-05
0.021,-2.37952e-05,3.70484e-05,-3.70489e-05,5.75449e-05
0.073,-0.000561248,0.000558465,-0.000558456,0.000968894
0.125,-0.00115041,0.00114864,-0.00114857,0.00199048
0.171,-0.00206529,0.0020638,-0.00206387,0.00357551
0.222,-0.00330185,0.00330213,-0.00330167,0.00571903
0.273,-0.00488688,0.00488458,-0.00488554,0.00846222
0.323,-0.00609113,0.00609126,-0.00609116,0.0105502
0.374,-0.00781547,0.00780761,-0.00781144,0.0135299
0.422,-0.00878527,0.00878415,-0.00878475,0.0152156
0.474,-0.0106666,0.0106507,-0.0106585,0.0184613
0.523,-0.0117713,0.0117649,-0.0117681,0.0203829
0.571,-0.0130447,0.0130344,-0.0130396,0.0225852
0.621,-0.0144008,0.0143962,-0.0143986,0.024939
0.673,-0.0162652,0.0162329,-0.0162489,0.0281441
0.722,-0.0174145,0.0173969,-0.0174057,0.0301476
0.769,-0.0184937,0.018458,-0.018476,0.0320013
0.819,-0.0199616,0.0198748,-0.0199181,0.0344993
0.873,-0.0220933,0.0219442,-0.0220186,0.0381377
0.923,-0.0233513,0.0232504,-0.023301,0.0403585
0.972,-0.024799,0.024683,-0.0247418,0.0428533
1.021,-0.0259792,0.0258996,-0.0259403,0.0449289
1.073,-0.0278694,0.0277139,-0.0277935,0.0481378
1.123,-0.0291348,0.0290128,-0.0290755,0.0503584
1.172,-0.0305894,0.030438,-0.0305167,0.0528531
1.219,-0.0314937,0.0314357,-0.0314668,0.0544997
1.269,-0.0329406,0.032875,-0.0329106,0.0569996
1.323,-0.0349292,0.0347638,-0.0348509,0.0603586
1.372,-0.0363876,0.0361845,-0.0362927,0.0628533
1.422,-0.0376894,0.0375285,-0.0376147,0.0651441
1.472,-0.0392885,0.0390555,-0.0391814,0.0678535
1.522,-0.0405869,0.0404033,-0.0405031,0.0701443
1.57,-0.0418039,0.0416574,-0.0417393,0.0722847
1.621,-0.0433411,0.0431742,-0.043267,0.0749299
1.671,-0.0448959,0.0446641,-0.0447939,0.0775695
1.719,-0.0459429,0.0458511,-0.0459053,0.0795007
1.77,-0.0475933,0.0474118,-0.0475167,0.0822851
1.82,-0.0489564,0.0488043,-0.048893,0.0846706
1.87,-0.0500905,0.0499116,-0.0500172,0.0866138
1.923,-0.0512249,0.0509062,-0.0510889,0.0884619
1.971,-0.0514944,0.0512524,-0.0513956,0.0889944
2.02,-0.0516444,0.0515338,-0.0516027,0.0893628
2.072,-0.0519104,0.0515964,-0.051783,0.0896569
2.123,-0.0519867,0.0516996,-0.0518699,0.0898107
2.17,-0.0519366,0.0518201,-0.0518955,0.0898659
2.224,-0.0520618,0.0517157,-0.051922,0.0898935
2.271,-0.0517538,0.0515632,-0.0516827,0.0894892
2.32,-0.0513857,0.051326,-0.0513682,0.0889581
2.369,-0.0505961,0.0506331,-0.0506193,0.0876698
2.421,-0.0493441,0.0492682,-0.0493199,0.0854087
2.475,-0.0476648,0.0473454,-0.0475428,0.0823033
2.52,-0.0468175,0.0468337,-0.0468305,0.0811072
2.572,-0.0451528,0.0450192,-0.0451061,0.0781029
2.621,-0.0439353,0.0439156,-0.043933,0.0760855
2.671,-0.0424419,0.0424035,-0.0424326,0.073484
2.723,-0.0408755,0.0407766,-0.0408411,0.0707215
2.77,-0.0397068,0.0397413,-0.0397252,0.0688047
2.82,-0.0383047,0.038349,-0.0383261,0.0663836
2.87,-0.0368262,0.0368651,-0.0368453,0.0638184
2.92,-0.0354221,0.0354681,-0.0354432,0.0613917
2.971,-0.0337964,0.0337953,-0.0337993,0.0585382
3.019,-0.0326473,0.0327239,-0.0326794,0.0566095
3.072,-0.0307591,0.0307301,-0.0307508,0.0532548
3.122,-0.0294266,0.0294216,-0.0294268,0.0509656
3.172,-0.027867,0.0278509,-0.027863,0.0482555
3.223,-0.0264224,0.0264037,-0.026417,0.045751
3.273,-0.0248221,0.0247927,-0.0248127,0.0429707
3.323,-0.0235312,0.0235227,-0.0235293,0.0407512
3.373,-0.0219292,0.0219138,-0.0219247,0.037971
3.423,-0.0206394,0.0206423,-0.0206415,0.0357514
3.473,-0.0190179,0.0190575,-0.0190333,0.0329717
3.519,-0.0182005,0.0183114,-0.0182422,0.0316124
3.57,-0.0166035,0.0166903,-0.0166361,0.0288271
3.625,-0.0147445,0.0147423,-0.014744,0.0255367
3.67,-0.0137472,0.013767,-0.0137549,0.0238267
3.721,-0.0122265,0.0122321,-0.0122289,0.0211816
3.773,-0.0103785,0.0103723,-0.0103765,0.0179714
3.82,-0.00946458,0.00946872,-0.00946638,0.0163966
3.869,-0.00814446,0.00815061,-0.00814694,0.0141116
3.92,-0.00657873,0.006581,-0.00657974,0.0113966
3.97,-0.00509471,0.00509752,-0.00509588,0.00882659
4.022,-0.00337533,0.00337626,-0.00337576,0.00584703
4.072,-0.00212359,0.00212521,-0.00212424,0.00367948
timestamp,vx,vy,vz,vmag
0,-7.94618e-06,7.96604e-06,-7.95365e-06,1.3779e-05
0.027,0.000135589,-0.000135583,0.000135587,0.000234843
0.077,0.000662315,-0.000662248,0.000662291,0.00114711
0.129,0.0014695,-0.00146952,0.00146951,0.00254527
0.178,0.00268987,-0.0026898,0.00268984,0.00465893
0.227,0.00370004,-0.00369909,0.0036997,0.00640792
0.277,0.00512832,-0.00512912,0.00512861,0.00888314
0.325,0.00617542,-0.00617299,0.00617453,0.0106942
0.378,0.00806813,-0.00807412,0.0080703,0.0139791
0.426,0.00910535,-0.00910447,0.00910502,0.0157702
0.48,0.0112486,-0.0112701,0.0112564,0.0195001
0.525,0.0118507,-0.0118477,0.0118496,0.0205236
0.575,0.0132873,-0.013287,0.0132871,0.023014
0.628,0.0150704,-0.0150989,0.0150808,0.0261252
0.68,0.0169534,-0.0170932,0.017005,0.0294749
0.727,0.0177993,-0.0179082,0.0178395,0.0309155
0.778,0.0195086,-0.0196281,0.0195528,0.0338845
0.826,0.0205846,-0.0206527,0.0206099,0.0357075
0.881,0.0227198,-0.0228708,0.0227761,0.0394717
0.926,0.0234714,-0.0235383,0.0234965,0.0407068
0.978,0.0252742,-0.0254085,0.0253248,0.0438831
1.03,0.0267999,-0.0269408,0.026853,0.0465309
1.077,0.0279949,-0.0281204,0.0280427,0.0485887
1.127,0.0293472,-0.0294495,0.0293863,0.0509125
1.181,0.0313343,-0.0315829,0.0314294,0.0544713
1.225,0.0320127,-0.0320781,0.0320384,0.0555002
1.278,0.0338993,-0.0341079,0.0339803,0.0588827
1.327,0.0351071,-0.0352377,0.0351584,0.0609124
1.377,0.0366267,-0.0368116,0.0366997,0.0635883
1.427,0.0379866,-0.0381322,0.0380446,0.0659123
1.48,0.0399286,-0.0403158,0.0400819,0.069471
1.527,0.0408657,-0.0410268,0.0409309,0.0709123
1.581,0.0427988,-0.0432195,0.0429679,0.0744708
1.625,0.0435493,-0.0436348,0.0435858,0.0755
1.684,0.0456851,-0.0461047,0.0458565,0.0794707
1.728,0.0467183,-0.0469625,0.0468199,0.0811183
1.779,0.0483866,-0.0488363,0.0485738,0.0841764
1.827,0.049369,-0.0495683,0.0494545,0.0856741
1.878,0.0504152,-0.0507775,0.0505701,0.0876207
1.927,0.0510677,-0.0512475,0.0511472,0.0886016
1.979,0.0513349,-0.0517614,0.0515199,0.0892682
2.026,0.0516158,-0.0517043,0.0516589,0.0894772
2.075,0.0517621,-0.0517771,0.0517756,0.089671
2.128,0.0517733,-0.0519661,0.0518622,0.0898367
2.176,0.0518497,-0.0519472,0.0518996,0.0898914
2.227,0.0517864,-0.0519016,0.0518433,0.089796
2.278,0.0513728,-0.0516359,0.0514966,0.0892039
2.325,0.0511632,-0.0511307,0.0511558,0.0885942
2.38,0.0493338,-0.0497078,0.0495088,0.0857661
2.426,0.0489293,-0.0489152,0.0489297,0.0847401
2.481,0.0468142,-0.0471038,0.046953,0.0813322
2.526,0.0463022,-0.0462655,0.0462918,0.0801706
2.579,0.0442616,-0.0444429,0.0443518,0.0768202
2.627,0.0433716,-0.0433678,0.0433754,0.0751218
2.679,0.0414355,-0.0415818,0.0415097,0.0718958
2.726,0.0406545,-0.0406045,0.0406359,0.0703761
2.776,0.039162,-0.0391223,0.0391482,0.0677997
2.828,0.0375103,-0.0375249,0.0375211,0.0649844
2.875,0.0364737,-0.0363883,0.0364368,0.0631037
2.927,0.0347632,-0.0347421,0.0347563,0.0601954
2.978,0.0330221,-0.0330566,0.0330421,0.0572275
3.024,0.0322692,-0.0321767,0.0322269,0.0558141
3.081,0.029775,-0.0298542,0.0298164,0.0516414
3.127,0.0289934,-0.0289687,0.0289833,0.050198
3.179,0.0270785,-0.0271163,0.0270992,0.0469351
3.226,0.0262338,-0.0261928,0.026215,0.0454038
3.282,0.0240226,-0.0240595,0.0240425,0.0416412
3.327,0.0232267,-0.0231891,0.0232089,0.0401978
3.382,0.0211798,-0.0211273,0.021154,0.0366393
3.428,0.0202482,-0.0201552,0.0202019,0.0349905
3.48,0.0182663,-0.0182685,0.0182679,0.0316404
3.528,0.0173213,-0.0173106,0.0173161,0.0299922
3.577,0.0158928,-0.0158869,0.0158901,0.0275222
3.629,0.0143064,-0.0143144,0.0143108,0.0247866
3.679,0.0126574,-0.0126701,0.0126642,0.0219345
3.728,0.0115403,-0.0115449,0.0115428,0.0199924
3.778,0.00994428,-0.00994913,0.00994692,0.0172283
3.825,0.00901396,-0.00901108,0.00901259,0.0156102
3.876,0.00740025,-0.00739859,0.00739947,0.0128162
3.926,0.00600737,-0.00600641,0.00600693,0.0104043
3.977,0.00434356,-0.00434231,0.00434296,0.0075222
4.025,0.00320949,-0.00320779,0.00320864,0.00555753
timestamp,vx,vy,vz,vmag
0,6.44795e-06,-6.43565e-06,6.44164e-06,1.11574e-05
0.029,-0.00017664,0.000176641,0.000177005,0.000306161
0.076,-0.000595714,0.000595768,0.000594965,0.00103141
0.128,-0.00140191,0.00140192,0.00140152,0.00242796
0.176,-0.00240152,0.0024017,0.00240134,0.00415956
0.228,-0.0038024,0.00380303,0.00380253,0.00658638
0.277,-0.00512896,0.00512823,0.00512867,0.00888303
0.326,-0.00628684,0.00628824,0.00628736,0.0108902
0.38,-0.00840765,0.00839796,0.00840423,0.0145549
0.427,-0.00922224,0.00922127,0.00922198,0.0159727
0.479,-0.0110964,0.0110807,0.0110909,0.0192073
0.53,-0.0124459,0.0124331,0.0124414,0.021547
0.578,-0.0138037,0.0137839,0.0137966,0.0238932
0.626,-0.0148467,0.0148447,0.0148461,0.0257138
0.679,-0.0168643,0.0168245,0.0168499,0.0291785
0.729,-0.0181066,0.0180594,0.0180895,0.0313244
0.776,-0.0192616,0.019173,0.0192291,0.0332922
0.828,-0.0209172,0.0207698,0.0208629,0.0361134
0.881,-0.0228616,0.0226933,0.0227991,0.0394644
0.927,-0.0236606,0.0235692,0.0236265,0.040909
0.98,-0.0257547,0.0255721,0.025686,0.0444635
1.028,-0.0266736,0.0265655,0.0266327,0.0461141
1.077,-0.0281071,0.0279822,0.0280595,0.0485834
1.126,-0.0293112,0.0292293,0.0292796,0.050703
1.176,-0.0308161,0.0307099,0.0307749,0.05329
1.228,-0.0324615,0.0323215,0.032407,0.0561128
1.28,-0.0344643,0.0341711,0.0343501,0.0594591
1.325,-0.0349622,0.0348893,0.0349329,0.0604974
1.379,-0.0371798,0.0368911,0.0370659,0.0641652
1.427,-0.0381204,0.037972,0.0380608,0.0659065
1.476,-0.0394968,0.039346,0.0394357,0.0682882
1.526,-0.0408789,0.0407523,0.040827,0.0707014
1.577,-0.0425919,0.0423548,0.0424954,0.0735789
1.629,-0.04419,0.0439123,0.0440766,0.0763138
1.679,-0.0459015,0.0454784,0.0457285,0.0791601
1.729,-0.0470921,0.0467813,0.0469637,0.0813126
1.78,-0.0490214,0.0484581,0.0487892,0.0844492
1.825,-0.0493113,0.0492111,0.0492674,0.0853266
1.88,-0.051058,0.0504719,0.0508138,0.0879567
1.93,-0.051483,0.0510965,0.0513203,0.0888545
1.981,-0.0518104,0.0512657,0.0515811,0.0892923
2.027,-0.0517538,0.0515825,0.0516793,0.0894984
2.077,-0.0518992,0.0516618,0.0517968,0.089696
2.127,-0.0519316,0.051778,0.0518642,0.0898206
2.175,-0.0519026,0.0518882,0.0518939,0.0898846
2.228,-0.0519272,0.0517226,0.0518381,0.0897711
2.279,-0.051647,0.051241,0.0514725,0.0891206
2.325,-0.0511399,0.0511634,0.0511478,0.0885951
2.377,-0.0499865,0.0498498,0.0499266,0.0864657
2.427,-0.0488518,0.0487964,0.0488267,0.0845673
2.478,-0.0473517,0.0471744,0.0472748,0.0818689
2.525,-0.0463591,0.0464451,0.0463952,0.0803668
2.579,-0.0444492,0.0442343,0.0443565,0.0768108
2.625,-0.0435614,0.043655,0.0436014,0.0755277
2.675,-0.0421342,0.0422365,0.0421783,0.0730631
2.726,-0.0406086,0.0406591,0.0406304,0.0703779
2.779,-0.0387012,0.0385591,0.0386403,0.0669153
2.826,-0.0377316,0.037784,0.0377545,0.0653965
2.879,-0.0358067,0.0356931,0.0357583,0.0619255
2.925,-0.0349528,0.0350369,0.0349896,0.0606099
2.976,-0.033359,0.0334026,0.0333785,0.0578159
3.026,-0.0319637,0.0320147,0.0319863,0.0554052
3.079,-0.0300141,0.0299478,0.0299862,0.0519316
3.126,-0.0290782,0.0291274,0.0291,0.050406
3.176,-0.0275866,0.0276302,0.0276061,0.0478178
3.226,-0.0261928,0.0262395,0.0262135,0.0454062
3.28,-0.024066,0.0240112,0.024043,0.0416386
3.327,-0.0231953,0.0232244,0.0232083,0.0401997
3.376,-0.0218148,0.0218552,0.0218327,0.037818
3.425,-0.0205326,0.0205919,0.0205586,0.0356128
3.48,-0.0182468,0.0182925,0.0182668,0.0316423
3.529,-0.0171618,0.0172396,0.0171955,0.0297896
3.579,-0.0155423,0.0155607,0.0155505,0.0269354
3.627,-0.0145394,0.0145595,0.0145482,0.0251996
3.678,-0.0128335,0.0128339,0.0128339,0.0222288
3.73,-0.0113091,0.0113001,0.0113054,0.0195806
3.776,-0.0102836,0.0102899,0.0102865,0.017817
3.829,-0.00853917,0.00853478,0.00853745,0.0147867
3.878,-0.00706069,0.00705969,0.0070604,0.0122287
3.929,-0.00565127,0.00564947,0.00565061,0.00978686
3.979,-0.00400356,0.00400401,0.00400383,0.00693479
4.027,-0.00295829,0.00295974,0.00295897,0.00512514
timestamp,vx,vy,vz,vmag
0,-6.43565e-06,6.45105e-06,6.44235e-06,1.11596e-05
0.026,0.000115616,-0.00011561,-0.000115613,0.000200248
0.077,0.000662229,-0.000662163,-0.000662201,0.00114696
0.131,0.00153699,-0.00153702,-0.00153701,0.00266218
0.177,0.00254577,-0.00254564,-0.00254571,0.00440929
0.228,0.00380299,-0.00380232,-0.0038027,0.00658642
0.275,0.00480914,-0.00480822,-0.00480875,0.00832892
0.325,0.00617539,-0.00617305,-0.00617439,0.0106942
0.381,0.00839911,-0.00840873,-0.00840321,0.0145556
0.427,0.0092214,-0.00922241,-0.00922182,0.0159728
0.475,0.0104157,-0.010415,-0.0104154,0.01804
0.525,0.0118507,-0.0118477,-0.0118494,0.0205235
0.578,0.0137857,-0.0138065,-0.0137945,0.0238946
0.628,0.0150706,-0.0150983,-0.0150824,0.0261258
0.676,0.0163067,-0.0163756,-0.0163363,0.0283009
0.729,0.0180295,-0.0181535,-0.0180828,0.0313305
0.777,0.0193446,-0.0194504,-0.0193901,0.0335933
0.829,0.0209291,-0.0210232,-0.0209696,0.0363281
0.879,0.0225574,-0.0226913,-0.022615,0.0391813
0.927,0.0235844,-0.023664,-0.0236186,0.0409151
0.978,0.0252744,-0.0254078,-0.025332,0.0438869
1.028,0.0265775,-0.0266843,-0.0266235,0.0461219
1.078,0.0281505,-0.0283071,-0.0282181,0.0488876
1.129,0.0295657,-0.0297107,-0.0296282,0.0513292
1.181,0.031334,-0.031584,-0.031442,0.0544791
1.229,0.0324416,-0.0326103,-0.0325144,0.0563301
1.279,0.0340478,-0.0343048,-0.0341588,0.0591853
1.33,0.035422,-0.0356462,-0.0355187,0.0615382
1.381,0.0370676,-0.0374051,-0.0372133,0.0644823
1.427,0.0379855,-0.0381366,-0.0380505,0.0659177
1.477,0.0395013,-0.039716,-0.0395938,0.0685958
1.526,0.0407641,-0.0408919,-0.0408188,0.0707109
1.578,0.0425139,-0.0428251,-0.0426477,0.0738934
1.627,0.0437428,-0.0439301,-0.0438228,0.0759192
1.678,0.0453841,-0.045732,-0.0455331,0.0788949
1.732,0.0469213,-0.0472521,-0.0470623,0.0815428
1.777,0.0481256,-0.0484206,-0.048251,0.083599
1.83,0.049584,-0.0499763,-0.0497503,0.086205
1.879,0.050469,-0.0509586,-0.0506764,0.087818
1.925,0.0510194,-0.0510916,-0.0510483,0.0884266
1.978,0.0513504,-0.0517107,-0.0515013,0.089237
2.026,0.0516142,-0.0517167,-0.0516552,0.0894812
2.081,0.0515842,-0.0521085,-0.0518026,0.089776
2.128,0.0517706,-0.0519862,-0.0518583,0.0898446
2.176,0.0518478,-0.0519626,-0.0518928,0.0898953
2.228,0.051745,-0.0519442,-0.0518247,0.0897861
2.276,0.0515399,-0.0516297,-0.0515737,0.0893411
2.328,0.0509142,-0.051076,-0.0509774,0.0883159
2.376,0.0500451,-0.0500803,-0.0500558,0.0867071
2.426,0.0489294,-0.0489208,-0.0489222,0.0847391
2.479,0.0469991,-0.0472567,-0.0471001,0.0816121
2.526,0.0463027,-0.0462681,-0.0462851,0.0801685
2.576,0.0448589,-0.0448347,-0.0448455,0.0776762
2.628,0.0432342,-0.0432828,-0.0432504,0.0749212
2.677,0.0418307,-0.0418632,-0.0418403,0.0724772
2.725,0.0407919,-0.0406981,-0.0407516,0.0705763
2.78,0.0383815,-0.0385766,-0.0384554,0.0666342
2.825,0.0379142,-0.0378249,-0.0378765,0.065596
2.878,0.0358996,-0.0359573,-0.0359195,0.0622247
2.925,0.0350285,-0.0349452,-0.0349939,0.0606031
2.977,0.0332104,-0.0332091,-0.0332077,0.0575198
3.027,0.0318794,-0.0318548,-0.0318681,0.055196
3.08,0.0297714,-0.0298698,-0.0298072,0.0516431
3.129,0.028737,-0.0287538,-0.028742,0.0497866
3.176,0.0276257,-0.0275828,-0.027608,0.0478141
3.227,0.0261077,-0.0260797,-0.026096,0.045197
3.277,0.0245584,-0.0245402,-0.0245505,0.0425213
3.329,0.022971,-0.0229708,-0.0229701,0.0397863
3.376,0.0218505,-0.0218113,-0.0218351,0.0378147
3.425,0.0205847,-0.0205275,-0.0205628,0.0356081
3.477,0.0188077,-0.0187369,-0.0187811,0.0325197
3.53,0.0171072,-0.0170409,-0.0170825,0.029578
3.579,0.0155583,-0.0155406,-0.0155515,0.0269336
3.629,0.014312,-0.0143087,-0.0143106,0.0247864
3.676,0.0131795,-0.0131647,-0.0131739,0.0228158
3.725,0.011905,-0.0118921,-0.0119002,0.0206099
3.779,0.00977418,-0.00978075,-0.00977648,0.0169345
3.825,0.00901506,-0.00900952,-0.009013,0.0156102
3.881,0.00671846,-0.00672324,-0.00672015,0.0116405
3.929,0.00564949,-0.00565121,-0.00565009,0.00978654
3.975,0.00468393,-0.00468073,-0.00468276,0.00811029
4.03,0.00258374,-0.00258365,-0.0025837,0.0044751
timestamp,vx,vy,vz,vmag
0,1.84939e-05,-1.84522e-05,-1.84788e-05,3.19996e-05
0.028,0.000159694,-0.000159687,-0.000159691,0.000276593
0.08,0.000860442,-0.00086035,-0.000860409,0.00149026
0.127,0.00133356,-0.00133351,-0.00133354,0.00230976
0.179,0.00283348,-0.00283346,-0.00283347,0.00490771
0.229,0.00390569,-0.00390528,-0.00390554,0.00676453
0.279,0.00544747,-0.00544976,-0.00544829,0.00943709
0.327,0.00640077,-0.00640019,-0.00640056,0.011086
0.376,0.00773753,-0.00773875,-0.00773796,0.0134028
0.426,0.00910526,-0.00910445,-0.00910497,0.0157701
0.477,0.0107493,-0.0107568,-0.0107519,0.0186242
0.527,0.0120843,-0.0120877,-0.0120855,0.0209333
0.578,0.0137867,-0.0138063,-0.0137936,0.0238946
0.629,0.0151948,-0.0152113,-0.0152007,0.0263311
0.676,0.016334,-0.0163439,-0.0163375,0.028299
0.725,0.017607,-0.0176159,-0.0176101,0.0305032
0.778,0.0195067,-0.0196367,-0.0195519,0.0338879
0.827,0.0206773,-0.0208101,-0.0207233,0.0359175
0.878,0.0223885,-0.0225295,-0.0224369,0.0388875
0.929,0.0238117,-0.0239214,-0.0238489,0.041328
0.979,0.0254398,-0.0255931,-0.0254914,0.0441815
1.026,0.0263578,-0.0264301,-0.0263816,0.0457086
1.076,0.0278444,-0.0279345,-0.0278738,0.048297
1.129,0.0295751,-0.0297092,-0.0296188,0.0513284
1.179,0.0311929,-0.0313952,-0.0312585,0.0541825
1.229,0.0324539,-0.0326075,-0.0325028,0.0563288
1.28,0.0342194,-0.0344933,-0.0343066,0.0594786
1.326,0.0350099,-0.0351028,-0.0350378,0.0607087
1.378,0.0367907,-0.0370089,-0.0368577,0.0638882
1.43,0.0383149,-0.0385446,-0.0383848,0.0665365
1.481,0.0399644,-0.0403087,-0.0400684,0.0694796
1.528,0.0409832,-0.0411681,-0.0410367,0.0711228
1.58,0.0428285,-0.0432287,-0.0429457,0.0744804
1.629,0.0439638,-0.04421,-0.0440331,0.0763299
1.679,0.0455571,-0.0459317,-0.045662,0.0791845
1.727,0.0466421,-0.0468193,-0.046688,0.0809154
1.779,0.0484287,-0.048842,-0.0485397,0.0841842
1.825,0.0492338,-0.0493135,-0.0492492,0.0853303
1.876,0.0503166,-0.0504765,-0.0503523,0.087264
1.926,0.0510588,-0.0511691,-0.0510804,0.0885126
1.98,0.0513688,-0.0518485,-0.0514856,0.0893185
2.028,0.0516138,-0.0518068,-0.0516545,0.0895328
2.077,0.0517147,-0.0519058,-0.0517522,0.0897046
2.126,0.0518315,-0.0518941,-0.0518368,0.089814
2.176,0.0518644,-0.0519529,-0.0518743,0.0898886
2.231,0.0517126,-0.0519665,-0.0517618,0.0897441
2.276,0.0515544,-0.0516212,-0.0515579,0.0893354
2.325,0.0511646,-0.0511337,-0.0511468,0.0885916
2.381,0.0493879,-0.0497122,-0.0494461,0.0857636
2.428,0.0486962,-0.0487805,-0.0487037,0.0843973
2.477,0.0474059,-0.047468,-0.0474076,0.0821463
2.526,0.0463028,-0.0462681,-0.0462863,0.0801693
2.579,0.0442883,-0.0444522,-0.0443097,0.0768166
2.629,0.0431116,-0.0431855,-0.0431171,0.0747174
2.676,0.0420285,-0.0419946,-0.0420139,0.0727675
2.729,0.0402577,-0.0403136,-0.0402603,0.0697622
2.779,0.0385968,-0.0387026,-0.0386072,0.0669187
2.827,0.0376458,-0.0376288,-0.037637,0.0651895
2.879,0.035724,-0.0358078,-0.0357311,0.0619283
2.924,0.0351493,-0.0350549,-0.0351297,0.0608146
2.981,0.0326661,-0.0327583,-0.0326748,0.0566376
3.03,0.0314973,-0.0315386,-0.0314993,0.0545799
3.076,0.0305094,-0.0304726,-0.0305005,0.0528174
3.126,0.0291183,-0.0290782,-0.0291097,0.0504062
3.178,0.0272648,-0.0272753,-0.0272632,0.0472292
3.226,0.0262305,-0.0261931,-0.0262234,0.0454068
3.279,0.0242041,-0.0242255,-0.0242044,0.0419353
3.328,0.0231008,-0.0230764,-0.0230964,0.0399951
3.377,0.0216921,-0.0216227,-0.0216831,0.0375266
3.427,0.0203592,-0.020267,-0.0203482,0.0352036
3.477,0.018797,-0.0187489,-0.018791,0.0325261
3.525,0.0176883,-0.0176527,-0.0176841,0.030614
3.578,0.0157207,-0.0157236,-0.0157205,0.0272306
3.626,0.0146718,-0.014664,-0.0146707,0.0254071
3.676,0.0131764,-0.0131717,-0.0131756,0.022819
3.729,0.0114224,-0.0114297,-0.0114229,0.0197887
3.777,0.0101176,-0.0101188,-0.0101175,0.0175248
3.826,0.00889556,-0.00889475,-0.00889538,0.015407
3.879,0.00689057,-0.00689373,-0.00689077,0.0119368
3.927,0.00588958,-0.00588959,-0.00588952,0.010201
3.978,0.00417503,-0.00417443,-0.00417494,0.00723096
4.03,0.00258507,-0.00258515,-0.00258506,0.00447751
timestamp,vx,vy,vz,vmag
0,1.84978e-05,-1.84664e-05,-1.8495e-05,3.20194e-05
0.027,-0.000133013,0.000133021,0.000133013,0.00023039
0.079,-0.000795701,0.000795763,0.000795706,0.00137823
0.127,-0.00133477,0.00133481,0.00133477,0.00231191
0.179,-0.00283412,0.00283413,0.00283412,0.00490884
0.226,-0.00359633,0.00359719,0.0035964,0.00622957
0.278,-0.00528917,0.00528799,0.00528907,0.00916038
0.327,-0.0064005,0.00640094,0.00640053,0.0110863
0.378,-0.00807248,0.0080682,0.00807212,0.0139793
0.426,-0.00910472,0.00910535,0.00910478,0.0157702
0.48,-0.0112642,0.0112488,0.0112628,0.0195004
0.526,-0.0119677,0.0119674,0.0119676,0.0207284
0.579,-0.0139724,0.0139518,0.0139706,0.024188
0.628,-0.0150868,0.0150776,0.0150859,0.0261253
0.68,-0.0170317,0.0169929,0.0170279,0.0294752
0.725,-0.0176136,0.0176064,0.0176129,0.0305031
0.776,-0.0192502,0.0191805,0.0192426,0.0332978
0.825,-0.020531,0.0204421,0.0205213,0.0355039
0.877,-0.0223193,0.0222159,0.0223075,0.0385918
0.929,-0.0238935,0.0238038,0.0238827,0.0413268
0.976,-0.0250236,0.0249528,0.0250144,0.043296
1.027,-0.0265361,0.0264628,0.0265261,0.0459138
1.077,-0.0280914,0.0279918,0.0280774,0.0485902
1.128,-0.0295514,0.0294538,0.029537,0.0511199
1.176,-0.0308031,0.0307175,0.0307895,0.0532953
1.227,-0.0323177,0.0322244,0.0323025,0.0559133
1.28,-0.0344281,0.0341921,0.0343909,0.0594738
1.325,-0.0349537,0.0348939,0.0349419,0.0605002
1.376,-0.0365867,0.0364765,0.036566,0.0632945
1.428,-0.0382327,0.0380835,0.038205,0.066119
1.479,-0.0400462,0.0397763,0.0399965,0.0691778
1.529,-0.0412599,0.0410575,0.0412204,0.0713247
1.576,-0.0423725,0.0422329,0.042342,0.0732932
1.629,-0.0441582,0.0439281,0.0441101,0.0763238
1.678,-0.0456577,0.0453715,0.0455961,0.0788809
1.729,-0.0470575,0.0467976,0.0469995,0.0813227
1.776,-0.0481605,0.047987,0.048117,0.0832913
1.829,-0.0497767,0.0494957,0.0497098,0.0860151
1.876,-0.0504501,0.0502825,0.0504044,0.0872591
1.925,-0.0510808,0.0510115,0.0510562,0.0884203
1.977,-0.0515805,0.0513546,0.0515183,0.0891739
2.03,-0.0518528,0.0515369,0.051769,0.0895813
2.075,-0.0517868,0.0517537,0.0517678,0.0896673
2.131,-0.0519983,0.0517088,0.0519168,0.0898498
2.181,-0.0520991,0.0516468,0.0519731,0.0899051
2.229,-0.0519241,0.0516834,0.0518516,0.0897545
2.276,-0.0516183,0.0515272,0.0515829,0.0893325
2.329,-0.0510182,0.0508095,0.050952,0.0882075
2.377,-0.0499779,0.0498498,0.049932,0.0864638
2.428,-0.0487733,0.0486646,0.0487337,0.0843923
2.475,-0.0477156,0.0477833,0.0477256,0.0826907
2.526,-0.0462785,0.0462989,0.0462762,0.0801672
2.578,-0.0445706,0.0444423,0.0445245,0.0770979
2.629,-0.0431795,0.0430827,0.0431438,0.0747127
2.68,-0.0414346,0.041209,0.0413592,0.0715933
2.727,-0.0405133,0.0405146,0.040508,0.0701688
2.781,-0.038542,0.0383645,0.0384812,0.0666193
2.826,-0.0377377,0.0377802,0.0377464,0.0653932
2.879,-0.0358004,0.0356927,0.0357617,0.0619237
2.928,-0.034641,0.0346265,0.0346327,0.0599868
2.976,-0.0333636,0.0333998,0.0333719,0.0578131
3.029,-0.0316432,0.0316126,0.0316305,0.0547826
3.075,-0.0306323,0.0307035,0.0306532,0.0531099
3.127,-0.0289721,0.0289942,0.0289773,0.050197
3.18,-0.0269587,0.026885,0.026932,0.0466359
3.226,-0.0261961,0.0262375,0.0262084,0.045404
3.276,-0.0247034,0.024741,0.0247148,0.0428159
3.329,-0.0229709,0.0229692,0.0229693,0.0397849
3.376,-0.0218171,0.0218536,0.0218286,0.037816
3.426,-0.0204208,0.020466,0.0204356,0.0354045
3.478,-0.0185808,0.0186405,0.018601,0.0322291
3.526,-0.017512,0.0176082,0.0175452,0.0304064
3.576,-0.0160323,0.0160947,0.0160538,0.0278172
3.626,-0.0146552,0.0146817,0.0146643,0.0254041
3.68,-0.0124994,0.0124853,0.0124942,0.0216385
3.729,-0.0114249,0.0114205,0.0114232,0.019785
3.775,-0.010451,0.0104609,0.0104545,0.0181094
3.829,-0.00853808,0.00853384,0.00853652,0.014785
3.88,-0.00672204,0.00671686,0.00672015,0.0116388
3.926,-0.00600551,0.00600728,0.00600611,0.0104032
3.978,-0.00417209,0.00417319,0.00417247,0.00722713
4.026,-0.00308228,0.00308405,0.0030829,0.00534005
timestamp,vx,vy,vz,vmag
0,-2.24496e-05,2.25002e-05,2.24676e-05,3.89235e-05
0.017,1.00568e-05,-1.00305e-05,3.34034e-05,3.62979e-05
0.071,0.000561427,-0.000561412,0.000558306,0.000970613
0.121,0.00109752,-0.00109738,0.00109516,0.00189952
0.167,0.00180397,-0.00180396,0.0018023,0.0031236
0.22,0.00330287,-0.0033019,0.00330161,0.00571945
0.268,0.00442852,-0.00442853,0.00442809,0.00767018
0.319,0.00585782,-0.00585682,0.00585716,0.0101451
0.368,0.00716986,-0.00717077,0.00717036,0.0124194
0.417,0.00842089,-0.00841871,0.00841988,0.0145836
0.471,0.0104895,-0.0105022,0.0104964,0.0181796
0.521,0.0117648,-0.0117715,0.0117686,0.0203833
0.569,0.0130344,-0.013045,0.0130403,0.0225858
0.62,0.014518,-0.0145267,0.014523,0.0251538
0.673,0.0163948,-0.0164332,0.0164155,0.0284308
0.722,0.0176393,-0.0176689,0.0176554,0.0305785
0.771,0.0190831,-0.0191869,0.0191391,0.0331452
0.823,0.0204699,-0.0206116,0.020546,0.0355808
0.869,0.0216322,-0.0217523,0.0216972,0.037575
0.919,0.0230133,-0.0230954,0.0230581,0.0399335
0.971,0.0248436,-0.0249722,0.0249141,0.0431454
1.019,0.0259032,-0.0259785,0.0259451,0.0449334
1.071,0.0277218,-0.0278676,0.0278027,0.0481465
1.118,0.0286705,-0.0287362,0.0287079,0.0497183
1.171,0.0305977,-0.0307655,0.0306918,0.0531481
1.218,0.0315543,-0.031626,0.0315958,0.054719
1.272,0.0336201,-0.0338467,0.0337483,0.0584368
1.318,0.0344374,-0.0345166,0.0344839,0.0597199
1.373,0.0364949,-0.036746,0.0366388,0.0634393
1.418,0.0373202,-0.0374075,0.0373723,0.064721
1.469,0.0389339,-0.0390917,0.0390272,0.0675805
1.519,0.0403116,-0.0404388,0.0403876,0.0699392
1.57,0.0419514,-0.0421785,0.0420864,0.0728711
1.623,0.0435174,-0.0437541,0.0436578,0.0755923
1.67,0.0448264,-0.045078,0.0449783,0.0778748
1.719,0.0460728,-0.0462261,0.0461675,0.0799436
1.77,0.0477012,-0.047978,0.0478711,0.0828791
1.822,0.0492164,-0.0495183,0.0494009,0.0855264
1.869,0.050012,-0.0502208,0.0501445,0.0868205
1.923,0.0510048,-0.0512921,0.0511839,0.0886124
1.971,0.0512884,-0.051619,0.0514976,0.0891461
2.02,0.0515433,-0.0517236,0.0516607,0.0894476
2.068,0.0516965,-0.0517862,0.0517607,0.0896298
2.121,0.051748,-0.0519645,0.0518897,0.0898371
2.172,0.0517221,-0.052095,0.0519649,0.0899412
2.218,0.0518766,-0.0519274,0.051917,0.0899055
2.268,0.0516721,-0.0517322,0.0517197,0.0895609
2.318,0.0513451,-0.0513776,0.0513744,0.088968
2.37,0.0501785,-0.0503366,0.0502894,0.0870671
2.419,0.0492901,-0.049335,0.0493271,0.0854203
2.469,0.0479401,-0.0479962,0.0479852,0.0830931
2.522,0.0462972,-0.046446,0.0464015,0.0803353
2.568,0.0454222,-0.0454013,0.0454162,0.078658
2.621,0.0436486,-0.0437301,0.043709,0.0756835
2.672,0.0418641,-0.0420243,0.0419779,0.072669
2.72,0.0409408,-0.0409708,0.0409666,0.0709438
2.771,0.0391916,-0.039282,0.0392585,0.0679727
2.822,0.0377958,-0.0378743,0.0378537,0.065543
2.872,0.0361397,-0.0362464,0.0362173,0.0627022
2.919,0.0353267,-0.0353143,0.0353224,0.061178
2.968,0.0339775,-0.0339441,0.0339586,0.0588206
3.017,0.0327098,-0.032653,0.0326742,0.0566018
3.067,0.0312669,-0.0312096,0.0312305,0.0541018
3.121,0.0292927,-0.029311,0.0293082,0.0507559
3.17,0.0278567,-0.0278651,0.0278653,0.0482591
3.219,0.0266707,-0.0266527,0.0266604,0.0461787
3.272,0.0246292,-0.0246634,0.0246555,0.042694
3.321,0.0235268,-0.0235284,0.0235297,0.0407522
3.371,0.0219361,-0.0219055,0.0219158,0.0379651
3.419,0.0209257,-0.0208437,0.0208686,0.0361641
3.47,0.019221,-0.0191744,0.0191889,0.0332463
3.517,0.0182707,-0.0182251,0.0182391,0.0316013
3.571,0.0161452,-0.0161531,0.0161516,0.0279725
3.619,0.0151166,-0.0151135,0.0151151,0.0261801
3.669,0.0135913,-0.0135907,0.0135915,0.0235406
3.717,0.0124793,-0.0124735,0.0124757,0.0216094
3.769,0.0107039,-0.0107048,0.010705,0.0185408
3.818,0.00946622,-0.00946546,0.00946606,0.0163954
3.869,0.00781748,-0.00781762,0.00781789,0.0135406
3.916,0.00682866,-0.00682581,0.00682686,0.0118249
3.97,0.00476639,-0.0047661,0.00476637,0.00825545
4.018,0.00364114,-0.00363999,0.00364045,0.00630557
4.07,0.00212427,-0.00212335,0.00212369,0.00367848
timestamp,vx,vy,vz,vmag
0,9.68244e-06,-9.66744e-06,9.67192e-06,1.67557e-05
0.025,-2.19679e-05,2.19742e-05,-2.19724e-05,3.80557e-05
0.077,-0.000503033,0.000503044,-0.000503041,0.00087129
0.128,-0.00109675,0.00109687,-0.00109683,0.00189974
0.178,-0.0023264,0.00232614,-0.00232621,0.00402919
0.226,-0.00319618,0.00319698,-0.00319676,0.00553674
0.28,-0.00503925,0.00503723,-0.00503778,0.00872623
0.325,-0.0057398,0.00574095,-0.00574064,0.00994277
0.375,-0.00717066,0.0071699,-0.00717011,0.0124192
0.426,-0.00866319,0.00866308,-0.0086631,0.015005
0.479,-0.0106647,0.0106516,-0.0106552,0.0184587
0.528,-0.0117706,0.0117652,-0.0117666,0.0203819
0.578,-0.0133756,0.013358,-0.0133629,0.0231498
0.625,-0.0142753,0.0142742,-0.0142744,0.0247244
0.679,-0.0164285,0.0163954,-0.0164047,0.0284222
0.728,-0.0175371,0.017521,-0.0175255,0.0303592
0.775,-0.0186451,0.0186357,-0.0186384,0.032285
0.828,-0.020428,0.0204004,-0.0204082,0.035355
0.874,-0.0213795,0.0213415,-0.0213527,0.036993
0.926,-0.0231069,0.022989,-0.0230234,0.0399061
0.979,-0.0251468,0.0249804,-0.0250295,0.0433919
1.027,-0.0261073,0.0260132,-0.0260412,0.0451267
1.075,-0.0273347,0.027259,-0.0272821,0.0472711
1.124,-0.028602,0.028552,-0.0285676,0.0494913
1.176,-0.0303982,0.0302966,-0.0303284,0.0525523
1.227,-0.0318843,0.0317842,-0.0318157,0.0551278
1.275,-0.0331128,0.0330287,-0.033056,0.0572717
1.329,-0.0350446,0.0348904,-0.0349397,0.0605495
1.377,-0.0363658,0.0362021,-0.0362558,0.0628295
1.429,-0.0379429,0.037765,-0.0378233,0.0655474
1.475,-0.0388969,0.0387917,-0.0388281,0.067271
1.526,-0.0404306,0.0403116,-0.0403526,0.0699141
1.575,-0.0417898,0.0416724,-0.0417143,0.0722707
1.625,-0.0431852,0.0430845,-0.0431209,0.0747037
1.679,-0.045444,0.0450956,-0.0452177,0.0783799
1.728,-0.0465034,0.0462784,-0.0463585,0.0803329
1.779,-0.0483531,0.0479599,-0.0481015,0.0833782
1.829,-0.049504,0.0492109,-0.0493174,0.0854667
1.876,-0.0502154,0.0500048,-0.0500855,0.0867791
1.925,-0.0509155,0.0508037,-0.050849,0.0880853
1.975,-0.0514067,0.0512854,-0.0513361,0.0889282
2.028,-0.0517644,0.0515264,-0.0516194,0.0894376
2.078,-0.0519322,0.0516095,-0.0517376,0.0896508
2.128,-0.0519633,0.0517351,-0.0518271,0.0897928
2.175,-0.0519303,0.0518376,-0.0518806,0.0898637
2.224,-0.0519081,0.0518948,-0.0519069,0.0898991
2.275,-0.0517387,0.0516613,-0.0516994,0.0895467
2.324,-0.0513934,0.0513974,-0.0514029,0.0890238
2.375,-0.0505158,0.0504747,-0.0504988,0.0874624
2.425,-0.0494167,0.0494055,-0.0494167,0.0855858
2.479,-0.0476487,0.0473814,-0.0474982,0.082289
2.528,-0.0465432,0.0464183,-0.0464755,0.080504
2.58,-0.0448779,0.0446669,-0.0447615,0.077542
2.625,-0.044037,0.0440617,-0.0440569,0.0763001
2.679,-0.0420297,0.0418427,-0.0419279,0.072631
2.725,-0.0411849,0.041216,-0.0412075,0.0713653
2.777,-0.0394283,0.0393637,-0.0393965,0.0682362
2.824,-0.0384176,0.038484,-0.0384593,0.0666037
2.877,-0.0365408,0.0364917,-0.0365173,0.0632486
2.926,-0.0353165,0.0353241,-0.035324,0.0611787
2.979,-0.0333541,0.0332508,-0.0333,0.0576802
3.027,-0.0323168,0.0323047,-0.0323127,0.055965
3.076,-0.0309087,0.0309133,-0.0309138,0.053541
3.126,-0.0295411,0.0295565,-0.0295516,0.0511817
3.177,-0.0278666,0.027853,-0.0278612,0.0482555
3.229,-0.0263057,0.0262733,-0.0262896,0.0455348
3.278,-0.0248206,0.0247965,-0.0248091,0.04297
3.326,-0.0237644,0.0237868,-0.0237776,0.0411817
3.378,-0.021905,0.0219399,-0.0219244,0.037972
3.427,-0.0207208,0.02081,-0.020769,0.0359688
3.475,-0.0194862,0.0195733,-0.0195333,0.0338286
3.528,-0.0177515,0.0177561,-0.0177542,0.0307508
3.577,-0.0163135,0.0163129,-0.0163135,0.0282554
3.625,-0.0152346,0.0152442,-0.0152399,0.0263957
3.677,-0.0134292,0.0134235,-0.0134264,0.0232552
3.726,-0.0122292,0.0122276,-0.0122286,0.0211803
3.777,-0.010542,0.0105372,-0.0105397,0.0182552
3.826,-0.00934257,0.00934082,-0.00934177,0.0161803
3.875,-0.0079813,0.0079828,-0.00798217,0.0138254
3.928,-0.00620825,0.00620516,-0.0062067,0.0107503
3.978,-0.00460183,0.00460145,-0.00460167,0.0079703
4.029,-0.00310982,0.00310923,-0.00310954,0.00538587
timestamp,vx,vy,vz,vmag
0,-1.18711e-05,1.44986e-05,-1.44868e-05,2.36855e-05
0.047,0.000158351,0.000165631,-0.000165628,0.000282739
0.097,0.000637838,0.00063432,-0.000634324,0.00110071
0.15,0.00164755,0.0016457,-0.0016457,0.0028515
0.2,0.00289818,0.00289761,-0.00289762,0.00501914
0.252,0.00433723,0.00433602,-0.00433599,0.00751089
0.298,0.0052265,0.00522674,-0.00522676,0.00905285
0.352,0.00708567,0.00708204,-0.0070819,0.0122685
0.402,0.00862867,0.00862196,-0.00862169,0.0149374
0.447,0.00927143,0.00927348,-0.00927354,0.016061
0.497,0.0107008,0.0107022,-0.0107022,0.018536
0.547,0.0121351,0.0121374,-0.0121375,0.0210213
0.599,0.0138946,0.0138854,-0.013885,0.0240553
0.646,0.0148788,0.0148868,-0.0148871,0.0257803
0.697,0.0164563,0.0164574,-0.0164574,0.0285044
0.75,0.0183266,0.0182771,-0.0182751,0.0316843
0.798,0.0195569,0.0194704,-0.0194669,0.0337717
0.853,0.0215434,0.0213925,-0.0213861,0.0371365
0.898,0.022449,0.0223544,-0.0223502,0.0387712
0.95,0.0241317,0.0240347,-0.0240302,0.0416828
0.997,0.0251531,0.0250972,-0.0250944,0.0435003
1.048,0.0267385,0.0266674,-0.0266638,0.0462283
1.102,0.0289064,0.0287325,-0.0287238,0.0498617
1.148,0.0296304,0.0295528,-0.0295485,0.0512294
1.199,0.0312852,0.0311664,-0.0311599,0.0540468
1.248,0.0325247,0.0324374,-0.0324322,0.0562307
1.298,0.0340043,0.0339024,-0.0338963,0.0587761
1.348,0.0354203,0.0353218,-0.0353155,0.0612324
1.4,0.0372737,0.0370755,-0.0370635,0.0643243
1.448,0.038317,0.038206,-0.0381985,0.0662346
1.501,0.0403742,0.0400984,-0.0400809,0.069602
1.547,0.0410526,0.0409715,-0.0409649,0.0710078
1.598,0.0426997,0.0425541,-0.0425433,0.0737838
1.652,0.0447815,0.0444444,-0.0444208,0.0771614
1.697,0.0453965,0.0452995,-0.0452907,0.078512
1.751,0.0475315,0.0472067,-0.047182,0.0819381
1.8,0.0489241,0.0485947,-0.0485687,0.0843441
1.85,0.0500019,0.0497186,-0.0496948,0.0862653
1.9,0.0509968,0.0506604,-0.0506317,0.0879245
1.949,0.0514009,0.0511964,-0.0511766,0.0887816
2,0.0517971,0.051483,-0.0514538,0.0893361
2.05,0.0519139,0.0516621,-0.0516369,0.0896125
2.097,0.0518241,0.0517908,-0.0517832,0.0897191
2.151,0.0521265,0.0518139,-0.0517817,0.0899067
2.201,0.052214,0.0518304,-0.0517909,0.0899721
2.249,0.05192,0.0517659,-0.0517462,0.0897388
2.3,0.0516621,0.0513909,-0.0513597,0.0891505
2.352,0.0508705,0.0505483,-0.0505112,0.0877173
2.403,0.0496287,0.0492661,-0.0492242,0.0855171
2.452,0.048424,0.0481601,-0.0481275,0.0835496
2.497,0.0474282,0.0475027,-0.0475057,0.0822358
2.552,0.0456774,0.0454615,-0.0454331,0.0788501
2.599,0.0444766,0.0444224,-0.044412,0.0769671
2.649,0.043084,0.043065,-0.0430586,0.0745981
2.7,0.041513,0.0414149,-0.0413996,0.0717806
2.752,0.0399331,0.0397867,-0.0397655,0.0689849
2.798,0.0388464,0.0388813,-0.0388823,0.0673249
2.848,0.0374238,0.0374684,-0.0374709,0.0648729
2.899,0.0358433,0.035834,-0.0358301,0.0620694
2.948,0.0345379,0.0345842,-0.0345877,0.0598769
2.997,0.0331967,0.033279,-0.0332876,0.0575984
3.048,0.0316508,0.0316978,-0.031702,0.0548775
3.101,0.0298001,0.0297383,-0.029728,0.051538
3.147,0.0288748,0.0289462,-0.0289545,0.0500999
3.196,0.0275646,0.0276644,-0.0276771,0.0478659
3.25,0.0256484,0.0256532,-0.0256526,0.0444295
3.3,0.0241355,0.0241311,-0.0241294,0.0417979
3.349,0.0228737,0.0229012,-0.0229042,0.0396519
3.398,0.0215248,0.0215655,-0.0215708,0.0373321
3.45,0.0198647,0.0198806,-0.0198823,0.034426
3.499,0.018494,0.0185186,-0.0185218,0.0320628
3.548,0.017213,0.0172616,-0.0172685,0.0298739
3.598,0.0157223,0.0157961,-0.0158072,0.0273235
3.649,0.0141752,0.0142463,-0.0142571,0.0246405
3.7,0.0125628,0.0125873,-0.0125909,0.0217898
3.747,0.0115895,0.0116156,-0.0116195,0.020106
3.801,0.00954083,0.00953935,-0.00953907,0.0165233
3.85,0.00832823,0.00833063,-0.008331,0.0144279
3.901,0.0066538,0.00665257,-0.00665238,0.0115232
3.949,0.00557277,0.00557537,-0.0055758,0.00965558
4.001,0.00375177,0.00375289,-0.00375309,0.00649966
4.05,0.00257217,0.00257394,-0.00257424,0.00445735
timestamp,vx,vy,vz,vmag
0.001,6.25193e-06,6.27179e-06,-6.27503e-06,1.08535e-05
0.052,-0.000225588,-0.000225584,0.000225584,0.000390725
0.103,-0.000825111,-0.00082498,0.000824958,0.00142897
0.155,-0.00182093,-0.00182119,0.00182123,0.00315427
0.2,-0.00249483,-0.00249422,0.00249412,0.00432041
0.255,-0.00433577,-0.0043368,0.00433696,0.00751105
0.304,-0.00567052,-0.00567213,0.00567239,0.00982364
0.355,-0.00707933,-0.00708405,0.0070848,0.0122676
0.401,-0.00800745,-0.00800803,0.00800811,0.01387
0.452,-0.00952947,-0.00953268,0.00953317,0.0165095
0.504,-0.0113134,-0.0113284,0.0113307,0.019614
0.55,-0.0121387,-0.0121363,0.0121359,0.0210218
0.603,-0.014029,-0.0140482,0.0140512,0.0243229
0.652,-0.0152483,-0.0152833,0.0152887,0.0264544
0.702,-0.0166886,-0.0167859,0.0168009,0.0290266
0.751,-0.0179409,-0.0180472,0.0180633,0.0312067
0.801,-0.0194214,-0.0195138,0.0195275,0.0337536
0.851,-0.0208563,-0.0209283,0.0209387,0.0362134
0.899,-0.0220381,-0.022078,0.0220835,0.0382203
0.955,-0.0242112,-0.0243526,0.0243726,0.04211
1.003,-0.0254788,-0.0256084,0.0256263,0.0442907
1.052,-0.0267371,-0.0268392,0.0268528,0.0464358
1.102,-0.0282158,-0.0283376,0.0283536,0.0490212
1.154,-0.0298328,-0.0300012,0.0300232,0.0518793
1.202,-0.0310891,-0.0312284,0.031246,0.054019
1.257,-0.0328205,-0.0330278,0.0330538,0.0571014
1.305,-0.0343315,-0.0346136,0.0346488,0.0598105
1.352,-0.0353628,-0.0355109,0.035528,0.0614312
1.403,-0.036952,-0.037178,0.0372044,0.0642792
1.454,-0.0384319,-0.0386816,0.03871,0.0668711
1.504,-0.0399308,-0.0402401,0.040275,0.06954
1.551,-0.04102,-0.0411534,0.0411663,0.0712103
1.6,-0.0423671,-0.0424576,0.0424649,0.0734907
1.651,-0.0438998,-0.0440442,0.0440571,0.076211
1.702,-0.0454518,-0.0456911,0.0457138,0.0790145
1.752,-0.0468628,-0.0470801,0.0470994,0.081431
1.801,-0.04823,-0.0484099,0.0484245,0.0837531
1.853,-0.0495716,-0.0498582,0.0498827,0.086206
1.901,-0.0504338,-0.0505977,0.0506092,0.0875499
1.951,-0.0511083,-0.0512343,0.0512413,0.0886718
2.002,-0.0513761,-0.0515912,0.0516062,0.0892432
2.052,-0.0515848,-0.0517502,0.0517601,0.0895443
2.105,-0.0514938,-0.0519538,0.0519893,0.0897424
2.151,-0.0518173,-0.0518928,0.0518941,0.0898382
2.203,-0.0517194,-0.0519853,0.0520025,0.0898979
2.254,-0.0515667,-0.0518346,0.0518512,0.0896353
2.305,-0.0510726,-0.0514852,0.0515126,0.0889533
2.355,-0.0504096,-0.0506952,0.0507121,0.0876519
2.405,-0.0490977,-0.0494355,0.049456,0.0854421
2.456,-0.0480639,-0.048273,0.0482838,0.083497
2.502,-0.0471533,-0.0472086,0.0472089,0.0817359
2.555,-0.0453763,-0.0455554,0.0455641,0.078806
2.606,-0.0438217,-0.0440319,0.0440426,0.0761506
2.654,-0.0427405,-0.0428366,0.0428401,0.0741418
2.702,-0.0415781,-0.0415933,0.0415921,0.0720322
2.752,-0.0402119,-0.0402035,0.0402011,0.069638
2.802,-0.0387131,-0.0387182,0.0387168,0.0670581
2.854,-0.0370254,-0.0370821,0.0370837,0.0641963
2.901,-0.0360219,-0.0359782,0.0359745,0.0623392
2.952,-0.0344558,-0.0344376,0.0344354,0.0596569
3.002,-0.0329545,-0.0329464,0.032945,0.0570687
3.055,-0.031125,-0.0311795,0.0311813,0.053974
3.102,-0.0300708,-0.0300582,0.0300568,0.0520688
3.156,-0.0282525,-0.0282861,0.0282871,0.0489741
3.201,-0.0273593,-0.0273195,0.0273171,0.0473403
3.252,-0.0257992,-0.025775,0.0257734,0.0446567
3.304,-0.0239608,-0.0239799,0.0239804,0.0415236
3.355,-0.0224912,-0.0225061,0.0225064,0.0389733
3.401,-0.0215817,-0.0215465,0.0215447,0.0373389
3.452,-0.0200346,-0.0199957,0.0199938,0.034655
3.504,-0.0182359,-0.0181811,0.0181786,0.0315208
3.555,-0.0167595,-0.0167106,0.0167085,0.0289707
3.6,-0.015982,-0.0159204,0.0159179,0.0276091
3.655,-0.0138361,-0.0138422,0.0138423,0.0239719
3.7,-0.0130656,-0.0130484,0.0130477,0.02261
3.752,-0.0113502,-0.0113466,0.0113464,0.0196548
3.803,-0.00969452,-0.00969665,0.00969676,0.0167939
3.855,-0.0080631,-0.00806822,0.00806844,0.0139717
3.901,-0.0071251,-0.0071226,0.00712253,0.0123381
3.956,-0.00517863,-0.00518024,0.00518032,0.00897156
4.003,-0.00391118,-0.00391026,0.00391024,0.00677329
4.055,-0.00231825,-0.00231779,0.00231778,0.00401479
timestamp,vx,vy,vz,vmag
0,-1.19608e-05,-1.19369e-05,1.19361e-05,2.06887e-05
0.021,2.10024e-05,2.10125e-05,3.1128e-05,4.303e-05
0.072,0.000445635,0.000445651,0.000444559,0.000771251
0.125,0.00115001,0.0011502,0.00114889,0.00199134
0.172,0.00206506,0.00206485,0.00206425,0.0035762
0.223,0.00330159,0.00330286,0.00330131,0.00571909
0.275,0.00504006,0.00503655,0.00503957,0.00872733
0.323,0.00597389,0.00597469,0.00597391,0.0103475
0.371,0.0071709,0.00716966,0.00717078,0.0124196
0.42,0.00841841,0.00842134,0.00841879,0.014583
0.473,0.0103388,0.0103262,0.0103376,0.0178994
0.52,0.0112736,0.0112767,0.0112741,0.0195285
0.571,0.012879,0.0128721,0.0128784,0.0223028
0.619,0.0140239,0.0140304,0.0140249,0.0242944
0.676,0.0164723,0.0163522,0.0164589,0.0284539
0.72,0.0170764,0.0169892,0.0170666,0.0295213
0.77,0.018526,0.0184245,0.0185144,0.0320228
0.819,0.0198275,0.0197617,0.0198197,0.0342998
0.875,0.0222676,0.0220996,0.0222463,0.0384595
0.923,0.0232292,0.0231252,0.0232156,0.0401664
0.97,0.0242826,0.0242145,0.0242728,0.0420138
1.022,0.0259914,0.0258887,0.0259767,0.0449507
1.075,0.0280795,0.027835,0.0280439,0.0484738
1.123,0.0290228,0.0288793,0.0290009,0.0501736
1.176,0.0309869,0.0307024,0.0309423,0.0534813
1.222,0.0317844,0.0316441,0.0317608,0.0549577
1.271,0.0331469,0.0330015,0.0331207,0.0573132
1.32,0.0343996,0.0343072,0.0343812,0.0595179
1.373,0.0364355,0.0361466,0.0363824,0.062911
1.423,0.0377287,0.0374985,0.0376848,0.06519
1.473,0.0393467,0.0390119,0.0392807,0.0679196
1.52,0.0401862,0.0400708,0.0401589,0.0695222
1.571,0.0418458,0.0416294,0.041797,0.0723261
1.621,0.0432346,0.0430475,0.0431904,0.0747511
1.672,0.0449633,0.0446204,0.044884,0.0776354
1.723,0.0464531,0.0461063,0.0463719,0.0802124
1.772,0.0478759,0.0474871,0.0477799,0.0826441
1.82,0.0488486,0.0486939,0.0488024,0.0844923
1.876,0.0508303,0.0500791,0.0506432,0.0875006
1.925,0.0514459,0.0508774,0.0512999,0.0886953
1.973,0.0516865,0.0511785,0.0515466,0.0891504
2.026,0.0519485,0.0514251,0.0518044,0.0895929
2.073,0.0520284,0.0515392,0.0518849,0.0897513
2.121,0.0519197,0.0517635,0.0518618,0.089804
2.172,0.0520759,0.051737,0.0519655,0.0899391
2.22,0.0519301,0.0518872,0.0519001,0.0899034
2.271,0.0517979,0.0516293,0.0517308,0.0895806
2.32,0.0514066,0.0513969,0.0513854,0.089021
2.375,0.0503696,0.0497239,0.0501599,0.0867501
2.423,0.0493443,0.0491122,0.0492581,0.0852832
2.475,0.0478249,0.0472792,0.0476395,0.082414
2.52,0.0468942,0.046993,0.0469088,0.0812886
2.571,0.0454154,0.0454192,0.0454008,0.0786556
2.621,0.0440345,0.0440707,0.0440322,0.0762896
2.674,0.0422662,0.0419808,0.0421586,0.0729806
2.723,0.0410132,0.0409169,0.0409697,0.0709563
2.771,0.0397055,0.0397476,0.0397083,0.0687979
2.824,0.0380369,0.0379005,0.0379809,0.0657709
2.872,0.0367017,0.0366728,0.0366823,0.0635413
2.922,0.0353194,0.0353274,0.0353144,0.0611768
2.975,0.0334332,0.0332131,0.0333473,0.0577316
3.025,0.0321404,0.0320108,0.032088,0.0555638
3.073,0.0307812,0.0307261,0.0307553,0.0532678
3.124,0.0293357,0.0292792,0.0293104,0.0507638
3.175,0.0276094,0.0274784,0.0275564,0.0477147
3.223,0.0265405,0.0265397,0.0265366,0.0459668
3.271,0.0252658,0.0253317,0.0252873,0.0438121
3.322,0.0237542,0.0237931,0.0237663,0.041173
3.374,0.0219408,0.0219114,0.0219272,0.0379777
3.424,0.0206435,0.0206403,0.0206405,0.0357521
3.472,0.0193426,0.0193814,0.0193561,0.0335326
3.521,0.0180899,0.0181526,0.0181131,0.0313822
3.572,0.0164302,0.0165116,0.0164613,0.0285229
3.621,0.0151619,0.0152932,0.0152131,0.0263668
3.673,0.0133829,0.0134569,0.0134117,0.0232393
3.722,0.012205,0.0122452,0.0122207,0.0211719
3.775,0.0102159,0.0102075,0.0102124,0.0176876
3.822,0.00933637,0.0093458,0.00934007,0.0161786
3.877,0.00732647,0.00732246,0.00732485,0.0126866
3.921,0.00657523,0.00658209,0.00657799,0.0113942
3.971,0.00509167,0.00509812,0.00509428,0.00882427
4.021,0.003638,0.00364267,0.00363989,0.00630499
4.071,0.00236811,0.00237197,0.00236968,0.00410483
timestamp,vx,vy,vz,vmag
0,7.93253e-06,7.96799e-06,7.94688e-06,1.37683e-05
0.027,-0.000135593,-0.000135583,-0.000135589,0.000234846
0.079,-0.000795284,-0.000795133,-0.000795223,0.00137735
0.13,-0.001537,-0.00153708,-0.00153703,0.00266223
0.177,-0.00254588,-0.00254564,-0.00254578,0.0044094
0.229,-0.00390624,-0.00390548,-0.00390593,0.00676519
0.279,-0.00544608,-0.00545033,-0.00544779,0.00943633
0.329,-0.00662579,-0.00662769,-0.00662655,0.0114777
0.377,-0.00790073,-0.00790699,-0.00790324,0.0136895
0.426,-0.00910584,-0.00910437,-0.00910524,0.0157706
0.48,-0.0112365,-0.0112729,-0.0112511,0.0194916
0.527,-0.012072,-0.0120951,-0.0120812,0.020928
0.58,-0.0140357,-0.0142004,-0.0141009,0.0244436
0.627,-0.0148868,-0.0150177,-0.0149384,0.0258902
0.675,-0.0161055,-0.0162121,-0.0161472,0.0279813
0.729,-0.0180129,-0.0181372,-0.018061,0.0312989
0.778,-0.0194716,-0.0196264,-0.0195311,0.0338497
0.827,-0.0206701,-0.0207799,-0.0207117,0.0358892
0.875,-0.0218906,-0.0219751,-0.0219219,0.0379825
0.925,-0.0233365,-0.023417,-0.0233659,0.0404834
0.977,-0.0250637,-0.0252396,-0.0251285,0.0435508
1.03,-0.0267311,-0.0269611,-0.0268154,0.0464814
1.077,-0.0279351,-0.028139,-0.0280084,0.0485453
1.126,-0.0292007,-0.0293318,-0.0292463,0.0506792
1.179,-0.0310744,-0.0314308,-0.031201,0.0541019
1.226,-0.0320801,-0.0322257,-0.032129,0.0556768
1.279,-0.033933,-0.0343419,-0.0340744,0.0590921
1.326,-0.0349598,-0.0351197,-0.0350115,0.0606745
1.378,-0.0366694,-0.0370482,-0.0367956,0.0638054
1.425,-0.037753,-0.0378706,-0.0377873,0.0654779
1.475,-0.0391893,-0.0393205,-0.0392263,0.067975
1.525,-0.0406379,-0.0407611,-0.0406713,0.0704774
1.577,-0.0422906,-0.0426471,-0.0423986,0.0735181
1.628,-0.0437589,-0.044104,-0.0438613,0.0760514
1.677,-0.0451627,-0.0455501,-0.0452746,0.0785129
1.727,-0.0465579,-0.0468514,-0.0466381,0.0808566
1.777,-0.0480355,-0.0484534,-0.0481498,0.0835077
1.828,-0.049358,-0.0497441,-0.0494604,0.0857731
1.877,-0.0502727,-0.0506734,-0.0503744,0.0873654
1.928,-0.0510196,-0.0513747,-0.0511063,0.088624
1.981,-0.0511646,-0.0519183,-0.0513588,0.0891686
2.028,-0.0515335,-0.0518403,-0.0516007,0.0894748
2.078,-0.0515695,-0.0520156,-0.0516698,0.089637
2.128,-0.0517275,-0.0520025,-0.0517814,0.0897848
2.178,-0.0516909,-0.052109,-0.0517773,0.0898231
2.227,-0.051768,-0.0519238,-0.0517879,0.0897663
2.275,-0.0516501,-0.0516023,-0.0516179,0.0894144
2.327,-0.0509905,-0.0510977,-0.0509971,0.0883839
2.376,-0.0500559,-0.0500749,-0.0500404,0.0867014
2.427,-0.0488089,-0.0488522,-0.0488009,0.0845599
2.476,-0.0476053,-0.0475767,-0.0475809,0.0824242
2.528,-0.0460294,-0.0461038,-0.0460294,0.0797682
2.578,-0.0444455,-0.044592,-0.0444593,0.0770745
2.624,-0.0438269,-0.0436254,-0.0437726,0.0757629
2.68,-0.0411989,-0.0414821,-0.0412395,0.0715458
2.728,-0.0403852,-0.0404113,-0.0403786,0.0699605
2.778,-0.0387666,-0.0388488,-0.03877,0.0671952
2.829,-0.0373724,-0.037431,-0.0373734,0.0647653
2.877,-0.0360972,-0.0360948,-0.0360875,0.0625152
2.925,-0.0350494,-0.034937,-0.0350229,0.0606272
2.977,-0.0332162,-0.0332056,-0.033207,0.0575207
3.025,-0.0321576,-0.0320565,-0.0321357,0.0556276
3.076,-0.030524,-0.0304641,-0.0305092,0.052826
3.126,-0.0291335,-0.0290694,-0.0291193,0.0504155
3.177,-0.0274485,-0.0274266,-0.0274409,0.0475252
3.228,-0.025985,-0.0259688,-0.0259792,0.0449946
3.277,-0.0245633,-0.0245379,-0.0245566,0.0425263
3.329,-0.0229726,-0.0229697,-0.0229697,0.0397863
3.376,-0.0218578,-0.0218086,-0.0218492,0.0378254
3.425,-0.020594,-0.0205245,-0.0205837,0.0356238
3.477,-0.0188184,-0.0187338,-0.0188071,0.0325391
3.529,-0.0172405,-0.0171522,-0.0172294,0.0298041
3.579,-0.0155612,-0.0155395,-0.0155579,0.0269384
3.626,-0.0146831,-0.0146507,-0.014679,0.0254108
3.678,-0.012834,-0.012833,-0.0128334,0.0222282
3.726,-0.0117855,-0.0117751,-0.0117841,0.0204062
3.782,-0.00960205,-0.00961262,-0.00960289,0.0166378
3.825,-0.00901583,-0.00900914,-0.00901496,0.0156115
3.879,-0.00688858,-0.0068919,-0.00688879,0.0119334
3.928,-0.00576884,-0.00576931,-0.0057688,0.00999217
3.978,-0.00417389,-0.00417248,-0.00417369,0.00722845
4.029,-0.00270896,-0.00270828,-0.00270885,0.0046916
